audio_file|text
/hpc_stor03/sjtu_home/chaolei.liu/data/tts/LibriTTS/train-clean-100/7367/86737/7367_86737_000121_000007.wav|Teresa was sixteen, and Vampa seventeen.
/hpc_stor03/sjtu_home/chaolei.liu/data/tts/LibriTTS/train-clean-100/5463/39174/5463_39174_000076_000001.wav|"""Of all my own acquaintance, Mrs. Crawley, I think, comes nearest to heroism."""
/hpc_stor03/sjtu_home/chaolei.liu/data/tts/LibriTTS/train-clean-100/201/122255/201_122255_000046_000004.wav|"His name is Little John, and mine Robin Hood."""
/hpc_stor03/sjtu_home/chaolei.liu/data/tts/LibriTTS/train-clean-100/7148/82991/7148_82991_000031_000001.wav|"""Why, Mark, you are clean crazed!"""
/hpc_stor03/sjtu_home/chaolei.liu/data/tts/LibriTTS/train-clean-100/254/27760/254_27760_000008_000000.wav|"""Won't we take some snuff?"" he asks, holding out his snuff-box to the women."
/hpc_stor03/sjtu_home/chaolei.liu/data/tts/LibriTTS/train-clean-100/2518/154825/2518_154825_000021_000000.wav|Then he told me to stop, for that the way grew wider and he would pick me up again.
/hpc_stor03/sjtu_home/chaolei.liu/data/tts/LibriTTS/train-clean-100/5789/57158/5789_57158_000034_000002.wav|"I can explain it all to her and she will understand me."" She hardly meant to reproach him."
/hpc_stor03/sjtu_home/chaolei.liu/data/tts/LibriTTS/train-clean-100/4406/16883/4406_16883_000016_000023.wav|So like were these barbarous creatures to him who was a liar from the beginning.
/hpc_stor03/sjtu_home/chaolei.liu/data/tts/LibriTTS/train-clean-100/32/21634/32_21634_000005_000004.wav|But no one seemed to care about that.
/hpc_stor03/sjtu_home/chaolei.liu/data/tts/LibriTTS/train-clean-100/4859/26870/4859_26870_000013_000000.wav|"""Today--it was the same affair."
/hpc_stor03/sjtu_home/chaolei.liu/data/tts/LibriTTS/train-clean-100/1743/142912/1743_142912_000012_000001.wav|"""There wouldn't be any honey if I did."
/hpc_stor03/sjtu_home/chaolei.liu/data/tts/LibriTTS/train-clean-100/446/123501/446_123501_000002_000001.wav|I knew that I was on Mars; not once did I question either my sanity or my wakefulness.
/hpc_stor03/sjtu_home/chaolei.liu/data/tts/LibriTTS/train-clean-100/831/130746/831_130746_000005_000004.wav|Down the passage to the bedroom.
/hpc_stor03/sjtu_home/chaolei.liu/data/tts/LibriTTS/train-clean-100/909/131044/909_131044_000012_000007.wav|In either case, feebleness and irresolution must be the characteristics of the station.
/hpc_stor03/sjtu_home/chaolei.liu/data/tts/LibriTTS/train-clean-100/4853/29413/4853_29413_000038_000003.wav|He turned pale when he felt the floor shaken by your fall.
/hpc_stor03/sjtu_home/chaolei.liu/data/tts/LibriTTS/train-clean-100/26/495/26_495_000007_000002.wav|But it seems that the Government had a true account of it, and several councils were held about ways to prevent its coming over; but all was kept very private.
/hpc_stor03/sjtu_home/chaolei.liu/data/tts/LibriTTS/train-clean-100/6209/34600/6209_34600_000014_000000.wav|What a man feels a child feels still more.
/hpc_stor03/sjtu_home/chaolei.liu/data/tts/LibriTTS/train-clean-100/302/123523/302_123523_000013_000000.wav|Thrusting Sab Than headlong from the platform, I drew Dejah Thoris to my side.
/hpc_stor03/sjtu_home/chaolei.liu/data/tts/LibriTTS/train-clean-100/669/129074/669_129074_000070_000000.wav|The Colonel's brow darkened at this.
/hpc_stor03/sjtu_home/chaolei.liu/data/tts/LibriTTS/train-clean-100/5867/48852/5867_48852_000049_000001.wav|"Besides, I should have to come back by myself."""
/hpc_stor03/sjtu_home/chaolei.liu/data/tts/LibriTTS/train-clean-100/7278/91083/7278_91083_000025_000004.wav|He gives free excursions to poor children, a dinner annually to the newsboys, and aids hundreds who are in need of an education.
/hpc_stor03/sjtu_home/chaolei.liu/data/tts/LibriTTS/train-clean-100/211/122442/211_122442_000101_000000.wav|"""Above all things be always on your guard."
/hpc_stor03/sjtu_home/chaolei.liu/data/tts/LibriTTS/train-clean-100/229/130880/229_130880_000039_000000.wav|"""Oh!"" I said ""You know about--"""
/hpc_stor03/sjtu_home/chaolei.liu/data/tts/LibriTTS/train-clean-100/5561/41616/5561_41616_000045_000001.wav|Reddy circled about the victors almost too delighted for words.
/hpc_stor03/sjtu_home/chaolei.liu/data/tts/LibriTTS/train-clean-100/7059/77897/7059_77897_000041_000000.wav|"""Jack's learning to be superintendent,"" said Mrs. Wilmington, lifting her teasing voice to make him hear her in the hall, ""and he's been spending the whole morning here."""
/hpc_stor03/sjtu_home/chaolei.liu/data/tts/LibriTTS/train-clean-100/625/132112/625_132112_000007_000003.wav|"""I don't know,--what is it, Sam?"""
/hpc_stor03/sjtu_home/chaolei.liu/data/tts/LibriTTS/train-clean-100/226/122538/226_122538_000038_000000.wav|Jane pulled off her gloves, swallowed suddenly, then gripped the doctor's knee.
/hpc_stor03/sjtu_home/chaolei.liu/data/tts/LibriTTS/train-clean-100/3235/28433/3235_28433_000003_000003.wav|My hope was to meet my father there, for he had written that he thought he should go to the new gold fields, where he could do beach mining.
/hpc_stor03/sjtu_home/chaolei.liu/data/tts/LibriTTS/train-clean-100/89/219/89_219_000006_000002.wav|"Mamma says I am never within."""
/hpc_stor03/sjtu_home/chaolei.liu/data/tts/LibriTTS/train-clean-100/3983/5331/3983_5331_000079_000000.wav|Mr. Carlyle knew her and her resolute expression well, and he took his course, to tell her the truth.
/hpc_stor03/sjtu_home/chaolei.liu/data/tts/LibriTTS/train-clean-100/2416/152137/2416_152137_000034_000001.wav|At the worst, there was one mitigating factor in it all.
/hpc_stor03/sjtu_home/chaolei.liu/data/tts/LibriTTS/train-clean-100/8419/286676/8419_286676_000006_000000.wav|The Yellow Brown Frog wished that the Adders could be scared, badly scared, some time: so scared that a chilly feeling would run down their backs from their heads clear to the tips of their tails.
/hpc_stor03/sjtu_home/chaolei.liu/data/tts/LibriTTS/train-clean-100/5322/7680/5322_7680_000032_000001.wav|'Look! that's where you lost your way,' he added, 'you should have turned to the right.'
/hpc_stor03/sjtu_home/chaolei.liu/data/tts/LibriTTS/train-clean-100/7635/105409/7635_105409_000061_000004.wav|"Do not delay--and obey these instructions implicitly."""
/hpc_stor03/sjtu_home/chaolei.liu/data/tts/LibriTTS/train-clean-100/7302/86814/7302_86814_000013_000003.wav|Some voices were heard to say that the gentleman was right; that he intended to be civil, in his way, and that they would set the example of liberty of conscience,--and the mob retired.
/hpc_stor03/sjtu_home/chaolei.liu/data/tts/LibriTTS/train-clean-100/4160/14187/4160_14187_000011_000000.wav|I ran down the stairs and met Thorndyke coming up slowly with his right hand on Polton's shoulder.
/hpc_stor03/sjtu_home/chaolei.liu/data/tts/LibriTTS/train-clean-100/8088/284756/8088_284756_000003_000000.wav|"""Hello!"" I snapped ungraciously into the mouthpiece."
/hpc_stor03/sjtu_home/chaolei.liu/data/tts/LibriTTS/train-clean-100/4018/103416/4018_103416_000065_000001.wav|"Promise me you won't go."""
/hpc_stor03/sjtu_home/chaolei.liu/data/tts/LibriTTS/train-clean-100/3947/13262/3947_13262_000022_000003.wav|"At last Rollin said: ""I thank you."
/hpc_stor03/sjtu_home/chaolei.liu/data/tts/LibriTTS/train-clean-100/1502/122619/1502_122619_000037_000000.wav|"""There have been strange moccasins about my camp."
/hpc_stor03/sjtu_home/chaolei.liu/data/tts/LibriTTS/train-clean-100/7113/86041/7113_86041_000014_000000.wav|And now all went cheerfully in the castle.
/hpc_stor03/sjtu_home/chaolei.liu/data/tts/LibriTTS/train-clean-100/405/130895/405_130895_000067_000001.wav|These were suckerfish from the third family of the subbrachian Malacopterygia.
/hpc_stor03/sjtu_home/chaolei.liu/data/tts/LibriTTS/train-clean-100/7402/59171/7402_59171_000010_000008.wav|"""When I present true human nature,"" he observes in one of the many passages in which he justifies himself, ""the audience thinks it is being made fun of."
/hpc_stor03/sjtu_home/chaolei.liu/data/tts/LibriTTS/train-clean-100/3723/171115/3723_171115_000003_000001.wav|In the mean time, Herod's affairs in Judea were in an ill state.
/hpc_stor03/sjtu_home/chaolei.liu/data/tts/LibriTTS/train-clean-100/696/92939/696_92939_000023_000003.wav|Death, she said, was well known to her, and she had seen it so often that it was not strange or fearful to her.
/hpc_stor03/sjtu_home/chaolei.liu/data/tts/LibriTTS/train-clean-100/7264/92310/7264_92310_000012_000006.wav|The type is the common modern type.
/hpc_stor03/sjtu_home/chaolei.liu/data/tts/LibriTTS/train-clean-100/39/121914/39_121914_000025_000000.wav|"""I am very glad I did think of her."
/hpc_stor03/sjtu_home/chaolei.liu/data/tts/LibriTTS/train-clean-100/7078/271888/7078_271888_000063_000001.wav|"Please don't alter it,"" urged the artist; who, advancing to his easel again, continued the free, rapid outline."
/hpc_stor03/sjtu_home/chaolei.liu/data/tts/LibriTTS/train-clean-100/40/121026/40_121026_000018_000000.wav|"""Ah, yes,"" said Faria; ""the penknife."
/hpc_stor03/sjtu_home/chaolei.liu/data/tts/LibriTTS/train-clean-100/3807/4923/3807_4923_000021_000002.wav|He began to think that he was the victim of a nightmare.
/hpc_stor03/sjtu_home/chaolei.liu/data/tts/LibriTTS/train-clean-100/7067/76048/7067_76048_000044_000010.wav|I want a world in order, a disciplined mankind going on to greater things.
/hpc_stor03/sjtu_home/chaolei.liu/data/tts/LibriTTS/train-clean-100/1841/179183/1841_179183_000019_000002.wav|When I think of hills, I think of the upward strength I tread upon.
/hpc_stor03/sjtu_home/chaolei.liu/data/tts/LibriTTS/train-clean-100/5192/19396/5192_19396_000029_000000.wav|By all that is priestly!
/hpc_stor03/sjtu_home/chaolei.liu/data/tts/LibriTTS/train-clean-100/5339/14134/5339_14134_000041_000006.wav|Coming along it, and so meeting him, advanced Daniel Robson, in earnest talk with Charley Kinraid.
/hpc_stor03/sjtu_home/chaolei.liu/data/tts/LibriTTS/train-clean-100/3240/131231/3240_131231_000054_000002.wav|Something else apart from our three main interests is a phenomenon that looks like what one might call an alternating series of falls of fishes, whatever the significance may be:
/hpc_stor03/sjtu_home/chaolei.liu/data/tts/LibriTTS/train-clean-100/2136/5143/2136_5143_000055_000002.wav|Let us talk of something else.'
/hpc_stor03/sjtu_home/chaolei.liu/data/tts/LibriTTS/train-clean-100/2391/145015/2391_145015_000042_000003.wav|Heathen mythology celebrated it in the three Fates spinning and measuring out the thread of human life.
/hpc_stor03/sjtu_home/chaolei.liu/data/tts/LibriTTS/train-clean-100/6848/76049/6848_76049_000011_000000.wav|"""I ought to see more of her,"" he thought."
/hpc_stor03/sjtu_home/chaolei.liu/data/tts/LibriTTS/train-clean-100/8630/305212/8630_305212_000003_000003.wav|There was the wild excitement, too, of the daring; the fear that they might be caught in the act.
/hpc_stor03/sjtu_home/chaolei.liu/data/tts/LibriTTS/train-clean-100/5808/54425/5808_54425_000010_000014.wav|Finally he took a turn for the better that endured so long that Hattie Sterling again gave him her faith.
/hpc_stor03/sjtu_home/chaolei.liu/data/tts/LibriTTS/train-clean-100/2843/152918/2843_152918_000001_000014.wav|All the qualities that I most admire in a man were clearly shown at that juncture: courage and dauntlessness, without boasting or big words.
/hpc_stor03/sjtu_home/chaolei.liu/data/tts/LibriTTS/train-clean-100/8747/293952/8747_293952_000097_000000.wav|She was angry with herself because she felt that in speaking of Conniston she had colored.
/hpc_stor03/sjtu_home/chaolei.liu/data/tts/LibriTTS/train-clean-100/6531/61334/6531_61334_000013_000003.wav|The Assyrian war-lord, however, proved to be too powerful a rival.
/hpc_stor03/sjtu_home/chaolei.liu/data/tts/LibriTTS/train-clean-100/6272/70171/6272_70171_000026_000001.wav|"I wish Hepsey would not load our table as she does."""
/hpc_stor03/sjtu_home/chaolei.liu/data/tts/LibriTTS/train-clean-100/87/121553/87_121553_000030_000000.wav|Silent and wakeful many a time was he Discovered by his nurse upon the ground, As if he would have said, 'For this I came.'
/hpc_stor03/sjtu_home/chaolei.liu/data/tts/LibriTTS/train-clean-100/6415/111615/6415_111615_000020_000002.wav|It is a task not a whit less worthy, less painful, or less baffling than that of the most conscientious novelist.
/hpc_stor03/sjtu_home/chaolei.liu/data/tts/LibriTTS/train-clean-100/4640/19188/4640_19188_000034_000001.wav|"Go.""--""It is your duty rather,"" retorted the man, ""you have two sisters whom you maintain.""--And an unprecedented controversy broke forth."
/hpc_stor03/sjtu_home/chaolei.liu/data/tts/LibriTTS/train-clean-100/83/11691/83_11691_000000_000004.wav|Roger Scurvilegs frankly breaks down over it.
/hpc_stor03/sjtu_home/chaolei.liu/data/tts/LibriTTS/train-clean-100/3436/172171/3436_172171_000010_000009.wav|And as he did not tell him the meaning of what he saw, he forebore to ask him concerning it.
/hpc_stor03/sjtu_home/chaolei.liu/data/tts/LibriTTS/train-clean-100/6064/56168/6064_56168_000039_000002.wav|"I can hardly wait for Saturday."""
/hpc_stor03/sjtu_home/chaolei.liu/data/tts/LibriTTS/train-clean-100/6563/285357/6563_285357_000010_000000.wav|Although the Zeppelin was accepted as a perfect machine it has never been possible to disperse the atmosphere of disaster with which it has been enveloped from the first.
/hpc_stor03/sjtu_home/chaolei.liu/data/tts/LibriTTS/train-clean-100/196/122159/196_122159_000007_000000.wav|"'""Well, I wasn't,"" he said courageously."
/hpc_stor03/sjtu_home/chaolei.liu/data/tts/LibriTTS/train-clean-100/1594/135914/1594_135914_000036_000005.wav|He then descended from his throne, and causing only Ganem and the grand vizier, follow him, retired into his own apartment.
/hpc_stor03/sjtu_home/chaolei.liu/data/tts/LibriTTS/train-clean-100/5456/24741/5456_24741_000005_000001.wav|The idea of every mode, in which the human body is affected by external bodies, must involve the nature of the human body, and also the nature of the external body.
/hpc_stor03/sjtu_home/chaolei.liu/data/tts/LibriTTS/train-clean-100/307/127535/307_127535_000036_000001.wav|"J. F., and a score below, with a clove hitch to it; so he done ever."""
/hpc_stor03/sjtu_home/chaolei.liu/data/tts/LibriTTS/train-clean-100/6081/41997/6081_41997_000043_000006.wav|"But they were hurrying away as fast as they could."""
/hpc_stor03/sjtu_home/chaolei.liu/data/tts/LibriTTS/train-clean-100/6000/55211/6000_55211_000070_000001.wav|And then--won't you keep it for me--here?
/hpc_stor03/sjtu_home/chaolei.liu/data/tts/LibriTTS/train-clean-100/6925/80680/6925_80680_000012_000000.wav|'As you like,' answered the queen, 'there isn't any doubt which it was.'
/hpc_stor03/sjtu_home/chaolei.liu/data/tts/LibriTTS/train-clean-100/5652/19215/5652_19215_000008_000000.wav|Jean Valjean did everything, smoothed away every difficulty, arranged everything, made everything easy.
/hpc_stor03/sjtu_home/chaolei.liu/data/tts/LibriTTS/train-clean-100/1034/121119/1034_121119_000061_000000.wav|"""No one; his parents are unknown."""
/hpc_stor03/sjtu_home/chaolei.liu/data/tts/LibriTTS/train-clean-100/6385/34669/6385_34669_000025_000001.wav|But one step to descend, and Homo in a bound, and Gwynplaine in a stride, were on board.
/hpc_stor03/sjtu_home/chaolei.liu/data/tts/LibriTTS/train-clean-100/6019/3185/6019_3185_000019_000000.wav|"""Blending the nature of the star With that of summer skies;"""
/hpc_stor03/sjtu_home/chaolei.liu/data/tts/LibriTTS/train-clean-100/1235/135884/1235_135884_000001_000000.wav|The Story of the First Old Man and the Hind.
/hpc_stor03/sjtu_home/chaolei.liu/data/tts/LibriTTS/train-clean-100/4680/16042/4680_16042_000016_000004.wav|Had he not given her his word of honor that he would die?
/hpc_stor03/sjtu_home/chaolei.liu/data/tts/LibriTTS/train-clean-100/250/142286/250_142286_000027_000001.wav|Who are these Hales that he makes such a fuss about?'
/hpc_stor03/sjtu_home/chaolei.liu/data/tts/LibriTTS/train-clean-100/7800/283478/7800_283478_000053_000000.wav|"""What's Uncle Felix got to do with it?"" demanded Jerry."
/hpc_stor03/sjtu_home/chaolei.liu/data/tts/LibriTTS/train-clean-100/3214/167606/3214_167606_000023_000000.wav|"""Well then, sell it,"" said he."
/hpc_stor03/sjtu_home/chaolei.liu/data/tts/LibriTTS/train-clean-100/7312/92432/7312_92432_000009_000002.wav|I did so without delay, and found her lying on a sofa, pale and trembling, evidently much exhausted.
/hpc_stor03/sjtu_home/chaolei.liu/data/tts/LibriTTS/train-clean-100/4267/72637/4267_72637_000035_000000.wav|She withdrew entirely now, all but her hand, and her eyes sought the ground.
/hpc_stor03/sjtu_home/chaolei.liu/data/tts/LibriTTS/train-clean-100/4051/11218/4051_11218_000002_000001.wav|"""A crop of armed men never fails to spring up, when the dragon's teeth have been sown."""
/hpc_stor03/sjtu_home/chaolei.liu/data/tts/LibriTTS/train-clean-100/2817/142380/2817_142380_000021_000005.wav|"No amount of torture that you could inflict on him could benefit her."""
/hpc_stor03/sjtu_home/chaolei.liu/data/tts/LibriTTS/train-clean-100/7447/91186/7447_91186_000026_000003.wav|Living in genial surroundings, he was never forced to struggle, and although he climbed through flowery paths, he never reached the goal he longed for until his heart broke.
/hpc_stor03/sjtu_home/chaolei.liu/data/tts/LibriTTS/train-clean-100/8226/274369/8226_274369_000018_000003.wav|For this reason they protested against all laws, votes, and resolutions, as null and invalid, which should pass during the time of their constrained absence.
/hpc_stor03/sjtu_home/chaolei.liu/data/tts/LibriTTS/train-clean-100/3664/178366/3664_178366_000011_000000.wav|The next few days I spent in viewing the sights of New York, everything being new and startling, convincing me that as yet I had seen but a small portion of the world.
/hpc_stor03/sjtu_home/chaolei.liu/data/tts/LibriTTS/train-clean-100/3259/158083/3259_158083_000128_000000.wav|Persons convicted in the District for acts committed in violation of District law were transported to Virginia-alien territory-to serve their terms.
/hpc_stor03/sjtu_home/chaolei.liu/data/tts/LibriTTS/train-clean-100/460/172359/460_172359_000026_000004.wav|You could see, as I saw, the night express going north every evening; for all one knew Rockefeller or Carnegie or anyone might be on it!
/hpc_stor03/sjtu_home/chaolei.liu/data/tts/LibriTTS/train-clean-100/887/123291/887_123291_000022_000000.wav|It was not to be done.
/hpc_stor03/sjtu_home/chaolei.liu/data/tts/LibriTTS/train-clean-100/7517/100429/7517_100429_000006_000008.wav|Aldenham may know, but we his guests do not.
/hpc_stor03/sjtu_home/chaolei.liu/data/tts/LibriTTS/train-clean-100/412/126975/412_126975_000087_000006.wav|Harry Burke started his free money movement sincerely enough; now he's sponging on a half-starved sister for endless brandies and sodas.
/hpc_stor03/sjtu_home/chaolei.liu/data/tts/LibriTTS/train-clean-100/2384/152900/2384_152900_000020_000001.wav|There is not a speck of rust on needles, scissors, knives, or anything else, although they have been exposed to much damp.
/hpc_stor03/sjtu_home/chaolei.liu/data/tts/LibriTTS/train-clean-100/4088/158077/4088_158077_000103_000006.wav|It decided to bring the offenders to trial.
/hpc_stor03/sjtu_home/chaolei.liu/data/tts/LibriTTS/train-clean-100/481/123720/481_123720_000043_000003.wav|My schoolfellows met me with spiteful and merciless jibes because I was not like any of them.
/hpc_stor03/sjtu_home/chaolei.liu/data/tts/LibriTTS/train-clean-100/4788/94904/4788_94904_000005_000001.wav|The third is when the people want either the will or the capacity to fulfill the part which belongs to them in a representative constitution.
/hpc_stor03/sjtu_home/chaolei.liu/data/tts/LibriTTS/train-clean-100/1970/26100/1970_26100_000024_000003.wav|"But her first weird cry had to do with the murder, I'm sure."""
/hpc_stor03/sjtu_home/chaolei.liu/data/tts/LibriTTS/train-clean-100/103/1241/103_1241_000034_000002.wav|I never expected I would, though.
/hpc_stor03/sjtu_home/chaolei.liu/data/tts/LibriTTS/train-clean-100/8098/278252/8098_278252_000026_000001.wav|In front of two hotels, a block apart, stood their proprietors waving hats and arms, and calling to me to be their guest.
/hpc_stor03/sjtu_home/chaolei.liu/data/tts/LibriTTS/train-clean-100/8580/287364/8580_287364_000029_000000.wav|"""Threaten to drop him overboard."
/hpc_stor03/sjtu_home/chaolei.liu/data/tts/LibriTTS/train-clean-100/5678/43303/5678_43303_000024_000000.wav|"""He will, will he not?"
/hpc_stor03/sjtu_home/chaolei.liu/data/tts/LibriTTS/train-clean-100/289/121665/289_121665_000022_000000.wav|"""Of course; do not the sheep know you?"""
/hpc_stor03/sjtu_home/chaolei.liu/data/tts/LibriTTS/train-clean-100/8063/274112/8063_274112_000172_000000.wav|"""Do you like the country?"""
/hpc_stor03/sjtu_home/chaolei.liu/data/tts/LibriTTS/train-clean-100/7859/102519/7859_102519_000003_000001.wav|He attacked them suddenly, inflicted several defeats on their king, and took no less than thirty thousand prisoners, whom he sent over to Asia, and forced to enlist in the army of Armenia.
/hpc_stor03/sjtu_home/chaolei.liu/data/tts/LibriTTS/train-clean-100/374/180299/374_180299_000003_000000.wav|"""I am going to Bougival with the duke; be at Prudence's to-night at eight."""
/hpc_stor03/sjtu_home/chaolei.liu/data/tts/LibriTTS/train-clean-100/3242/67153/3242_67153_000025_000001.wav|But habits of thought ain't the only thing a fellow picks up at college.
/hpc_stor03/sjtu_home/chaolei.liu/data/tts/LibriTTS/train-clean-100/4898/20016/4898_20016_000007_000001.wav|But he was not easily to be daunted.
/hpc_stor03/sjtu_home/chaolei.liu/data/tts/LibriTTS/train-clean-100/6367/74004/6367_74004_000039_000000.wav|"""Well, you know the Old Fellow isn't a bad sort after all,"" said Ruggles, ""and he's really awfully gone on her."
/hpc_stor03/sjtu_home/chaolei.liu/data/tts/LibriTTS/train-clean-100/2836/5354/2836_5354_000044_000000.wav|"""I cannot do otherwise,"" he answered."
/hpc_stor03/sjtu_home/chaolei.liu/data/tts/LibriTTS/train-clean-100/403/128339/403_128339_000012_000001.wav|"""An enemy to the Republic!"""
/hpc_stor03/sjtu_home/chaolei.liu/data/tts/LibriTTS/train-clean-100/118/47824/118_47824_000089_000000.wav|A strange man appeared, walking from the direction of the house.
/hpc_stor03/sjtu_home/chaolei.liu/data/tts/LibriTTS/train-clean-100/7178/34645/7178_34645_000012_000004.wav|He even went so far as to justify him.
/hpc_stor03/sjtu_home/chaolei.liu/data/tts/LibriTTS/train-clean-100/248/130652/248_130652_000015_000001.wav|"""Why did you ask the Gogoffs?"
/hpc_stor03/sjtu_home/chaolei.liu/data/tts/LibriTTS/train-clean-100/6181/216552/6181_216552_000013_000000.wav|The German Ancillon replies thus:--
/hpc_stor03/sjtu_home/chaolei.liu/data/tts/LibriTTS/train-clean-100/19/227/19_227_000004_000003.wav|"I did not quite like, at breakfast, to hear you talk so much about the French bread at Northanger."""
/hpc_stor03/sjtu_home/chaolei.liu/data/tts/LibriTTS/train-clean-100/1355/39947/1355_39947_000005_000019.wav|"I tried whiskey, but it gave relief only for about half an hour and then the desire was worse than ever."""
/hpc_stor03/sjtu_home/chaolei.liu/data/tts/LibriTTS/train-clean-100/1898/145702/1898_145702_000017_000000.wav|'Indeed! three soldiers!' said she.
/hpc_stor03/sjtu_home/chaolei.liu/data/tts/LibriTTS/train-clean-100/2514/149482/2514_149482_000011_000000.wav|"""Ah there you are!"" said Kate with much gay expression, though what it expressed he failed at the time to make out."
/hpc_stor03/sjtu_home/chaolei.liu/data/tts/LibriTTS/train-clean-100/8238/274553/8238_274553_000013_000000.wav|As Hermann completed this equivocal sentence, all eyes were turned upon the Baron.
/hpc_stor03/sjtu_home/chaolei.liu/data/tts/LibriTTS/train-clean-100/1334/135589/1334_135589_000093_000000.wav|This is all that we have been able to collect relative to the several parties; and so now we must say farewell.
/hpc_stor03/sjtu_home/chaolei.liu/data/tts/LibriTTS/train-clean-100/4362/15663/4362_15663_000029_000001.wav|The mealy snow sifted into the folds of our clothing and in many places reached the skin.
/hpc_stor03/sjtu_home/chaolei.liu/data/tts/LibriTTS/train-clean-100/1926/147987/1926_147987_000004_000001.wav|"I could n't sleep much last night."" She hesitated, and then told us how strangely Mr. Cutter had behaved before he went away."
/hpc_stor03/sjtu_home/chaolei.liu/data/tts/LibriTTS/train-clean-100/3699/19402/3699_19402_000034_000000.wav|My uncle Toby look'd earnestly towards his cottage and his bowling-green.
/hpc_stor03/sjtu_home/chaolei.liu/data/tts/LibriTTS/train-clean-100/6880/216547/6880_216547_000007_000000.wav|The following letter served as a preface to the first edition of this memoir:--
/hpc_stor03/sjtu_home/chaolei.liu/data/tts/LibriTTS/train-clean-100/4340/15220/4340_15220_000077_000001.wav|"We must have gone by them somewhere, for I don't see any one that way, and there isn't any other road to the circus, seems to me."""
/hpc_stor03/sjtu_home/chaolei.liu/data/tts/LibriTTS/train-clean-100/3879/174923/3879_174923_000034_000008.wav|An ineffable misery fell upon me and upon my wretched husband.
/hpc_stor03/sjtu_home/chaolei.liu/data/tts/LibriTTS/train-clean-100/6078/54013/6078_54013_000075_000000.wav|Not a Pin to Choose.
/hpc_stor03/sjtu_home/chaolei.liu/data/tts/LibriTTS/train-clean-100/3830/12531/3830_12531_000008_000001.wav|I had neither coat nor blanket. I wore a heavy woolen shirt, a slouch hat, and worn shoes; both hat and shoes gave ample ventilation.
/hpc_stor03/sjtu_home/chaolei.liu/data/tts/LibriTTS/train-clean-100/2436/2477/2436_2477_000031_000000.wav|"""Why do you look so furtive?"" she retorted."
/hpc_stor03/sjtu_home/chaolei.liu/data/tts/LibriTTS/train-clean-100/322/124146/322_124146_000029_000006.wav|Not that I have much pleasure, indeed, in talking to anybody.
/hpc_stor03/sjtu_home/chaolei.liu/data/tts/LibriTTS/train-clean-100/458/126290/458_126290_000005_000001.wav|She said to the mouse: 'You must do me a favour, and once more manage the house for a day alone.
/hpc_stor03/sjtu_home/chaolei.liu/data/tts/LibriTTS/train-clean-100/8797/294123/8797_294123_000009_000006.wav|Everywhere a toiling population was in evidence.
/hpc_stor03/sjtu_home/chaolei.liu/data/tts/LibriTTS/train-clean-100/7505/258958/7505_258958_000008_000006.wav|Even the birds and the beasts adjust their lives to it either by travel or by toil.
/hpc_stor03/sjtu_home/chaolei.liu/data/tts/LibriTTS/train-clean-100/2182/181173/2182_181173_000016_000000.wav|Mr. Hobbs blew his nose very loudly again.
/hpc_stor03/sjtu_home/chaolei.liu/data/tts/LibriTTS/train-clean-100/3440/171009/3440_171009_000043_000001.wav|"""I do believe he's just the crossest man alive!"
/hpc_stor03/sjtu_home/chaolei.liu/data/tts/LibriTTS/train-clean-100/3486/166446/3486_166446_000076_000000.wav|I saw Norhala draw herself up, sharply; stand listening and alert.
/hpc_stor03/sjtu_home/chaolei.liu/data/tts/LibriTTS/train-clean-100/1069/133699/1069_133699_000039_000001.wav|I see his face now, and his earnest absorbed look while I talked.
/hpc_stor03/sjtu_home/chaolei.liu/data/tts/LibriTTS/train-clean-100/4441/76263/4441_76263_000029_000000.wav|"""Poor devil!"" muttered Sellen, covering him up with his rug."
/hpc_stor03/sjtu_home/chaolei.liu/data/tts/LibriTTS/train-clean-100/1098/133695/1098_133695_000003_000008.wav|Isabel always felt an impulse to pull out the pins; not that she imagined they inflicted any damage on the tough old parchment, but because it seemed to her her aunt might make better use of her sharpness.
/hpc_stor03/sjtu_home/chaolei.liu/data/tts/LibriTTS/train-clean-100/4137/11702/4137_11702_000059_000001.wav|"Perhaps that bull I was speaking of---- By the way, who is he?"""
/hpc_stor03/sjtu_home/chaolei.liu/data/tts/LibriTTS/train-clean-100/8051/118101/8051_118101_000014_000007.wav|Stephen's parents were dead; one brother was the only near relative he left in chains.
/hpc_stor03/sjtu_home/chaolei.liu/data/tts/LibriTTS/train-clean-100/233/155990/233_155990_000003_000001.wav|During our generation this seems to have been peculiarly the case among the men who have become obsessed with the idea of obtaining universal peace by some cheap patent panacea.
/hpc_stor03/sjtu_home/chaolei.liu/data/tts/LibriTTS/train-clean-100/78/369/78_369_000028_000004.wav|The only joy that he can now know will be when he composes his shattered spirit to peace and death.
/hpc_stor03/sjtu_home/chaolei.liu/data/tts/LibriTTS/train-clean-100/6147/34606/6147_34606_000004_000018.wav|Lord David flung himself into the abyss of no longer wearing a wig.
/hpc_stor03/sjtu_home/chaolei.liu/data/tts/LibriTTS/train-clean-100/1040/133433/1040_133433_000145_000000.wav|"""Yes, and the little girl in the bed is my baby."""
/hpc_stor03/sjtu_home/chaolei.liu/data/tts/LibriTTS/train-clean-100/1624/168623/1624_168623_000024_000000.wav|What takes place within these souls when they have but just quitted God, find themselves thus, at the very dawn of life, very small and in the midst of men all naked!
/hpc_stor03/sjtu_home/chaolei.liu/data/tts/LibriTTS/train-clean-100/426/122821/426_122821_000011_000001.wav|I couldn't get the older ones to do so, but the third class answered quite freely.
/hpc_stor03/sjtu_home/chaolei.liu/data/tts/LibriTTS/train-clean-100/1246/135815/1246_135815_000017_000004.wav|There were one or two other little rooms, and there were two branch tunnels leading up to the surface of the ground, making side or back doorways.
/hpc_stor03/sjtu_home/chaolei.liu/data/tts/LibriTTS/train-clean-100/7226/86964/7226_86964_000010_000001.wav|Here, the high banks had receded, with several miles of heavily wooded, boggy bottoms intervening.
/hpc_stor03/sjtu_home/chaolei.liu/data/tts/LibriTTS/train-clean-100/8324/286682/8324_286682_000004_000003.wav|When they hunted on land, they could tell by smelling just which way to go for their food.
/hpc_stor03/sjtu_home/chaolei.liu/data/tts/LibriTTS/train-clean-100/2893/139322/2893_139322_000017_000002.wav|Here was the smell of tanning, and here the reek of a brewery, and here unprecedented reeks.
/hpc_stor03/sjtu_home/chaolei.liu/data/tts/LibriTTS/train-clean-100/5514/19193/5514_19193_000018_000002.wav|The four cannons echoed each other mournfully.
/hpc_stor03/sjtu_home/chaolei.liu/data/tts/LibriTTS/train-clean-100/1578/140045/1578_140045_000037_000001.wav|"""I don't see what makes you do it."
/hpc_stor03/sjtu_home/chaolei.liu/data/tts/LibriTTS/train-clean-100/4214/7146/4214_7146_000056_000000.wav|Marilla had changed her mind about it being all right by the time she got back from Orchard Slope.
/hpc_stor03/sjtu_home/chaolei.liu/data/tts/LibriTTS/train-clean-100/3982/178459/3982_178459_000013_000002.wav|"""I can be glad of one thing, though it's selfish."
/hpc_stor03/sjtu_home/chaolei.liu/data/tts/LibriTTS/train-clean-100/2007/132570/2007_132570_000043_000004.wav|This night--this very night'--
/hpc_stor03/sjtu_home/chaolei.liu/data/tts/LibriTTS/train-clean-100/8975/270782/8975_270782_000004_000001.wav|I trust this will be true, but this work has not, up to the present time, been undertaken.
/hpc_stor03/sjtu_home/chaolei.liu/data/tts/LibriTTS/train-clean-100/4830/25904/4830_25904_000013_000001.wav|I rather like snakes, since I had a tame green one, who lived under the door-step, and would come out and play with me on sunny days.
/hpc_stor03/sjtu_home/chaolei.liu/data/tts/LibriTTS/train-clean-100/311/124404/311_124404_000003_000000.wav|From the description of inanimate bodies and plants, I passed to animals, and particularly to man.
/hpc_stor03/sjtu_home/chaolei.liu/data/tts/LibriTTS/train-clean-100/2952/408/2952_408_000010_000007.wav|Then it went away, as mysteriously as it had come.
/hpc_stor03/sjtu_home/chaolei.liu/data/tts/LibriTTS/train-clean-100/5049/25947/5049_25947_000018_000006.wav|"When we gathered up the corners of his blanket and lifted him, he tried to sit upright, and cried out, ""You're taking me to the front, aren't you?"
/hpc_stor03/sjtu_home/chaolei.liu/data/tts/LibriTTS/train-clean-100/8425/292520/8425_292520_000034_000000.wav|A silver web has the moon spun, A silver web upon all the sky, Where the frail stars quiver, every one Like tangled gnats that hum and die.
/hpc_stor03/sjtu_home/chaolei.liu/data/tts/LibriTTS/train-clean-100/6454/107462/6454_107462_000008_000003.wav|It was the plan which made him ultimately describe himself as a humorist.
/hpc_stor03/sjtu_home/chaolei.liu/data/tts/LibriTTS/train-clean-100/4813/248638/4813_248638_000006_000004.wav|But modern Milton is something more than this, as old Milton was something more than this.
/hpc_stor03/sjtu_home/chaolei.liu/data/tts/LibriTTS/train-clean-100/2002/139469/2002_139469_000005_000002.wav|The clouds become thin; an arch is formed for ever rising upwards, till, the universal cope being unveiled, the sun pours forth its rays, re-animated and fed by the breeze.
/hpc_stor03/sjtu_home/chaolei.liu/data/tts/LibriTTS/train-clean-100/1081/128618/1081_128618_000024_000003.wav|Cook together four tablespoonfuls of butter and two of flour.
/hpc_stor03/sjtu_home/chaolei.liu/data/tts/LibriTTS/train-clean-100/8465/246942/8465_246942_000004_000006.wav|Strange it is and true that in publicity itself lies some relief from the gnawing of the worm--as if even a cursing humanity were a barrier of protection between the torn soul and its crime.
/hpc_stor03/sjtu_home/chaolei.liu/data/tts/LibriTTS/train-clean-100/2092/145706/2092_145706_000046_000000.wav|The eldest answered quickly, 'Let him drive all the wolves of the kingdom on to this hill before to-morrow night.
/hpc_stor03/sjtu_home/chaolei.liu/data/tts/LibriTTS/train-clean-100/1963/142393/1963_142393_000018_000000.wav|And they walked on so in silence, while the warm tears fell.
/hpc_stor03/sjtu_home/chaolei.liu/data/tts/LibriTTS/train-clean-100/1737/148989/1737_148989_000020_000002.wav|I must get over this first.
/hpc_stor03/sjtu_home/chaolei.liu/data/tts/LibriTTS/train-clean-100/1455/138263/1455_138263_000052_000001.wav|Barbicane sought to restrain them.
/hpc_stor03/sjtu_home/chaolei.liu/data/tts/LibriTTS/train-clean-100/911/128684/911_128684_000025_000000.wav|Our body itself is the palmary instance of the ambiguous.
/hpc_stor03/sjtu_home/chaolei.liu/data/tts/LibriTTS/train-clean-100/3857/182317/3857_182317_000007_000004.wav|Wiser even than the lion, or the wisest of apes, his wisdom furthermore was benign where theirs was sinister. Consider his dignity, his poise and skill.
/hpc_stor03/sjtu_home/chaolei.liu/data/tts/LibriTTS/train-clean-100/1116/137572/1116_137572_000016_000000.wav|Because it is part of the traditional feminine character to enjoy giving in to the man, this tendency must be scrutinized when it appears.
/hpc_stor03/sjtu_home/chaolei.liu/data/tts/LibriTTS/train-clean-100/8838/298545/8838_298545_000009_000000.wav|"""I am afraid that my duties call me elsewhere, Mr. Montgomery."""
/hpc_stor03/sjtu_home/chaolei.liu/data/tts/LibriTTS/train-clean-100/4397/15678/4397_15678_000002_000003.wav|Their clothing is full of rosin and never wears out.
/hpc_stor03/sjtu_home/chaolei.liu/data/tts/LibriTTS/train-clean-100/730/358/730_358_000001_000005.wav|This was the forest near Ingolstadt; and here I lay by the side of a brook resting from my fatigue, until I felt tormented by hunger and thirst.
/hpc_stor03/sjtu_home/chaolei.liu/data/tts/LibriTTS/train-clean-100/3168/173564/3168_173564_000023_000001.wav|The small lamp in front of the icons was the only light left in the room.
/hpc_stor03/sjtu_home/chaolei.liu/data/tts/LibriTTS/train-clean-100/2910/131096/2910_131096_000017_000000.wav|This reasoning somewhat quieted Psyche for a time, and while the novelty lasted she felt quite happy.
/hpc_stor03/sjtu_home/chaolei.liu/data/tts/LibriTTS/train-clean-100/298/126791/298_126791_000039_000000.wav|"""You now have the fruits of rebellion brought home to you; a brother wounded and a prisoner, and perhaps a victim; your father distressed, his privacy interrupted, and not improbably his estates torn from him, on account of his loyalty to his king."""
/hpc_stor03/sjtu_home/chaolei.liu/data/tts/LibriTTS/train-clean-100/2911/15045/2911_15045_000005_000004.wav|Fear, too, drove, them eastward; for the Iroquois pursued them with an inveterate enmity.
/hpc_stor03/sjtu_home/chaolei.liu/data/tts/LibriTTS/train-clean-100/7780/274562/7780_274562_000006_000003.wav|He comprehended, moreover, the true character, the august aims, the supreme majesty and dignity of the poetic sentiment.
/hpc_stor03/sjtu_home/chaolei.liu/data/tts/LibriTTS/train-clean-100/1867/154075/1867_154075_000039_000000.wav|"""Are you staying long in the East, my friend?"""
/hpc_stor03/sjtu_home/chaolei.liu/data/tts/LibriTTS/train-clean-100/839/130898/839_130898_000042_000000.wav|Would Captain Nemo head up north and beach us on the British Isles? No. Much to my surprise, he went back down south and returned to European seas.
/hpc_stor03/sjtu_home/chaolei.liu/data/tts/LibriTTS/train-clean-100/5390/30096/5390_30096_000058_000000.wav|"""Perhaps so; at an expense that will add to your loss."""
/hpc_stor03/sjtu_home/chaolei.liu/data/tts/LibriTTS/train-clean-100/3526/176653/3526_176653_000071_000000.wav|That very point Hale was debating with himself as he unavailingly cast his minnow into the swift water and slowly wound it in again.
/hpc_stor03/sjtu_home/chaolei.liu/data/tts/LibriTTS/train-clean-100/4014/186183/4014_186183_000038_000000.wav|Still going at maximum speed, and now on a straight line toward the American side, without seeking a further height, the Taube several times wavered, and, a moment later, almost turned over.
/hpc_stor03/sjtu_home/chaolei.liu/data/tts/LibriTTS/train-clean-100/5778/54535/5778_54535_000017_000008.wav|Mr. Ruskin had to pay the costs of the trial, which had mounted up to nineteen hundred dollars.
/hpc_stor03/sjtu_home/chaolei.liu/data/tts/LibriTTS/train-clean-100/2691/156745/2691_156745_000016_000002.wav|Sometimes home was where night overtook us.
/hpc_stor03/sjtu_home/chaolei.liu/data/tts/LibriTTS/train-clean-100/7511/102419/7511_102419_000009_000006.wav|We had our little home and father had his pension, and I was able to get a small school near us.
/hpc_stor03/sjtu_home/chaolei.liu/data/tts/LibriTTS/train-clean-100/5750/100289/5750_100289_000039_000006.wav|Or should we rather do intensive work among our people, looking especially toward their moral and social welfare?
/hpc_stor03/sjtu_home/chaolei.liu/data/tts/LibriTTS/train-clean-100/5163/18515/5163_18515_000046_000001.wav|"""And don't you ever do that again."" And the hand was withdrawn, and the girl clattered off as fast as she could run in her wooden shoes."
/hpc_stor03/sjtu_home/chaolei.liu/data/tts/LibriTTS/train-clean-100/4481/17498/4481_17498_000024_000001.wav|"Tell us of them, sir, and we'll prove the Major utterly wrong."""
/hpc_stor03/sjtu_home/chaolei.liu/data/tts/LibriTTS/train-clean-100/8629/261139/8629_261139_000037_000003.wav|Don't stain yours--don't--'
/hpc_stor03/sjtu_home/chaolei.liu/data/tts/LibriTTS/train-clean-100/6529/62556/6529_62556_000005_000000.wav|"""They have killed him!"" he cried."
/hpc_stor03/sjtu_home/chaolei.liu/data/tts/LibriTTS/train-clean-100/5104/33406/5104_33406_000021_000000.wav|"""Is it so?"" Eric cried, leaping up."
/hpc_stor03/sjtu_home/chaolei.liu/data/tts/LibriTTS/train-clean-100/198/209/198_209_000019_000002.wav|Stout, active--looks as young as his son.
/hpc_stor03/sjtu_home/chaolei.liu/data/tts/LibriTTS/train-clean-100/3112/9554/3112_9554_000006_000002.wav|But he never spoke willingly on hunting matters.
/hpc_stor03/sjtu_home/chaolei.liu/data/tts/LibriTTS/train-clean-100/8770/295465/8770_295465_000036_000001.wav|"They have killed my Papa-day!"""
/hpc_stor03/sjtu_home/chaolei.liu/data/tts/LibriTTS/train-clean-100/4195/186236/4195_186236_000028_000001.wav|"Stay at Elmhurst, and you shall always be welcome."""
/hpc_stor03/sjtu_home/chaolei.liu/data/tts/LibriTTS/train-clean-100/2289/152254/2289_152254_000004_000000.wav|Boniface believed this story, and he refused to return to Rome. He also sent a letter to Genseric, inviting him to come to Africa with an army.
/hpc_stor03/sjtu_home/chaolei.liu/data/tts/LibriTTS/train-clean-100/1363/139304/1363_139304_000007_000006.wav|He felt the featureless misery of one who wakes towards the hour of dawn.
/hpc_stor03/sjtu_home/chaolei.liu/data/tts/LibriTTS/train-clean-100/7190/90542/7190_90542_000068_000001.wav|"""We'll use what cover we can."""
/hpc_stor03/sjtu_home/chaolei.liu/data/tts/LibriTTS/train-clean-100/5393/19219/5393_19219_000015_000009.wav|Their unhappiness formed a halo round their happiness. The long agony of their love was terminating in an ascension.
/hpc_stor03/sjtu_home/chaolei.liu/data/tts/LibriTTS/train-clean-100/2159/179154/2159_179154_000019_000003.wav|In doing this, he set his coat on fire, when he trampled it under foot.
/hpc_stor03/sjtu_home/chaolei.liu/data/tts/LibriTTS/train-clean-100/1088/134315/1088_134315_000112_000003.wav|She returned the papers to the drawer, pushed it to and locked it.
/hpc_stor03/sjtu_home/chaolei.liu/data/tts/LibriTTS/train-clean-100/150/126107/150_126107_000033_000000.wav|The princess did not appear to understand him, for she retorted his question:--
/hpc_stor03/sjtu_home/chaolei.liu/data/tts/LibriTTS/train-clean-100/8108/280354/8108_280354_000003_000003.wav|To the sound of his lyre the Argo had floated down to the sea, and he played so sweetly when they passed the rocks of the Sirens that the dreadful monsters sang their most alluring strains in vain.
/hpc_stor03/sjtu_home/chaolei.liu/data/tts/LibriTTS/train-clean-100/6836/61803/6836_61803_000003_000000.wav|After its second involuntary recess--less prolonged than the first--the Court has once more resumed its functions under the great evergreen oak.
/hpc_stor03/sjtu_home/chaolei.liu/data/tts/LibriTTS/train-clean-100/5703/47198/5703_47198_000063_000001.wav|"""They'll be local men, I have nae doubt."
/hpc_stor03/sjtu_home/chaolei.liu/data/tts/LibriTTS/train-clean-100/5022/29411/5022_29411_000058_000014.wav|As I turned suddenly, a living breath played on my face.
/hpc_stor03/sjtu_home/chaolei.liu/data/tts/LibriTTS/train-clean-100/332/128985/332_128985_000004_000004.wav|This story, however, I regard with a great deal of doubt; it has been told of Saladin and many other wicked and famous men, but I do not believe it is an easy thing to frighten a child into going to sleep.
/hpc_stor03/sjtu_home/chaolei.liu/data/tts/LibriTTS/train-clean-100/587/41619/587_41619_000028_000001.wav|"""What do you suppose she's up to now?"""
/hpc_stor03/sjtu_home/chaolei.liu/data/tts/LibriTTS/train-clean-100/163/122947/163_122947_000016_000003.wav|But let us not be afraid!
/hpc_stor03/sjtu_home/chaolei.liu/data/tts/LibriTTS/train-clean-100/8095/274346/8095_274346_000039_000000.wav|The ill humor of the commons, thus wantonly irritated by the court, and finding no gratification in the legal impeachment of Buckingham, sought other objects on which it might exert itself.
/hpc_stor03/sjtu_home/chaolei.liu/data/tts/LibriTTS/train-clean-100/8014/112602/8014_112602_000008_000000.wav|The ancient Irish loved bright colours.
/hpc_stor03/sjtu_home/chaolei.liu/data/tts/LibriTTS/train-clean-100/200/126784/200_126784_000054_000001.wav|"When treason reaches the grade of general officers, Captain Wharton, it behooves the friends of liberty to be vigilant."""
/hpc_stor03/sjtu_home/chaolei.liu/data/tts/LibriTTS/train-clean-100/8609/262281/8609_262281_000020_000000.wav|"""Then why do you wish so much to attend this one?"""
/hpc_stor03/sjtu_home/chaolei.liu/data/tts/LibriTTS/train-clean-100/7794/295948/7794_295948_000010_000007.wav|Yet I would not get this money by violent or unlawful means; I only think of what might be if I had it.
/hpc_stor03/sjtu_home/chaolei.liu/data/tts/LibriTTS/train-clean-100/1183/124566/1183_124566_000049_000000.wav|The Master said, Neglect of the omens, that is all.
/hpc_stor03/sjtu_home/chaolei.liu/data/tts/LibriTTS/train-clean-100/1263/141777/1263_141777_000013_000002.wav|He hoped they did not willingly venture out of the trees where the leaves were their protection.
/hpc_stor03/sjtu_home/chaolei.liu/data/tts/LibriTTS/train-clean-100/4297/13006/4297_13006_000023_000001.wav|But I should have wished to accept him.
/hpc_stor03/sjtu_home/chaolei.liu/data/tts/LibriTTS/train-clean-100/2196/170151/2196_170151_000004_000002.wav|These observations were then carefully collated, systematized and tabulated, and discoveries were made as to the course of ocean currents that otherwise would have been impossible.
/hpc_stor03/sjtu_home/chaolei.liu/data/tts/LibriTTS/train-clean-100/3607/29116/3607_29116_000016_000001.wav|"But you know that I wouldn't touch this bill if it were not for the public good, and for the good of the colored race; much as I am interested in the heirs of this property, and would like to have them succeed."""
/hpc_stor03/sjtu_home/chaolei.liu/data/tts/LibriTTS/train-clean-100/8312/279790/8312_279790_000027_000000.wav|"""I have been wickedly deceived!"" cried the king; ""come, my winged frogs, we will depart immediately."""
/hpc_stor03/sjtu_home/chaolei.liu/data/tts/LibriTTS/train-clean-100/125/121124/125_121124_000028_000003.wav|Do you know, count, that persons of our time of life--not that you belong to the class, you are still a young man,--but as I was saying, persons of our time of life have been very unfortunate this year.
/hpc_stor03/sjtu_home/chaolei.liu/data/tts/LibriTTS/train-clean-100/2989/138035/2989_138035_000052_000001.wav|All then mingled together, forming chains and breaking off again with graceful, unconstrained gaiety; and whenever Love passed in front of the castle he shot his arrows up at it, while Interest broke gilded pellets against it.
/hpc_stor03/sjtu_home/chaolei.liu/data/tts/LibriTTS/train-clean-100/1553/140048/1553_140048_000032_000001.wav|"""I can see that they ought to have it if they want it, and especially if you want them to have it."
/hpc_stor03/sjtu_home/chaolei.liu/data/tts/LibriTTS/train-clean-100/1447/17506/1447_17506_000032_000002.wav|The name of Ferralti was no place in the record.
/hpc_stor03/sjtu_home/chaolei.liu/data/tts/LibriTTS/train-clean-100/7367/86737/7367_86737_000121_000002.wav|These exploits had gained Luigi considerable reputation.
/hpc_stor03/sjtu_home/chaolei.liu/data/tts/LibriTTS/train-clean-100/5463/39174/5463_39174_000007_000000.wav|"""Oh, yes; there is nothing here but this young gentleman's library,"" said Lucy, moving a pile of ragged, coverless books on to the table. ""I hope he'll forgive me for moving them."""
/hpc_stor03/sjtu_home/chaolei.liu/data/tts/LibriTTS/train-clean-100/201/122255/201_122255_000025_000001.wav|"""Big words ne'er killed so much as a mouse. Who art thou that talkest so freely of cracking the head of Arthur a Bland?"
/hpc_stor03/sjtu_home/chaolei.liu/data/tts/LibriTTS/train-clean-100/6476/57446/6476_57446_000004_000000.wav|Genzaburo thought this rather strange; but, looking at the man attentively, recognized him as a retainer whom he had had in his employ the year before, and said--
/hpc_stor03/sjtu_home/chaolei.liu/data/tts/LibriTTS/train-clean-100/7148/82991/7148_82991_000036_000000.wav|Awed by Mark's determined manner, the bystanders kept aloof.
/hpc_stor03/sjtu_home/chaolei.liu/data/tts/LibriTTS/train-clean-100/254/27760/254_27760_000022_000000.wav|Vanka folded his sheet of paper in four, and put it into an envelope purchased the night before for a kopek.
/hpc_stor03/sjtu_home/chaolei.liu/data/tts/LibriTTS/train-clean-100/2518/154826/2518_154826_000031_000003.wav|Then from the bottom of this shaft there spread out narrow passages or tunnels, mostly six feet high, but sometimes only three or four, and in these the marble is dug.
/hpc_stor03/sjtu_home/chaolei.liu/data/tts/LibriTTS/train-clean-100/5789/57195/5789_57195_000008_000002.wav|She was not excellent herself at the writing of letters, and therefore she got Dolly to be the scribe.
/hpc_stor03/sjtu_home/chaolei.liu/data/tts/LibriTTS/train-clean-100/4406/16883/4406_16883_000005_000000.wav|But instead of going either to Albany or homeward, we must go five miles up the river, and then go over it.
/hpc_stor03/sjtu_home/chaolei.liu/data/tts/LibriTTS/train-clean-100/32/21631/32_21631_000016_000001.wav|"An enjoyable time was had by all--except the pig."""
/hpc_stor03/sjtu_home/chaolei.liu/data/tts/LibriTTS/train-clean-100/4859/26870/4859_26870_000021_000000.wav|"""What?"" asked Countess Mary, surprised."
/hpc_stor03/sjtu_home/chaolei.liu/data/tts/LibriTTS/train-clean-100/1743/142913/1743_142913_000034_000000.wav|Jenny Wren's eyes twinkled, and she laughed softly.
/hpc_stor03/sjtu_home/chaolei.liu/data/tts/LibriTTS/train-clean-100/446/123501/446_123501_000018_000001.wav|How can earthly words describe it!
/hpc_stor03/sjtu_home/chaolei.liu/data/tts/LibriTTS/train-clean-100/831/130746/831_130746_000071_000002.wav|The mute emotion of his face affected her strangely. She had to speak.
/hpc_stor03/sjtu_home/chaolei.liu/data/tts/LibriTTS/train-clean-100/909/131045/909_131045_000011_000000.wav|Another ill effect of the exclusion would be the temptation to sordid views, to peculation, and, in some instances, to usurpation.
/hpc_stor03/sjtu_home/chaolei.liu/data/tts/LibriTTS/train-clean-100/4853/29413/4853_29413_000015_000001.wav|"If I hadn't kept my temper, I might have killed him."""
/hpc_stor03/sjtu_home/chaolei.liu/data/tts/LibriTTS/train-clean-100/26/495/26_495_000039_000000.wav|Till this week the city continued free, there having never any died, except that one Frenchman whom I mentioned before, within the whole ninety-seven parishes.
/hpc_stor03/sjtu_home/chaolei.liu/data/tts/LibriTTS/train-clean-100/6209/34601/6209_34601_000104_000003.wav|He replaced the pot on the stove, took the phial, uncorked it, poured into it all the milk that remained, which was just sufficient to fill it, replaced the sponge and the linen rag over it, and tied it round the neck of the bottle.
/hpc_stor03/sjtu_home/chaolei.liu/data/tts/LibriTTS/train-clean-100/302/123523/302_123523_000002_000000.wav|As the great gate where I stood swung open my fifty Tharks, headed by Tars Tarkas himself, rode in upon their mighty thoats.
/hpc_stor03/sjtu_home/chaolei.liu/data/tts/LibriTTS/train-clean-100/669/129061/669_129061_000020_000000.wav|"""I will, upon my honour,"" the Baronet said."
/hpc_stor03/sjtu_home/chaolei.liu/data/tts/LibriTTS/train-clean-100/5867/48852/5867_48852_000085_000000.wav|It was not only of his late disappointment that he was thinking, but of his whole past life.
/hpc_stor03/sjtu_home/chaolei.liu/data/tts/LibriTTS/train-clean-100/7278/91083/7278_91083_000023_000000.wav|"One could linger here for days, but we must see the lovely country-seat called ""Wootton,"" some distance out from the city."
/hpc_stor03/sjtu_home/chaolei.liu/data/tts/LibriTTS/train-clean-100/211/122442/211_122442_000082_000000.wav|"""She gave it to me herself."""
/hpc_stor03/sjtu_home/chaolei.liu/data/tts/LibriTTS/train-clean-100/229/130880/229_130880_000014_000000.wav|"""Yet it strikes me that diving suits like yours could perform yeoman service in such work."""
/hpc_stor03/sjtu_home/chaolei.liu/data/tts/LibriTTS/train-clean-100/5561/41615/5561_41615_000064_000001.wav|"""Your silence indicates that you are still insubordinate."
/hpc_stor03/sjtu_home/chaolei.liu/data/tts/LibriTTS/train-clean-100/7059/88364/7059_88364_000011_000001.wav|Both have a genius for gardens and dancing and carnival.
/hpc_stor03/sjtu_home/chaolei.liu/data/tts/LibriTTS/train-clean-100/625/132112/625_132112_000004_000009.wav|"If you don't look up you can't get up,'"" remarks Jackson, philosophically. And he's gotten up."
/hpc_stor03/sjtu_home/chaolei.liu/data/tts/LibriTTS/train-clean-100/226/122538/226_122538_000022_000003.wav|Coffee at a moment's notice should fetch a fancy price.
/hpc_stor03/sjtu_home/chaolei.liu/data/tts/LibriTTS/train-clean-100/3235/11599/3235_11599_000013_000001.wav|Perhaps the easiest way out of the difficulty is to admit that both may be true--but in different compositions.
/hpc_stor03/sjtu_home/chaolei.liu/data/tts/LibriTTS/train-clean-100/89/219/89_219_000000_000003.wav|This was the only comfort that occurred.
/hpc_stor03/sjtu_home/chaolei.liu/data/tts/LibriTTS/train-clean-100/3983/5331/3983_5331_000041_000004.wav|Can you devise any plan?
/hpc_stor03/sjtu_home/chaolei.liu/data/tts/LibriTTS/train-clean-100/2416/152139/2416_152139_000066_000003.wav|You were even generous in the amount you deprived yourself of out of the hundred thousand dollars--for less would have been enough.
/hpc_stor03/sjtu_home/chaolei.liu/data/tts/LibriTTS/train-clean-100/8419/293469/8419_293469_000009_000003.wav|I got close up to them both, and saw strange, big creatures going in and out of the red thing--the barn, as I afterward found it was called.
/hpc_stor03/sjtu_home/chaolei.liu/data/tts/LibriTTS/train-clean-100/5322/7680/5322_7680_000039_000000.wav|'I am a cadet, but have been recommended for a commission.'
/hpc_stor03/sjtu_home/chaolei.liu/data/tts/LibriTTS/train-clean-100/7635/105409/7635_105409_000004_000001.wav|She felt, more than she heard, the men on the watch preparing for the fight.
/hpc_stor03/sjtu_home/chaolei.liu/data/tts/LibriTTS/train-clean-100/4160/14187/4160_14187_000047_000003.wav|You remember I said that four hypotheses were possible: that the robbery was committed either by Reuben, by Walter, by John Hornby, or by some other person.
/hpc_stor03/sjtu_home/chaolei.liu/data/tts/LibriTTS/train-clean-100/8088/284756/8088_284756_000016_000001.wav|Before I could leap from the car, the broad front door, with its rounded top and circular, grilled window, was flung wide, and Mercer came running to meet me.
/hpc_stor03/sjtu_home/chaolei.liu/data/tts/LibriTTS/train-clean-100/4018/103416/4018_103416_000009_000001.wav|The Hayden house was a general rendezvous.
/hpc_stor03/sjtu_home/chaolei.liu/data/tts/LibriTTS/train-clean-100/3947/13262/3947_13262_000019_000000.wav|Rollin was relieved when Rachel spoke.
/hpc_stor03/sjtu_home/chaolei.liu/data/tts/LibriTTS/train-clean-100/1502/122619/1502_122619_000015_000000.wav|"""It is so; but they are now bright and dull; for the Yengeese are dead, and the Delawares are our neighbors."""
/hpc_stor03/sjtu_home/chaolei.liu/data/tts/LibriTTS/train-clean-100/7113/86041/7113_86041_000005_000000.wav|At last, when they were quite weary, the princess cried out suddenly that nothing would content her but to bathe in the marble pool, which certainly did look very inviting; and they all went gaily to this new amusement.
/hpc_stor03/sjtu_home/chaolei.liu/data/tts/LibriTTS/train-clean-100/405/130895/405_130895_000035_000001.wav|This forecast fair weather. And so it proved.
/hpc_stor03/sjtu_home/chaolei.liu/data/tts/LibriTTS/train-clean-100/7402/59171/7402_59171_000020_000004.wav|He has brought them all into a Palace of Truth, where they have revealed themselves with an unaccustomed and startling frankness.
/hpc_stor03/sjtu_home/chaolei.liu/data/tts/LibriTTS/train-clean-100/696/93314/696_93314_000044_000001.wav|He saw how the light of life that his lying lips had blown out was not to be rekindled by his or any man's breath.
/hpc_stor03/sjtu_home/chaolei.liu/data/tts/LibriTTS/train-clean-100/7264/92314/7264_92314_000007_000000.wav|Is not everything which the regime desires to be suppressed, suppressed?
/hpc_stor03/sjtu_home/chaolei.liu/data/tts/LibriTTS/train-clean-100/39/121916/39_121916_000015_000005.wav|Ours are all apple-tarts.
/hpc_stor03/sjtu_home/chaolei.liu/data/tts/LibriTTS/train-clean-100/7078/271888/7078_271888_000118_000001.wav|It was evident that he meant to secure it at any cost, therefore the price was soon arranged; and before we had been there half an hour, my companion had a cheque for four figures in his pocket.
/hpc_stor03/sjtu_home/chaolei.liu/data/tts/LibriTTS/train-clean-100/40/121026/40_121026_000060_000001.wav|"And what was this man's name?"""
/hpc_stor03/sjtu_home/chaolei.liu/data/tts/LibriTTS/train-clean-100/3807/4923/3807_4923_000028_000002.wav|"What do they mean to do next?"""
/hpc_stor03/sjtu_home/chaolei.liu/data/tts/LibriTTS/train-clean-100/7067/76048/7067_76048_000067_000000.wav|Her eyes went back to the long, low, undulating skyline of the downs. She spoke as though she took up the thread of some controversy that had played a large part in her life.
/hpc_stor03/sjtu_home/chaolei.liu/data/tts/LibriTTS/train-clean-100/1841/159771/1841_159771_000014_000002.wav|"But no Meadow Mouse will ever venture out of doors if you're going to whistle."""
/hpc_stor03/sjtu_home/chaolei.liu/data/tts/LibriTTS/train-clean-100/5192/19396/5192_19396_000026_000000.wav|--The duce take it! said my uncle Toby.
/hpc_stor03/sjtu_home/chaolei.liu/data/tts/LibriTTS/train-clean-100/5339/14134/5339_14134_000092_000002.wav|Not a sound heard. 'Sylvie!' (a little louder, and less hoarsely spoken).
/hpc_stor03/sjtu_home/chaolei.liu/data/tts/LibriTTS/train-clean-100/3240/131232/3240_131232_000079_000001.wav|We'll be persecuted for it.
/hpc_stor03/sjtu_home/chaolei.liu/data/tts/LibriTTS/train-clean-100/2391/145015/2391_145015_000038_000000.wav|As an illustration of the purposes which a patten was intended to serve, I add the following epigram, written by Jane Austen's uncle, Mr. Leigh Perrot, on reading in a newspaper the marriage of Captain Foote to Miss Patten:--
/hpc_stor03/sjtu_home/chaolei.liu/data/tts/LibriTTS/train-clean-100/6848/252322/6848_252322_000044_000000.wav|"""What could I do, sir?"" was the answer; ""it was this fellow or nothing."""
/hpc_stor03/sjtu_home/chaolei.liu/data/tts/LibriTTS/train-clean-100/8630/305213/8630_305213_000009_000002.wav|The custom was abolished not long after on account of the abuses which had arisen, but Monica observed it to the end.
/hpc_stor03/sjtu_home/chaolei.liu/data/tts/LibriTTS/train-clean-100/5808/54425/5808_54425_000010_000003.wav|He went back to the work he had neglected, drank moderately, and acted in most things as a sound, sensible being.
/hpc_stor03/sjtu_home/chaolei.liu/data/tts/LibriTTS/train-clean-100/2843/152918/2843_152918_000027_000002.wav|Some were sharp, but most were long and rounded.
/hpc_stor03/sjtu_home/chaolei.liu/data/tts/LibriTTS/train-clean-100/60/121082/60_121082_000015_000001.wav|"""Let me at least reach a shady spot,"" said Andrea."
/hpc_stor03/sjtu_home/chaolei.liu/data/tts/LibriTTS/train-clean-100/8747/293952/8747_293952_000022_000000.wav|"""It is just as well he did die, though."""
/hpc_stor03/sjtu_home/chaolei.liu/data/tts/LibriTTS/train-clean-100/6531/61334/6531_61334_000055_000002.wav|He found it more profitable, indeed, to extend his territories into Asia Minor.
/hpc_stor03/sjtu_home/chaolei.liu/data/tts/LibriTTS/train-clean-100/6272/70171/6272_70171_000007_000001.wav|"""What a contrast!"" I said."
/hpc_stor03/sjtu_home/chaolei.liu/data/tts/LibriTTS/train-clean-100/87/121553/87_121553_000184_000000.wav|Florence, within the ancient boundary From which she taketh still her tierce and nones, Abode in quiet, temperate and chaste.
/hpc_stor03/sjtu_home/chaolei.liu/data/tts/LibriTTS/train-clean-100/6415/116629/6415_116629_000004_000000.wav|"""Look out, Blasi, you are losing something,"" she cried."
/hpc_stor03/sjtu_home/chaolei.liu/data/tts/LibriTTS/train-clean-100/4640/19188/4640_19188_000039_000000.wav|There were only four uniforms.
/hpc_stor03/sjtu_home/chaolei.liu/data/tts/LibriTTS/train-clean-100/83/9960/83_9960_000085_000000.wav|"""Without cutting that man's throat?"" asked, the Thenardier woman."
/hpc_stor03/sjtu_home/chaolei.liu/data/tts/LibriTTS/train-clean-100/3436/172162/3436_172162_000016_000001.wav|Consulting his ring, and finding that this was an enchantment, he burst his chains, seized his armor in spite of the visionary monsters who attempted to defend it, broke open the gates of the tower, and continued his journey.
/hpc_stor03/sjtu_home/chaolei.liu/data/tts/LibriTTS/train-clean-100/6064/56168/6064_56168_000032_000000.wav|"""I never said that Harvard was my side,"" interrupted Belle, ""didn't I tell you that I have a cousin on the Princeton team."""
/hpc_stor03/sjtu_home/chaolei.liu/data/tts/LibriTTS/train-clean-100/6563/285357/6563_285357_000011_000000.wav|This blind child-like faith has been responsible for the establishment and development of the Zeppelin factories.
/hpc_stor03/sjtu_home/chaolei.liu/data/tts/LibriTTS/train-clean-100/196/122150/196_122150_000003_000003.wav|The fear grows shadowy; and Imagination, the enemy of men, the father of all terrors, unstimulated, sinks to rest in the dullness of exhausted emotion.
/hpc_stor03/sjtu_home/chaolei.liu/data/tts/LibriTTS/train-clean-100/1594/135914/1594_135914_000010_000000.wav|"The caliph was not displeased with Fetnah for the freedom of these words; ""But may I,"" said he, ""rely on the assurance you give me of Ganem's virtue?"" ""Yes,"" replied Fetnah, ""you may."
/hpc_stor03/sjtu_home/chaolei.liu/data/tts/LibriTTS/train-clean-100/5456/24741/5456_24741_000013_000007.wav|Further, to retain the usual phraseology, the modifications of the human body, of which the ideas represent external bodies as present to us, we will call the images of things, though they do not recall the figure of things.
/hpc_stor03/sjtu_home/chaolei.liu/data/tts/LibriTTS/train-clean-100/307/127535/307_127535_000026_000000.wav|"""Oh,"" replied George, ""you don't be under no kind of apprehension; WE'RE all square, we are."
/hpc_stor03/sjtu_home/chaolei.liu/data/tts/LibriTTS/train-clean-100/6081/41998/6081_41998_000030_000001.wav|Suddenly I noticed that one of them turned as white as his shirt; and calling the attention of his companions to one of the unknown victims, he whispered: 'Gustave!'
/hpc_stor03/sjtu_home/chaolei.liu/data/tts/LibriTTS/train-clean-100/6000/55211/6000_55211_000002_000000.wav|"""Oh, good morning, Uncle William,"" she called, in answer to the masculine voice that replied to her ""Hullo."""
/hpc_stor03/sjtu_home/chaolei.liu/data/tts/LibriTTS/train-clean-100/6925/80680/6925_80680_000010_000000.wav|'Nonsense!' snapped the queen.
/hpc_stor03/sjtu_home/chaolei.liu/data/tts/LibriTTS/train-clean-100/8123/275193/8123_275193_000008_000005.wav|He attached himself to each individual of the ship.
/hpc_stor03/sjtu_home/chaolei.liu/data/tts/LibriTTS/train-clean-100/5652/39938/5652_39938_000015_000004.wav|This relativity of the mental reaction on the demands of life must always be in the foreground of the psychotherapeutic regime.
/hpc_stor03/sjtu_home/chaolei.liu/data/tts/LibriTTS/train-clean-100/1034/121119/1034_121119_000064_000011.wav|No, madame, they struck me, always struck me!
/hpc_stor03/sjtu_home/chaolei.liu/data/tts/LibriTTS/train-clean-100/6385/34669/6385_34669_000023_000007.wav|A gangway was thrown, like a Chinese bridge, from one deck to the other, over the centre of the hold.
/hpc_stor03/sjtu_home/chaolei.liu/data/tts/LibriTTS/train-clean-100/6019/3185/6019_3185_000016_000001.wav|And, when once that consummation was attained, I, that previously had breathed no syllable of what was stirring, now gave loose to the interesting tidings, and suffered them to spread through the whole compass of the town.
/hpc_stor03/sjtu_home/chaolei.liu/data/tts/LibriTTS/train-clean-100/1235/135884/1235_135884_000005_000000.wav|At my return, I enquired for the mother and child.
/hpc_stor03/sjtu_home/chaolei.liu/data/tts/LibriTTS/train-clean-100/4680/16042/4680_16042_000007_000001.wav|All this was ten fathoms distant from him.
/hpc_stor03/sjtu_home/chaolei.liu/data/tts/LibriTTS/train-clean-100/250/142276/250_142276_000007_000003.wav|But the cloud never comes in that quarter of the horizon from which we watch for it.
/hpc_stor03/sjtu_home/chaolei.liu/data/tts/LibriTTS/train-clean-100/7800/283492/7800_283492_000005_000000.wav|"""Why, who else would try to turn on Mr. Darrel that way, and burn his shanties down just when winter is setting in?"" asked Bluff."
/hpc_stor03/sjtu_home/chaolei.liu/data/tts/LibriTTS/train-clean-100/3214/167602/3214_167602_000045_000002.wav|"It's heavy, lads--solid books."""
/hpc_stor03/sjtu_home/chaolei.liu/data/tts/LibriTTS/train-clean-100/7312/92432/7312_92432_000005_000000.wav|In the month of April, 1849, Rome, as you are no doubt aware, was placed in a state of siege by the approach of the French army.
/hpc_stor03/sjtu_home/chaolei.liu/data/tts/LibriTTS/train-clean-100/4267/287369/4267_287369_000048_000000.wav|"""We are in the midst of the storm!"" cried Mr. Parker."
/hpc_stor03/sjtu_home/chaolei.liu/data/tts/LibriTTS/train-clean-100/4051/11218/4051_11218_000036_000000.wav|"""It is only a sleeping potion,"" said the enchantress to Prince Jason. ""One always finds a use for these mischievous creatures, sooner or later; so I did not wish to kill him outright."
/hpc_stor03/sjtu_home/chaolei.liu/data/tts/LibriTTS/train-clean-100/2817/142371/2817_142371_000003_000000.wav|"Mrs. Poyser ""Has Her Say Out"""
/hpc_stor03/sjtu_home/chaolei.liu/data/tts/LibriTTS/train-clean-100/7447/91186/7447_91186_000003_000004.wav|The keyed monochord gained the name clavichord.
/hpc_stor03/sjtu_home/chaolei.liu/data/tts/LibriTTS/train-clean-100/8226/274369/8226_274369_000018_000006.wav|The opportunity was seized with joy and triumph.
/hpc_stor03/sjtu_home/chaolei.liu/data/tts/LibriTTS/train-clean-100/3664/178366/3664_178366_000019_000000.wav|"The audience, upon learning that the real ""Buffalo Bill"" was present, gave several cheers between the acts, and I was called on to come out on the stage and make a speech."
/hpc_stor03/sjtu_home/chaolei.liu/data/tts/LibriTTS/train-clean-100/3259/158083/3259_158083_000086_000001.wav|Each one was called to the mat and interrogated.
/hpc_stor03/sjtu_home/chaolei.liu/data/tts/LibriTTS/train-clean-100/460/172359/460_172359_000079_000003.wav|And who do they give it to?
/hpc_stor03/sjtu_home/chaolei.liu/data/tts/LibriTTS/train-clean-100/887/123289/887_123289_000034_000001.wav|At the same time I cherished a trembling hope which was a fear as well.
/hpc_stor03/sjtu_home/chaolei.liu/data/tts/LibriTTS/train-clean-100/7517/100437/7517_100437_000010_000003.wav|You are merely sitting in judgment on yourself. ...
/hpc_stor03/sjtu_home/chaolei.liu/data/tts/LibriTTS/train-clean-100/412/126975/412_126975_000045_000001.wav|"Haven't killed a policeman lately."""
/hpc_stor03/sjtu_home/chaolei.liu/data/tts/LibriTTS/train-clean-100/2384/152900/2384_152900_000007_000006.wav|There was no question of this with our tents.
/hpc_stor03/sjtu_home/chaolei.liu/data/tts/LibriTTS/train-clean-100/4088/158077/4088_158077_000110_000002.wav|To jail they must go.
/hpc_stor03/sjtu_home/chaolei.liu/data/tts/LibriTTS/train-clean-100/481/123720/481_123720_000038_000001.wav|Of course I had better not go; of course, I must just snap my fingers at them.
/hpc_stor03/sjtu_home/chaolei.liu/data/tts/LibriTTS/train-clean-100/4788/91208/4788_91208_000008_000002.wav|It was even asserted confidently, that nothing more was to be expected,--that an inductive logic was impossible.
/hpc_stor03/sjtu_home/chaolei.liu/data/tts/LibriTTS/train-clean-100/1970/26100/1970_26100_000036_000000.wav|"""That's up to us now."
/hpc_stor03/sjtu_home/chaolei.liu/data/tts/LibriTTS/train-clean-100/103/1241/103_1241_000054_000010.wav|Something still pleasanter may come after, but you can never be sure.
/hpc_stor03/sjtu_home/chaolei.liu/data/tts/LibriTTS/train-clean-100/8098/275181/8098_275181_000009_000000.wav|"Rightly or wrongly, we attributed the mischief to a certain ""silver-gray"" that had several times been seen in the neighborhood that autumn."
/hpc_stor03/sjtu_home/chaolei.liu/data/tts/LibriTTS/train-clean-100/8580/287364/8580_287364_000002_000000.wav|Tom's excited announcement startled Mr. Damon and the others as much as if the young inventor had informed them that the airship had exploded and was about to dash with them to the earth.
/hpc_stor03/sjtu_home/chaolei.liu/data/tts/LibriTTS/train-clean-100/5678/43302/5678_43302_000043_000001.wav|"But haven't I told them a hundred times?"""
/hpc_stor03/sjtu_home/chaolei.liu/data/tts/LibriTTS/train-clean-100/289/121665/289_121665_000049_000000.wav|Nothing was left to each sheep but a wee little stump where a tail should be, and Little Bo-Peep was so heart-broken that she sat down beside them and sobbed bitterly.
/hpc_stor03/sjtu_home/chaolei.liu/data/tts/LibriTTS/train-clean-100/8063/274117/8063_274117_000015_000001.wav|"""But what is that I see out there,--crosses and stones?"""
/hpc_stor03/sjtu_home/chaolei.liu/data/tts/LibriTTS/train-clean-100/7859/102521/7859_102521_000013_000002.wav|Where Leo had chastised the adherents of superstition with whips Constantine chastised them with scorpions.
/hpc_stor03/sjtu_home/chaolei.liu/data/tts/LibriTTS/train-clean-100/374/180298/374_180298_000010_000000.wav|As I have told you, I had little money.
/hpc_stor03/sjtu_home/chaolei.liu/data/tts/LibriTTS/train-clean-100/3242/67153/3242_67153_000016_000008.wav|Of course he claimed a raise again for effecting such a saving, and we just had to allow it.
/hpc_stor03/sjtu_home/chaolei.liu/data/tts/LibriTTS/train-clean-100/6367/65536/6367_65536_000039_000001.wav|She had kept her freshness of soul and her ideals untarnished.
/hpc_stor03/sjtu_home/chaolei.liu/data/tts/LibriTTS/train-clean-100/2836/5354/2836_5354_000009_000000.wav|"""Point de gazette, Pierre?"" she said."
/hpc_stor03/sjtu_home/chaolei.liu/data/tts/LibriTTS/train-clean-100/403/126855/403_126855_000030_000001.wav|"How are we ever going to get across?"""
/hpc_stor03/sjtu_home/chaolei.liu/data/tts/LibriTTS/train-clean-100/7178/34645/7178_34645_000006_000016.wav|He was transferred from Chatham to London.
/hpc_stor03/sjtu_home/chaolei.liu/data/tts/LibriTTS/train-clean-100/248/130697/248_130697_000016_000007.wav|"You will not forsake me?"""
/hpc_stor03/sjtu_home/chaolei.liu/data/tts/LibriTTS/train-clean-100/6181/216552/6181_216552_000034_000000.wav|But, indeed, what guide did the law follow in creating the domain of property?
/hpc_stor03/sjtu_home/chaolei.liu/data/tts/LibriTTS/train-clean-100/19/227/19_227_000003_000000.wav|"Catherine took up her work directly, saying, in a dejected voice, that ""her head did not run upon Bath--much."""
/hpc_stor03/sjtu_home/chaolei.liu/data/tts/LibriTTS/train-clean-100/1355/39947/1355_39947_000002_000006.wav|This opposition argues as follows: Hypnotic influence brings the patient under the will control of the hypnotizer and thus destroys his own freedom.
/hpc_stor03/sjtu_home/chaolei.liu/data/tts/LibriTTS/train-clean-100/1898/145702/1898_145702_000023_000000.wav|'Yes,' he replied, 'I know enough, and can help myself splendidly.'
/hpc_stor03/sjtu_home/chaolei.liu/data/tts/LibriTTS/train-clean-100/8238/283452/8238_283452_000029_000003.wav|He demands no rag nor bone nor clank of chain of his old equipment to start on his career.
/hpc_stor03/sjtu_home/chaolei.liu/data/tts/LibriTTS/train-clean-100/6437/66172/6437_66172_000021_000003.wav|We disliked the widow not so much for her sentimentality as for being the mother of Bill Conway; we disliked Mr. Meeks, not because he was insipid, like his own syrups, but because the widow loved him.
/hpc_stor03/sjtu_home/chaolei.liu/data/tts/LibriTTS/train-clean-100/1334/135589/1334_135589_000073_000001.wav|It is now seven years since you quitted the forest, and in your letters to Mr. Heatherstone you made no remark upon what had passed between you and Patience.
/hpc_stor03/sjtu_home/chaolei.liu/data/tts/LibriTTS/train-clean-100/4362/15663/4362_15663_000027_000002.wav|Some crystals landed with their rays almost perfect, but most of them were worn and broken by striking against one another, or by rolling on the ground.
/hpc_stor03/sjtu_home/chaolei.liu/data/tts/LibriTTS/train-clean-100/1926/147979/1926_147979_000028_000003.wav|Mary Dusak was broad and brown of countenance, slightly marked by smallpox, but handsome for all that.
/hpc_stor03/sjtu_home/chaolei.liu/data/tts/LibriTTS/train-clean-100/3699/19402/3699_19402_000018_000000.wav|--It looks well at least; quoth my father to himself.
/hpc_stor03/sjtu_home/chaolei.liu/data/tts/LibriTTS/train-clean-100/6880/216547/6880_216547_000053_000007.wav|That I cannot agree to; and for that reason I have criticised your book, so full of beautiful pages, so brilliant with knowledge and fervor!
/hpc_stor03/sjtu_home/chaolei.liu/data/tts/LibriTTS/train-clean-100/4340/15220/4340_15220_000095_000001.wav|"You are a smart child, Bab; and if I had enough I'd take you in myself,"" said Billy, heartily; for, having sisters of his own, he kept a soft place in his heart for girls, especially enterprising ones."
/hpc_stor03/sjtu_home/chaolei.liu/data/tts/LibriTTS/train-clean-100/27/123349/27_123349_000012_000004.wav|Then, instead of applying, as he should have done, to the States General, who sate close to his own door, he sent a messenger to the magistrates of Amsterdam, with a request that the suspected ships might be detained.
/hpc_stor03/sjtu_home/chaolei.liu/data/tts/LibriTTS/train-clean-100/3879/173592/3879_173592_000013_000004.wav|The energy of reviving hope lent new life to their exhausted frames.
/hpc_stor03/sjtu_home/chaolei.liu/data/tts/LibriTTS/train-clean-100/6078/54007/6078_54007_000047_000001.wav|"""I thought so,"" said the Fiddler; and then he gave over kicking."
/hpc_stor03/sjtu_home/chaolei.liu/data/tts/LibriTTS/train-clean-100/3830/12531/3830_12531_000006_000000.wav|"""CAN I get home tonight?"" I asked myself."
/hpc_stor03/sjtu_home/chaolei.liu/data/tts/LibriTTS/train-clean-100/2436/2481/2436_2481_000040_000004.wav|It had only a bunk, my tiny desk, a chair and clothes robe.
/hpc_stor03/sjtu_home/chaolei.liu/data/tts/LibriTTS/train-clean-100/322/124146/322_124146_000029_000004.wav|I told you in the library, you know, that I should never speak to you again, and you will find me as good as my word.
/hpc_stor03/sjtu_home/chaolei.liu/data/tts/LibriTTS/train-clean-100/458/126294/458_126294_000008_000002.wav|But when she came in, and went to the beds, both the children were gone.
/hpc_stor03/sjtu_home/chaolei.liu/data/tts/LibriTTS/train-clean-100/8797/294123/8797_294123_000025_000002.wav|There is such a thing as race egotism as well as creature egotism, and a very good thing it is.
/hpc_stor03/sjtu_home/chaolei.liu/data/tts/LibriTTS/train-clean-100/7505/258958/7505_258958_000015_000005.wav|Only the net increase in value can be accounted income in the second period.
/hpc_stor03/sjtu_home/chaolei.liu/data/tts/LibriTTS/train-clean-100/2182/181173/2182_181173_000004_000001.wav|"""Once, when I fell down and cut my knee, she gave me an apple for nothing."
/hpc_stor03/sjtu_home/chaolei.liu/data/tts/LibriTTS/train-clean-100/3440/171009/3440_171009_000138_000000.wav|"""Do, papa,"" she urged, ""it would give me pleasure to see you enjoying it."""
/hpc_stor03/sjtu_home/chaolei.liu/data/tts/LibriTTS/train-clean-100/3486/166424/3486_166424_000024_000002.wav|I caught the glint of helmets and corselets.
/hpc_stor03/sjtu_home/chaolei.liu/data/tts/LibriTTS/train-clean-100/1069/133699/1069_133699_000016_000000.wav|"""The companions of freemen--I like that, Miss Stackpole,"" said Ralph. ""It's a beautiful description."""
/hpc_stor03/sjtu_home/chaolei.liu/data/tts/LibriTTS/train-clean-100/4441/76262/4441_76262_000045_000001.wav|"""I say, what a sweet thing!"
/hpc_stor03/sjtu_home/chaolei.liu/data/tts/LibriTTS/train-clean-100/1098/133695/1098_133695_000003_000003.wav|For what is usually called social intercourse she had very little relish; but nothing pleased her more than to find her hall-table whitened with oblong morsels of symbolic pasteboard.
/hpc_stor03/sjtu_home/chaolei.liu/data/tts/LibriTTS/train-clean-100/4137/11702/4137_11702_000064_000000.wav|"""He's--he's--well, he's---- Here he is, Father."" She ran up to him impulsively as he came in at the door."
/hpc_stor03/sjtu_home/chaolei.liu/data/tts/LibriTTS/train-clean-100/8051/119902/8051_119902_000009_000003.wav|This means practically all the commercial bakers of the country, and many hotels, clubs, and institutions.
/hpc_stor03/sjtu_home/chaolei.liu/data/tts/LibriTTS/train-clean-100/233/155990/233_155990_000014_000001.wav|The losses of life and of treasure were frightful.
/hpc_stor03/sjtu_home/chaolei.liu/data/tts/LibriTTS/train-clean-100/78/368/78_368_000010_000002.wav|I was bewildered, in a cloud of wonder and horror.
/hpc_stor03/sjtu_home/chaolei.liu/data/tts/LibriTTS/train-clean-100/3374/298026/3374_298026_000002_000004.wav|For your spirit, too, stands distinct and perfect before me, not as an apparition which appears and fades away again, but as one of the forms that endure forever.
/hpc_stor03/sjtu_home/chaolei.liu/data/tts/LibriTTS/train-clean-100/6147/34606/6147_34606_000010_000000.wav|There was the Hell-fire Club, where they played at being impious.
/hpc_stor03/sjtu_home/chaolei.liu/data/tts/LibriTTS/train-clean-100/1040/133433/1040_133433_000096_000000.wav|"""You have missed a bit,"" interrupts Jane, who now knows the story better than her mother."
/hpc_stor03/sjtu_home/chaolei.liu/data/tts/LibriTTS/train-clean-100/1624/142933/1624_142933_000016_000001.wav|"Who else would it be?"" sputtered Jenny rather crossly, for she was still a little put out because she had been laughed at."
/hpc_stor03/sjtu_home/chaolei.liu/data/tts/LibriTTS/train-clean-100/426/122821/426_122821_000053_000009.wav|Think of that, teacher, I've been in the sunset.
/hpc_stor03/sjtu_home/chaolei.liu/data/tts/LibriTTS/train-clean-100/1246/135815/1246_135815_000036_000000.wav|"""Do you have many enemies?"" asked Peter Rabbit, who has so many himself that he is constantly thinking of them."
/hpc_stor03/sjtu_home/chaolei.liu/data/tts/LibriTTS/train-clean-100/7226/86965/7226_86965_000002_000006.wav|She had a vinegary, slangy tongue, and being somewhat deaf, would break in upon the conversation with remarks sharper than they were pat.
/hpc_stor03/sjtu_home/chaolei.liu/data/tts/LibriTTS/train-clean-100/8324/286683/8324_286683_000002_000000.wav|One warm day in winter, when some of the pussy-willows made a mistake and began to grow because they thought spring had come, a party of Muskrats were visiting in the marsh beside the pond.
/hpc_stor03/sjtu_home/chaolei.liu/data/tts/LibriTTS/train-clean-100/2893/139310/2893_139310_000033_000003.wav|The whole mass of people was chanting together.
/hpc_stor03/sjtu_home/chaolei.liu/data/tts/LibriTTS/train-clean-100/5514/19193/5514_19193_000061_000000.wav|Thus it went on for some time.
/hpc_stor03/sjtu_home/chaolei.liu/data/tts/LibriTTS/train-clean-100/1578/140045/1578_140045_000031_000000.wav|"""That is better,"" Miss Dearborn answered, ""though I cannot think 'going to smash' is a pretty expression for poetry."""
/hpc_stor03/sjtu_home/chaolei.liu/data/tts/LibriTTS/train-clean-100/4214/7146/4214_7146_000011_000002.wav|I know she doesn't but of course I'll ask her just as if I didn't know.
/hpc_stor03/sjtu_home/chaolei.liu/data/tts/LibriTTS/train-clean-100/1992/141719/1992_141719_000016_000014.wav|In one of his frantick Fits, he put on the green Armour, that had created him such a World of Disgrace.
/hpc_stor03/sjtu_home/chaolei.liu/data/tts/LibriTTS/train-clean-100/3982/182255/3982_182255_000041_000000.wav|"""It's a fact,"" repeated Mr. Fyshe."
/hpc_stor03/sjtu_home/chaolei.liu/data/tts/LibriTTS/train-clean-100/2007/149877/2007_149877_000018_000000.wav|"""Glad of it,"" said Hurstwood, his black eyes lit with a warmth which half displaced the cold make-believe that usually dwelt in them."
/hpc_stor03/sjtu_home/chaolei.liu/data/tts/LibriTTS/train-clean-100/8975/270782/8975_270782_000021_000005.wav|But it is only a deceptive appearance by which we have allowed ourselves to be frightened.
/hpc_stor03/sjtu_home/chaolei.liu/data/tts/LibriTTS/train-clean-100/4830/25904/4830_25904_000006_000002.wav|One lioness was ill, and lay on her bed, looking very pensive, while her mate moved restlessly about her, evidently anxious to do something for her, and much afflicted by her suffering.
/hpc_stor03/sjtu_home/chaolei.liu/data/tts/LibriTTS/train-clean-100/311/124404/311_124404_000002_000010.wav|I was not, however, disposed, from these circumstances, to conclude that this world had been created in the manner I described; for it is much more likely that God made it at the first such as it was to be.
/hpc_stor03/sjtu_home/chaolei.liu/data/tts/LibriTTS/train-clean-100/2952/408/2952_408_000012_000003.wav|But the law of our village, as I told you last evening, obliges us to quit our houses after a death has taken place, and to leave the corpse alone.
/hpc_stor03/sjtu_home/chaolei.liu/data/tts/LibriTTS/train-clean-100/5049/25947/5049_25947_000025_000005.wav|He was dead, but he was not defeated.
/hpc_stor03/sjtu_home/chaolei.liu/data/tts/LibriTTS/train-clean-100/8425/292520/8425_292520_000038_000000.wav|And that other night, When the river rippled with faint spears Of street lights vaguely reflected.
/hpc_stor03/sjtu_home/chaolei.liu/data/tts/LibriTTS/train-clean-100/6454/107462/6454_107462_000023_000000.wav|"""Well, the way of it was, you see, he put it up the chimbley, but when the chimbley-sweepers come he transferred it in his weskit to my place, and I dropped it down the well."
/hpc_stor03/sjtu_home/chaolei.liu/data/tts/LibriTTS/train-clean-100/4813/248641/4813_248641_000016_000000.wav|"Hingham, its Main Street--alas for the original name of ""Bachelors Rowe""--arched by a double row of superb elms on either side, is incalculably rich in old houses, old traditions, old families."
/hpc_stor03/sjtu_home/chaolei.liu/data/tts/LibriTTS/train-clean-100/2002/139469/2002_139469_000022_000004.wav|The most luxurious were often the first to part with their indulgencies.
/hpc_stor03/sjtu_home/chaolei.liu/data/tts/LibriTTS/train-clean-100/8465/246943/8465_246943_000027_000000.wav|But Leopold seemed not to hear a word she said, and lay with his face to the wall.
/hpc_stor03/sjtu_home/chaolei.liu/data/tts/LibriTTS/train-clean-100/2092/145706/2092_145706_000034_000000.wav|Ferko went at once to the King and told him the palace was finished.
/hpc_stor03/sjtu_home/chaolei.liu/data/tts/LibriTTS/train-clean-100/1963/147036/1963_147036_000069_000000.wav|"""Do you mean to say----"" he said hoarsely."
/hpc_stor03/sjtu_home/chaolei.liu/data/tts/LibriTTS/train-clean-100/8468/286673/8468_286673_000001_000004.wav|"I believe I will go over and speak to them."""
/hpc_stor03/sjtu_home/chaolei.liu/data/tts/LibriTTS/train-clean-100/1737/142397/1737_142397_000028_000006.wav|So we sheered off together, arm-in-arm, so to speak; and with fullest confidence I took the jigging, thwartwise course my chainless pilot laid for me.
/hpc_stor03/sjtu_home/chaolei.liu/data/tts/LibriTTS/train-clean-100/1455/134435/1455_134435_000007_000006.wav|They both expected her to make trouble but were mistaken.
/hpc_stor03/sjtu_home/chaolei.liu/data/tts/LibriTTS/train-clean-100/911/128684/911_128684_000012_000002.wav|We can say that we are aware of a painful place, filling a certain bigness in our organism, or we can say that we are inwardly in a 'state' of pain.
/hpc_stor03/sjtu_home/chaolei.liu/data/tts/LibriTTS/train-clean-100/3857/182317/3857_182317_000026_000004.wav|In addition to these, a race, to be great, needs some hunger, some itch, to spur it up the hard path we lately have learned to call evolution.
/hpc_stor03/sjtu_home/chaolei.liu/data/tts/LibriTTS/train-clean-100/1116/137572/1116_137572_000018_000001.wav|Respect for the other member of the marriage association is a must-have.
/hpc_stor03/sjtu_home/chaolei.liu/data/tts/LibriTTS/train-clean-100/8838/298545/8838_298545_000014_000002.wav|A young man stood at the entrance-- a stocky, bull-necked young miner, in tweed Sunday clothes and an aggressive neck-tie.
/hpc_stor03/sjtu_home/chaolei.liu/data/tts/LibriTTS/train-clean-100/4397/15668/4397_15668_000005_000001.wav|"I will bathe in the high sky, among cool wind-waves from the snow."" From the more southerly of the two peaks a long ridge comes down, bent like a bow, one end in the hot plains, the other in the snow of the summit."
/hpc_stor03/sjtu_home/chaolei.liu/data/tts/LibriTTS/train-clean-100/730/358/730_358_000003_000002.wav|[The moon] I gazed with a kind of wonder.
/hpc_stor03/sjtu_home/chaolei.liu/data/tts/LibriTTS/train-clean-100/3168/173564/3168_173564_000011_000000.wav|The count returned and lay down behind the partition.
/hpc_stor03/sjtu_home/chaolei.liu/data/tts/LibriTTS/train-clean-100/2910/131096/2910_131096_000024_000000.wav|This unseemly confusion the pious Psyche put an end to, by separating and sorting everything to its proper place and kind, believing that she ought to neglect none of the gods, but endeavor by her piety to engage them all in her behalf.
/hpc_stor03/sjtu_home/chaolei.liu/data/tts/LibriTTS/train-clean-100/298/126790/298_126790_000038_000000.wav|"""Kindly, you may be certain,"" said Katy, rather tartly."
/hpc_stor03/sjtu_home/chaolei.liu/data/tts/LibriTTS/train-clean-100/2911/15084/2911_15084_000007_000006.wav|Unmolested by Indian enemies, and fed by a rich commerce, she would have put forth a vigorous growth.
/hpc_stor03/sjtu_home/chaolei.liu/data/tts/LibriTTS/train-clean-100/7780/274562/7780_274562_000008_000017.wav|Yet his reasons have not yet been matured into expression.
/hpc_stor03/sjtu_home/chaolei.liu/data/tts/LibriTTS/train-clean-100/1867/148436/1867_148436_000039_000001.wav|"I got a dollar here that'll buy you a pretty good store knife."""
/hpc_stor03/sjtu_home/chaolei.liu/data/tts/LibriTTS/train-clean-100/839/130898/839_130898_000044_000000.wav|But the Nautilus kept gravitating southward.
/hpc_stor03/sjtu_home/chaolei.liu/data/tts/LibriTTS/train-clean-100/5390/24512/5390_24512_000015_000002.wav|The Roman soldiers hesitated, but the Jews promised most faithfully to keep their word.
/hpc_stor03/sjtu_home/chaolei.liu/data/tts/LibriTTS/train-clean-100/3526/175658/3526_175658_000009_000004.wav|I discovered, however, that there was a certain serenity of eye, and freshness of complexion, most pleasing to behold.
/hpc_stor03/sjtu_home/chaolei.liu/data/tts/LibriTTS/train-clean-100/4014/186183/4014_186183_000021_000001.wav|There their front-line ranks held firm, while the new formation was being effected behind them. It was about four o'clock in the afternoon when this was complete.
/hpc_stor03/sjtu_home/chaolei.liu/data/tts/LibriTTS/train-clean-100/5778/12761/5778_12761_000013_000009.wav|Ignorant of the character of these people, we had now additional cause of uneasiness in regard to Mr. Preuss; he had no arms with him, and we began to think his chance doubtful.
/hpc_stor03/sjtu_home/chaolei.liu/data/tts/LibriTTS/train-clean-100/2691/156755/2691_156755_000006_000000.wav|"""I did not learn, it is a gift,"" she replied."
/hpc_stor03/sjtu_home/chaolei.liu/data/tts/LibriTTS/train-clean-100/7511/102419/7511_102419_000012_000000.wav|"""Wallace may have changed his mind about me, but he would not marry without telling me."
/hpc_stor03/sjtu_home/chaolei.liu/data/tts/LibriTTS/train-clean-100/5750/100289/5750_100289_000037_000005.wav|We organized as a committee, and issued a general call for a conference in October at the university, upon the cordial invitation of Dr. McKenzie and President Thompson.
/hpc_stor03/sjtu_home/chaolei.liu/data/tts/LibriTTS/train-clean-100/5163/39921/5163_39921_000038_000001.wav|After the preliminary remarks in which he indulged, she said, with seeming irrelevance, that Saturday had been a fine day.
/hpc_stor03/sjtu_home/chaolei.liu/data/tts/LibriTTS/train-clean-100/4481/17498/4481_17498_000051_000001.wav|Patsy and her father stared at one another with grave intentness. Then the Major drew out his handkerchief and mopped his brow.
/hpc_stor03/sjtu_home/chaolei.liu/data/tts/LibriTTS/train-clean-100/8629/261139/8629_261139_000043_000001.wav|But I shall speak of her again.
/hpc_stor03/sjtu_home/chaolei.liu/data/tts/LibriTTS/train-clean-100/6529/62554/6529_62554_000020_000001.wav|There is a mystery still, but if we discover the man, the mystery will be discovered also.
/hpc_stor03/sjtu_home/chaolei.liu/data/tts/LibriTTS/train-clean-100/5104/33406/5104_33406_000113_000001.wav|But they met heavy storms, and some ships were wrecked, and the men drowned.
/hpc_stor03/sjtu_home/chaolei.liu/data/tts/LibriTTS/train-clean-100/198/209/198_209_000021_000006.wav|But what do you think we have been talking of?
/hpc_stor03/sjtu_home/chaolei.liu/data/tts/LibriTTS/train-clean-100/3112/9555/3112_9555_000021_000007.wav|Into the hay-field on holidays I was often compelled to go,--not, I fear, with much profit. My father's health was very bad.
/hpc_stor03/sjtu_home/chaolei.liu/data/tts/LibriTTS/train-clean-100/8770/295462/8770_295462_000050_000000.wav|"Secretary Stanton continued: ""I have always tried to be calm, but I think I lost my calmness for a moment, and with great enthusiasm I arose, approached the President, extended my hand and said:"
/hpc_stor03/sjtu_home/chaolei.liu/data/tts/LibriTTS/train-clean-100/4195/186236/4195_186236_000019_000004.wav|"As far as she knew, she tried to be good to us."""
/hpc_stor03/sjtu_home/chaolei.liu/data/tts/LibriTTS/train-clean-100/2289/152253/2289_152253_000007_000001.wav|One day, shortly after he became king, Attila went to the cave to get his fortune told.
/hpc_stor03/sjtu_home/chaolei.liu/data/tts/LibriTTS/train-clean-100/1363/139304/1363_139304_000008_000000.wav|The movement of his head involved a perception of extreme physical weakness.
/hpc_stor03/sjtu_home/chaolei.liu/data/tts/LibriTTS/train-clean-100/7190/90542/7190_90542_000038_000001.wav|"""One or two doubtful places I had dug up."
/hpc_stor03/sjtu_home/chaolei.liu/data/tts/LibriTTS/train-clean-100/5393/19219/5393_19219_000047_000063.wav|For sixty centuries men and women have got out of their scrape by loving.
/hpc_stor03/sjtu_home/chaolei.liu/data/tts/LibriTTS/train-clean-100/2159/179157/2159_179157_000006_000009.wav|It crackled like a mighty fire.
/hpc_stor03/sjtu_home/chaolei.liu/data/tts/LibriTTS/train-clean-100/1088/129236/1088_129236_000019_000004.wav|Her existence makes the world rich.
/hpc_stor03/sjtu_home/chaolei.liu/data/tts/LibriTTS/train-clean-100/150/126112/150_126112_000027_000000.wav|And the little boat bumped against the stone.
/hpc_stor03/sjtu_home/chaolei.liu/data/tts/LibriTTS/train-clean-100/8108/280354/8108_280354_000007_000001.wav|Not to look upon the blackness of Tartarus have I come hither, nor yet to bind in chains the snaky heads on Cerberus.
/hpc_stor03/sjtu_home/chaolei.liu/data/tts/LibriTTS/train-clean-100/6836/61803/6836_61803_000037_000002.wav|"I acknowledge that I have forfeited my life, and deserve to lose it."""
/hpc_stor03/sjtu_home/chaolei.liu/data/tts/LibriTTS/train-clean-100/5703/47212/5703_47212_000033_000001.wav|I'm sorry you can't take him in.
/hpc_stor03/sjtu_home/chaolei.liu/data/tts/LibriTTS/train-clean-100/5022/29411/5022_29411_000036_000003.wav|"She walked in, sir, as if the place belonged to her."""
/hpc_stor03/sjtu_home/chaolei.liu/data/tts/LibriTTS/train-clean-100/332/128985/332_128985_000012_000001.wav|Buccaneers were outlawed by the Spanish, and were considered as wild beasts to be killed without mercy wherever caught.
/hpc_stor03/sjtu_home/chaolei.liu/data/tts/LibriTTS/train-clean-100/587/54108/587_54108_000013_000001.wav|He protested at such a stupendous comparison, and insisted that she make clear that the dummy was not included.
/hpc_stor03/sjtu_home/chaolei.liu/data/tts/LibriTTS/train-clean-100/163/122947/163_122947_000015_000008.wav|Is not life a hundred times too short for us--to bore ourselves?
/hpc_stor03/sjtu_home/chaolei.liu/data/tts/LibriTTS/train-clean-100/8014/280382/8014_280382_000005_000001.wav|"""Suffer not,"" they said, ""that we, who are Tuscans by birth, should remain any more in poverty and exile."
/hpc_stor03/sjtu_home/chaolei.liu/data/tts/LibriTTS/train-clean-100/200/126784/200_126784_000023_000000.wav|At length his sisters, with trembling hands, replaced his original disguise, the instruments of which had been carefully kept at hand by Caesar, in expectation of some sudden emergency.
/hpc_stor03/sjtu_home/chaolei.liu/data/tts/LibriTTS/train-clean-100/8609/262281/8609_262281_000012_000002.wav|Lady Augusta was wont to say that she had too much expense with her boys to keep many servants; and the argument was a true one.
/hpc_stor03/sjtu_home/chaolei.liu/data/tts/LibriTTS/train-clean-100/7794/295947/7794_295947_000034_000000.wav|"""I really am perfectly unaware of having sent you a fox's liver: there must be some mistake here."
/hpc_stor03/sjtu_home/chaolei.liu/data/tts/LibriTTS/train-clean-100/1183/133255/1183_133255_000038_000001.wav|It is famous for giving a perfectly natural tint to the cheeks.
/hpc_stor03/sjtu_home/chaolei.liu/data/tts/LibriTTS/train-clean-100/1263/138246/1263_138246_000035_000000.wav|"""That Nicholl is not a man,"" exclaimed Michel; ""he is a chronometer with seconds, an escape, and eight holes."""
/hpc_stor03/sjtu_home/chaolei.liu/data/tts/LibriTTS/train-clean-100/4297/13009/4297_13009_000019_000002.wav|But he said just the same!--that he considered I was bound to join him.
/hpc_stor03/sjtu_home/chaolei.liu/data/tts/LibriTTS/train-clean-100/2196/170151/2196_170151_000012_000001.wav|If that trial or deprivation has left me better, truer, nobler, then,--poverty has been riches, failure has been a success.
/hpc_stor03/sjtu_home/chaolei.liu/data/tts/LibriTTS/train-clean-100/3607/29116/3607_29116_000015_000000.wav|"""Oh, no. I told him you were daft about the negro and the philanthropy part of it, as you are."""
/hpc_stor03/sjtu_home/chaolei.liu/data/tts/LibriTTS/train-clean-100/8312/279790/8312_279790_000002_000005.wav|She herself had lost the best of husbands, and here she began to weep so profusely, that it was a wonder her eyes were not melted out of her head.
/hpc_stor03/sjtu_home/chaolei.liu/data/tts/LibriTTS/train-clean-100/125/121124/125_121124_000086_000001.wav|My funds are deposited there, and you can understand that if I draw out ten millions on the same day it will appear rather strange to the governor.
/hpc_stor03/sjtu_home/chaolei.liu/data/tts/LibriTTS/train-clean-100/6818/76332/6818_76332_000022_000002.wav|I used to know the people who lived here--very well indeed--and I have been wondering whether the house was still in their possession.
/hpc_stor03/sjtu_home/chaolei.liu/data/tts/LibriTTS/train-clean-100/2989/138028/2989_138028_000028_000000.wav|"""That I can well believe,"" replied the bachelor, ""for they are so good and so fat, and so well-bred, that they would not say one thing for another, though they were to burst for it."
/hpc_stor03/sjtu_home/chaolei.liu/data/tts/LibriTTS/train-clean-100/1553/140047/1553_140047_000010_000001.wav|"Immerse the garments in a tub, lightly rubbing the more soiled portions with the soap; leave them submerged in water from sunset to sunrise, and then the youngest baby can wash them without the slightest effort."""
/hpc_stor03/sjtu_home/chaolei.liu/data/tts/LibriTTS/train-clean-100/1447/17506/1447_17506_000049_000001.wav|"""I wonder why he has tried to deceive us."""
/hpc_stor03/sjtu_home/chaolei.liu/data/tts/LibriTTS/train-clean-100/7367/86737/7367_86737_000131_000024.wav|Cucumetto stopped at last, and pointed to two persons grouped at the foot of a tree.
/hpc_stor03/sjtu_home/chaolei.liu/data/tts/LibriTTS/train-clean-100/5463/39173/5463_39173_000037_000003.wav|In this she showed the peculiar strength which God had given her.
/hpc_stor03/sjtu_home/chaolei.liu/data/tts/LibriTTS/train-clean-100/201/122255/201_122255_000014_000000.wav|In the good town of Blyth there lived a stout tanner, celebrated far and near for feats of strength and many tough bouts at wrestling and the quarterstaff.
/hpc_stor03/sjtu_home/chaolei.liu/data/tts/LibriTTS/train-clean-100/6476/96661/6476_96661_000002_000000.wav|First there came the youths Castor and Polydeuces.
/hpc_stor03/sjtu_home/chaolei.liu/data/tts/LibriTTS/train-clean-100/7148/82991/7148_82991_000031_000000.wav|"""A foolish wish,"" cried Bryan."
/hpc_stor03/sjtu_home/chaolei.liu/data/tts/LibriTTS/train-clean-100/2518/154826/2518_154826_000031_000000.wav|Although I knew little of these quarries, and certainly was in evil plight to take note of anything at that time, yet afterwards I learnt much about them.
/hpc_stor03/sjtu_home/chaolei.liu/data/tts/LibriTTS/train-clean-100/5789/57158/5789_57158_000037_000000.wav|Then it seemed as though there were nothing else for him but to go;--and yet he wanted to say some other word.
/hpc_stor03/sjtu_home/chaolei.liu/data/tts/LibriTTS/train-clean-100/4406/16883/4406_16883_000021_000003.wav|On the morrow they buried the papoose, and afterward, both morning and evening, there came a company to mourn and howl with her; though I confess I could not much condole with them.
/hpc_stor03/sjtu_home/chaolei.liu/data/tts/LibriTTS/train-clean-100/32/21631/32_21631_000030_000000.wav|"""Then--"" said Mr. Crow--""then don't interrupt me again, please!"
/hpc_stor03/sjtu_home/chaolei.liu/data/tts/LibriTTS/train-clean-100/4859/29340/4859_29340_000009_000001.wav|They see it in what is called culture--in mental activity.
/hpc_stor03/sjtu_home/chaolei.liu/data/tts/LibriTTS/train-clean-100/1743/142914/1743_142914_000023_000000.wav|Mrs. Teeter stood up and stepped aside.
/hpc_stor03/sjtu_home/chaolei.liu/data/tts/LibriTTS/train-clean-100/446/123501/446_123501_000034_000001.wav|The throwing down of his weapons and the withdrawing of his troop before his advance toward me would have signified a peaceful mission anywhere on Earth, so why not, then, on Mars!
/hpc_stor03/sjtu_home/chaolei.liu/data/tts/LibriTTS/train-clean-100/831/130746/831_130746_000005_000000.wav|Their conversation hung comatose in the air, switched up by Bechamel. They listened together.
/hpc_stor03/sjtu_home/chaolei.liu/data/tts/LibriTTS/train-clean-100/909/131041/909_131041_000008_000000.wav|To the People of the State of New York:
/hpc_stor03/sjtu_home/chaolei.liu/data/tts/LibriTTS/train-clean-100/4853/29413/4853_29413_000017_000005.wav|Mr. Roylake, he kicked me.
/hpc_stor03/sjtu_home/chaolei.liu/data/tts/LibriTTS/train-clean-100/6209/34599/6209_34599_000020_000001.wav|He would soon be amidst living creatures.
/hpc_stor03/sjtu_home/chaolei.liu/data/tts/LibriTTS/train-clean-100/669/129074/669_129074_000024_000012.wav|I will see that the buttons of the recruits are properly bright and that the sergeants make no mistakes in their accounts.
/hpc_stor03/sjtu_home/chaolei.liu/data/tts/LibriTTS/train-clean-100/5867/48852/5867_48852_000077_000000.wav|"""Good-by, Mrs. Dale,"" he said."
/hpc_stor03/sjtu_home/chaolei.liu/data/tts/LibriTTS/train-clean-100/7278/91083/7278_91083_000003_000002.wav|Alas! how unhomelike and barren are some of the newspaper offices, where gifted men toil from morning till night, with little time for sleep, and still less for recreation.
/hpc_stor03/sjtu_home/chaolei.liu/data/tts/LibriTTS/train-clean-100/211/122442/211_122442_000015_000001.wav|"Is it not some bad affair?"""
/hpc_stor03/sjtu_home/chaolei.liu/data/tts/LibriTTS/train-clean-100/229/130880/229_130880_000060_000001.wav|"The mussels of certain streams in Scotland, Wales, Ireland, Saxony, Bohemia, and France."""
/hpc_stor03/sjtu_home/chaolei.liu/data/tts/LibriTTS/train-clean-100/5561/39621/5561_39621_000042_000000.wav|"""Parry,"" cried the gentleman, ""I beg you will; you come from England--you come so far."
/hpc_stor03/sjtu_home/chaolei.liu/data/tts/LibriTTS/train-clean-100/7059/77900/7059_77900_000009_000000.wav|"""Why is that girl going to take part in the theatricals?"
/hpc_stor03/sjtu_home/chaolei.liu/data/tts/LibriTTS/train-clean-100/625/132112/625_132112_000014_000015.wav|"Then the sheriff came and took my mule and corn and furniture--"" ""Furniture?"
/hpc_stor03/sjtu_home/chaolei.liu/data/tts/LibriTTS/train-clean-100/226/122538/226_122538_000013_000003.wav|"""Seven pence 'apenny of this stuff ain't much for carrying all that along, I DON'T think!"" grumbled his mate; and Jane's young porter experienced the double joy of faith confirmed, and willing service generously rewarded."
/hpc_stor03/sjtu_home/chaolei.liu/data/tts/LibriTTS/train-clean-100/3235/11599/3235_11599_000012_000003.wav|There are two main classes of simple measures, two-beat measure, and three-beat measure.
/hpc_stor03/sjtu_home/chaolei.liu/data/tts/LibriTTS/train-clean-100/89/219/89_219_000026_000000.wav|It was a narrow winding path through a thick grove of old Scotch firs; and Catherine, struck by its gloomy aspect, and eager to enter it, could not, even by the general's disapprobation, be kept from stepping forward.
/hpc_stor03/sjtu_home/chaolei.liu/data/tts/LibriTTS/train-clean-100/3983/5331/3983_5331_000072_000000.wav|"""A party!"" echoed Miss Carlyle."
/hpc_stor03/sjtu_home/chaolei.liu/data/tts/LibriTTS/train-clean-100/2416/152139/2416_152139_000059_000013.wav|"Why don't you tell me again that I lie--Carling?"""
/hpc_stor03/sjtu_home/chaolei.liu/data/tts/LibriTTS/train-clean-100/8419/286667/8419_286667_000009_000001.wav|She did not turn her head towards him, although, having such a long and slender neck, she could have done so with very little trouble.
/hpc_stor03/sjtu_home/chaolei.liu/data/tts/LibriTTS/train-clean-100/5322/7678/5322_7678_000004_000013.wav|He felt cool and comfortable and did not think of or wish for anything.
/hpc_stor03/sjtu_home/chaolei.liu/data/tts/LibriTTS/train-clean-100/7635/105409/7635_105409_000053_000000.wav|"""Bring the light in here!"" he commanded eagerly, as he once more entered the hut."
/hpc_stor03/sjtu_home/chaolei.liu/data/tts/LibriTTS/train-clean-100/7302/86815/7302_86815_000031_000000.wav|"""Then come to dress and shave me."""
/hpc_stor03/sjtu_home/chaolei.liu/data/tts/LibriTTS/train-clean-100/4160/11550/4160_11550_000041_000001.wav|It was a feeling scarcely defined enough to allow her to decide whether it was real pain or only discomfort.
/hpc_stor03/sjtu_home/chaolei.liu/data/tts/LibriTTS/train-clean-100/8088/284756/8088_284756_000000_000000.wav|From somewhere out on the black, heaving Atlantic, the rapid, muffled popping of a speed-boat's exhaust drifted clearly through the night.
/hpc_stor03/sjtu_home/chaolei.liu/data/tts/LibriTTS/train-clean-100/4018/107338/4018_107338_000020_000000.wav|"""I should hope that none of us have said to him a word that we wish to be forgotten,"" said Sybil."
/hpc_stor03/sjtu_home/chaolei.liu/data/tts/LibriTTS/train-clean-100/3947/13262/3947_13262_000022_000001.wav|His agitation was greater than he could control. Rachel could not help seeing it.
/hpc_stor03/sjtu_home/chaolei.liu/data/tts/LibriTTS/train-clean-100/1502/122619/1502_122619_000055_000003.wav|Its number somewhat exceeded a thousand souls.
/hpc_stor03/sjtu_home/chaolei.liu/data/tts/LibriTTS/train-clean-100/7113/86041/7113_86041_000047_000000.wav|'Why tears, beloved one?' cried the gnome anxiously; 'every tear of yours falls upon my heart like a drop of molten gold.
/hpc_stor03/sjtu_home/chaolei.liu/data/tts/LibriTTS/train-clean-100/405/130894/405_130894_000072_000001.wav|Arms grew weary, hands were rubbed raw, but who cared about exhaustion, what difference were wounds? Life-sustaining air reached our lungs!
/hpc_stor03/sjtu_home/chaolei.liu/data/tts/LibriTTS/train-clean-100/7402/59171/7402_59171_000005_000006.wav|But this is only the Billingsgate of our exasperation.
/hpc_stor03/sjtu_home/chaolei.liu/data/tts/LibriTTS/train-clean-100/696/93314/696_93314_000074_000000.wav|"""He asked me to marry him three weeks ago."
/hpc_stor03/sjtu_home/chaolei.liu/data/tts/LibriTTS/train-clean-100/7264/92316/7264_92316_000027_000002.wav|True, the editor, being revocable and poor, could not pretend to full political power.
/hpc_stor03/sjtu_home/chaolei.liu/data/tts/LibriTTS/train-clean-100/39/121916/39_121916_000004_000001.wav|Had it taken place only once a year, it would have been a grievance.
/hpc_stor03/sjtu_home/chaolei.liu/data/tts/LibriTTS/train-clean-100/7078/271888/7078_271888_000043_000000.wav|I shook my head sadly.
/hpc_stor03/sjtu_home/chaolei.liu/data/tts/LibriTTS/train-clean-100/40/121026/40_121026_000131_000000.wav|"""Pray ask me whatever questions you please; for, in good truth, you see more clearly into my life than I do myself."""
/hpc_stor03/sjtu_home/chaolei.liu/data/tts/LibriTTS/train-clean-100/3807/4923/3807_4923_000029_000001.wav|From the dark hull of the brig broke a flash and a report, and a musket ball cut the water beside them with a chirping noise.
/hpc_stor03/sjtu_home/chaolei.liu/data/tts/LibriTTS/train-clean-100/7067/76047/7067_76047_000031_000004.wav|Miss Seyffert is a fairly crude mixture of frankness, insincerity and self-explanatory egotism, and I have been able to disregard a considerable amount of the conversation she has addressed to me.
/hpc_stor03/sjtu_home/chaolei.liu/data/tts/LibriTTS/train-clean-100/1841/150351/1841_150351_000023_000006.wav|Upon the framework thus constructed split cedar boards are fastened, and the building is practically finished.
/hpc_stor03/sjtu_home/chaolei.liu/data/tts/LibriTTS/train-clean-100/5339/14134/5339_14134_000009_000004.wav|A minute ago Philip and he were on a level of ignorance, from which the former was evidently going to be raised. But he soon returned to his usual state of acquiescence in things as they were, which was partly constitutional, and partly the result of his Quaker training.
/hpc_stor03/sjtu_home/chaolei.liu/data/tts/LibriTTS/train-clean-100/3240/131232/3240_131232_000079_000000.wav|There's no escape from it.
/hpc_stor03/sjtu_home/chaolei.liu/data/tts/LibriTTS/train-clean-100/2136/5143/2136_5143_000065_000001.wav|What do you cry for, little fool?'
/hpc_stor03/sjtu_home/chaolei.liu/data/tts/LibriTTS/train-clean-100/2391/145015/2391_145015_000004_000000.wav|True taste is not fastidious, nor rejects, Because they may not come within the rule Of composition pure and picturesque, Unnumbered simple scenes which fill the leaves Of Nature's sketch book.
/hpc_stor03/sjtu_home/chaolei.liu/data/tts/LibriTTS/train-clean-100/6848/76049/6848_76049_000002_000003.wav|He lay on his back and his bent knees lifted the bed-clothes into a sharp mountain.
/hpc_stor03/sjtu_home/chaolei.liu/data/tts/LibriTTS/train-clean-100/8630/305212/8630_305212_000005_000001.wav|Monica was devoting herself heart and soul to the old woman, who clung to her with tender affection, and was never happy in her absence.
/hpc_stor03/sjtu_home/chaolei.liu/data/tts/LibriTTS/train-clean-100/5808/54425/5808_54425_000017_000000.wav|For the first time he looked up, and his eyes were full of tears--tears both of grief and intoxication.
/hpc_stor03/sjtu_home/chaolei.liu/data/tts/LibriTTS/train-clean-100/2843/152918/2843_152918_000006_000004.wav|We knew by experience that a gleam like this, a clearing in the weather, might come suddenly, and then one had to be on the spot.
/hpc_stor03/sjtu_home/chaolei.liu/data/tts/LibriTTS/train-clean-100/60/121082/60_121082_000012_000001.wav|"I am very tired, and as I have not eaten so good a dinner as you, I can scarcely stand."" The young man shuddered at this strange familiarity."
/hpc_stor03/sjtu_home/chaolei.liu/data/tts/LibriTTS/train-clean-100/8747/293952/8747_293952_000017_000004.wav|Bernard had a high temper, but he could not always control it, and was a kind-hearted boy.
/hpc_stor03/sjtu_home/chaolei.liu/data/tts/LibriTTS/train-clean-100/6531/61334/6531_61334_000004_000002.wav|In consequence he came into conflict with Babylonia, but he ultimately formed an alliance with that kingdom.
/hpc_stor03/sjtu_home/chaolei.liu/data/tts/LibriTTS/train-clean-100/6272/70171/6272_70171_000019_000003.wav|I finished Childe Harold early in the morning, though, and went down to breakfast, longing to be a wreck!
/hpc_stor03/sjtu_home/chaolei.liu/data/tts/LibriTTS/train-clean-100/87/121553/87_121553_000007_000000.wav|Song that as greatly doth transcend our Muses, Our Sirens, in those dulcet clarions, As primal splendour that which is reflected.
/hpc_stor03/sjtu_home/chaolei.liu/data/tts/LibriTTS/train-clean-100/6415/116629/6415_116629_000017_000014.wav|Whenever I want to put something in, and ask Dietrich to lend me a little to try with, Jost acts as if he were the lord and master of the whole concern, and 'donkey' is the mildest name he calls me.
/hpc_stor03/sjtu_home/chaolei.liu/data/tts/LibriTTS/train-clean-100/83/11691/83_11691_000017_000000.wav|Coronel didn't know whether to laugh or to cry.
/hpc_stor03/sjtu_home/chaolei.liu/data/tts/LibriTTS/train-clean-100/3436/172162/3436_172162_000013_000003.wav|Neither would the damsels prepare a bed for him.
/hpc_stor03/sjtu_home/chaolei.liu/data/tts/LibriTTS/train-clean-100/6064/56165/6064_56165_000016_000001.wav|She, too, had a brother in College.
/hpc_stor03/sjtu_home/chaolei.liu/data/tts/LibriTTS/train-clean-100/196/122159/196_122159_000007_000004.wav|One knows a downright lie.
/hpc_stor03/sjtu_home/chaolei.liu/data/tts/LibriTTS/train-clean-100/1594/135914/1594_135914_000030_000001.wav|I thought you were in the caliph's palace; he has doubtless listened to you.
/hpc_stor03/sjtu_home/chaolei.liu/data/tts/LibriTTS/train-clean-100/5456/62043/5456_62043_000029_000002.wav|We were nearing the shore, for the purpose of looking for wood, the banks being invisible from the middle of the river.
/hpc_stor03/sjtu_home/chaolei.liu/data/tts/LibriTTS/train-clean-100/307/127535/307_127535_000033_000018.wav|Ah, well, there's a deal to say to number three.
/hpc_stor03/sjtu_home/chaolei.liu/data/tts/LibriTTS/train-clean-100/6081/41998/6081_41998_000039_000000.wav|"""Last night, as he was alighting from his carriage, at his own door, he had a most unfortunate fall, and broke his leg."""
/hpc_stor03/sjtu_home/chaolei.liu/data/tts/LibriTTS/train-clean-100/6000/55211/6000_55211_000081_000000.wav|"""Wasn't it awful!"" choked Billy."
/hpc_stor03/sjtu_home/chaolei.liu/data/tts/LibriTTS/train-clean-100/6925/80680/6925_80680_000006_000000.wav|'Tiger?' replied the queen.
/hpc_stor03/sjtu_home/chaolei.liu/data/tts/LibriTTS/train-clean-100/8123/275193/8123_275193_000016_000004.wav|He took to the sand baths at once, and gave forth many disgruntled grunts when lifted out of them.
/hpc_stor03/sjtu_home/chaolei.liu/data/tts/LibriTTS/train-clean-100/5652/39938/5652_39938_000019_000003.wav|A go-as-you-please method characterizes our whole society from the kindergarten to the height of life.
/hpc_stor03/sjtu_home/chaolei.liu/data/tts/LibriTTS/train-clean-100/6385/34669/6385_34669_000017_000000.wav|There are cases in which the dog feels that he should follow his master; others, in which he should precede him.
/hpc_stor03/sjtu_home/chaolei.liu/data/tts/LibriTTS/train-clean-100/6019/3185/6019_3185_000032_000001.wav|In that short interval other events had occurred no less terrific and mysterious.
/hpc_stor03/sjtu_home/chaolei.liu/data/tts/LibriTTS/train-clean-100/1235/135884/1235_135884_000010_000005.wav|rather,' replied she, the calf you bring back is our landlord's son; I laughed for joy to see him still alive, and wept at the remembrance of the sacrifice that was made the other day of his mother, who was changed into a cow.
/hpc_stor03/sjtu_home/chaolei.liu/data/tts/LibriTTS/train-clean-100/4680/16042/4680_16042_000020_000010.wav|Shall we brand every appeal to arms within a city's limits without taking the object into a consideration?
/hpc_stor03/sjtu_home/chaolei.liu/data/tts/LibriTTS/train-clean-100/250/142276/250_142276_000006_000002.wav|Its people were her people.
/hpc_stor03/sjtu_home/chaolei.liu/data/tts/LibriTTS/train-clean-100/7800/283492/7800_283492_000006_000000.wav|"""We can only give a guess at that,"" Frank told him."
/hpc_stor03/sjtu_home/chaolei.liu/data/tts/LibriTTS/train-clean-100/3214/167606/3214_167606_000011_000004.wav|"How is it that we are staying on?"""
/hpc_stor03/sjtu_home/chaolei.liu/data/tts/LibriTTS/train-clean-100/4267/72637/4267_72637_000014_000000.wav|'Can Aunt Celia have Apollinaris and black coffee after her morning bath?' I asked.
/hpc_stor03/sjtu_home/chaolei.liu/data/tts/LibriTTS/train-clean-100/4051/11217/4051_11217_000028_000004.wav|Medea then led Jason down the palace steps, and through the silent streets of the city, and into the royal pasture ground, where the two brazen-footed bulls were kept.
/hpc_stor03/sjtu_home/chaolei.liu/data/tts/LibriTTS/train-clean-100/2817/142380/2817_142380_000007_000000.wav|Adam took his chair again mechanically, and Bartle, for whom there was no chair remaining, sat on the bed in the background.
/hpc_stor03/sjtu_home/chaolei.liu/data/tts/LibriTTS/train-clean-100/7447/91187/7447_91187_000007_000002.wav|Although his mode of expression was peculiarly his own, he had received a strong impulse from the popular music of Poland.
/hpc_stor03/sjtu_home/chaolei.liu/data/tts/LibriTTS/train-clean-100/8226/274371/8226_274371_000015_000001.wav|The small interval of time which had passed since the fatal accusation of the members, had been sufficient to open the eyes of many, and to recover them from the astonishment with which at first they had been seized.
/hpc_stor03/sjtu_home/chaolei.liu/data/tts/LibriTTS/train-clean-100/3664/178366/3664_178366_000020_000001.wav|I met him soon after he got into town.
/hpc_stor03/sjtu_home/chaolei.liu/data/tts/LibriTTS/train-clean-100/3259/158083/3259_158083_000087_000000.wav|"""Will you work?""-""Will you put on prison clothes?"""
/hpc_stor03/sjtu_home/chaolei.liu/data/tts/LibriTTS/train-clean-100/460/172359/460_172359_000056_000003.wav|And then when Myra would go off duty and Miss Cleghorn, who was sallow, would come on, the commercial men would be off again like autumn leaves.
/hpc_stor03/sjtu_home/chaolei.liu/data/tts/LibriTTS/train-clean-100/887/123289/887_123289_000057_000001.wav|"Don't decline the honour of having given your name to the first island ever discovered in the central parts of the globe."""
/hpc_stor03/sjtu_home/chaolei.liu/data/tts/LibriTTS/train-clean-100/7517/100437/7517_100437_000006_000008.wav|You have heard of him?
/hpc_stor03/sjtu_home/chaolei.liu/data/tts/LibriTTS/train-clean-100/412/126975/412_126975_000034_000005.wav|Mr. Blount started, and stopped in his shout of assent.
/hpc_stor03/sjtu_home/chaolei.liu/data/tts/LibriTTS/train-clean-100/2384/152900/2384_152900_000011_000004.wav|It is extraordinarily light and strong, and keeps the wind completely out.
/hpc_stor03/sjtu_home/chaolei.liu/data/tts/LibriTTS/train-clean-100/4088/158077/4088_158077_000072_000001.wav|This occasion offered us the opportunity again to expose the Administration's weakness in claiming complete political democracy while women were still denied their political freedom.
/hpc_stor03/sjtu_home/chaolei.liu/data/tts/LibriTTS/train-clean-100/481/123720/481_123720_000044_000024.wav|Oh, how I prayed for the day to pass quickly!
/hpc_stor03/sjtu_home/chaolei.liu/data/tts/LibriTTS/train-clean-100/4788/94904/4788_94904_000006_000002.wav|These are principally when the people, in order to advance in civilization, have some lesson to learn, some habit not yet acquired, to the acquisition of which representative government is likely to be an impediment.
/hpc_stor03/sjtu_home/chaolei.liu/data/tts/LibriTTS/train-clean-100/1970/28415/1970_28415_000022_000000.wav|Jesus strode down the room with the whip in his hand, and upset the tables where the money was.
/hpc_stor03/sjtu_home/chaolei.liu/data/tts/LibriTTS/train-clean-100/103/1241/103_1241_000040_000000.wav|"""Well, whatever it was it must have been something nice because she was divinely beautiful."
/hpc_stor03/sjtu_home/chaolei.liu/data/tts/LibriTTS/train-clean-100/8098/278278/8098_278278_000015_000005.wav|He lagged behind to do the blazing; and pretty soon I smelt smoke.
/hpc_stor03/sjtu_home/chaolei.liu/data/tts/LibriTTS/train-clean-100/8580/287363/8580_287363_000040_000000.wav|Mr. Jenks had no one to whom he wanted to send any word, but Mr. Parker wish to wire to a fellow scientist the result of some observations made in the upper air.
/hpc_stor03/sjtu_home/chaolei.liu/data/tts/LibriTTS/train-clean-100/5678/43302/5678_43302_000020_000000.wav|"""But he must have meant to do it anyhow,"" continued Oliver."
/hpc_stor03/sjtu_home/chaolei.liu/data/tts/LibriTTS/train-clean-100/289/121665/289_121665_000015_000000.wav|"""But where is your crook?"""
/hpc_stor03/sjtu_home/chaolei.liu/data/tts/LibriTTS/train-clean-100/8063/274115/8063_274115_000038_000004.wav|Porthos had all the taste and pride of a landed proprietor.
/hpc_stor03/sjtu_home/chaolei.liu/data/tts/LibriTTS/train-clean-100/7859/102519/7859_102519_000004_000000.wav|His second venture in the field was disastrous: his unwilling recruits from Bulgaria deserted to the enemy, when he met the Saracens at Sebastopolis in Cilicia, and the Roman army was routed with great slaughter.
/hpc_stor03/sjtu_home/chaolei.liu/data/tts/LibriTTS/train-clean-100/374/180298/374_180298_000030_000000.wav|We had now only to decide where we should go.
/hpc_stor03/sjtu_home/chaolei.liu/data/tts/LibriTTS/train-clean-100/3242/67168/3242_67168_000005_000000.wav|First and last, a good many men have gone gunning for me, but they've always planned the obsequies before they caught the deceased.
/hpc_stor03/sjtu_home/chaolei.liu/data/tts/LibriTTS/train-clean-100/4898/28461/4898_28461_000002_000000.wav|The most interesting of the short excursions we made from Fort Wrangell was the one up the Stickeen River to the head of steam navigation.
/hpc_stor03/sjtu_home/chaolei.liu/data/tts/LibriTTS/train-clean-100/6367/65536/6367_65536_000041_000000.wav|She turned her face upward to the sky between the swaying fir tops and he saw the reflection of a star in her eyes.
/hpc_stor03/sjtu_home/chaolei.liu/data/tts/LibriTTS/train-clean-100/2836/5354/2836_5354_000012_000002.wav|She was anxious for it--anxious that Captain Levison should render her the only reparation in his power before the birth of her unhappy child.
/hpc_stor03/sjtu_home/chaolei.liu/data/tts/LibriTTS/train-clean-100/403/126855/403_126855_000018_000000.wav|One day Chee-Chee climbed up a high rock and looked out over the tree-tops.
/hpc_stor03/sjtu_home/chaolei.liu/data/tts/LibriTTS/train-clean-100/118/47824/118_47824_000118_000002.wav|For Groom has brought the ghosts back with him.
/hpc_stor03/sjtu_home/chaolei.liu/data/tts/LibriTTS/train-clean-100/248/130652/248_130652_000015_000003.wav|"She spoils the look of the room."""
/hpc_stor03/sjtu_home/chaolei.liu/data/tts/LibriTTS/train-clean-100/19/227/19_227_000008_000000.wav|He was not ill-inclined to obey this request, for, though his heart was greatly relieved by such unlooked-for mildness, it was not just at that moment in his power to say anything to the purpose.
/hpc_stor03/sjtu_home/chaolei.liu/data/tts/LibriTTS/train-clean-100/1355/39947/1355_39947_000012_000005.wav|Everything ought to be left in that case to suggestions within normal limits, in the form of good example and persuasions, authority and discipline, love and sympathy.
/hpc_stor03/sjtu_home/chaolei.liu/data/tts/LibriTTS/train-clean-100/1898/145724/1898_145724_000023_000000.wav|The Prince undertook the task and led the mare out to the meadow.
/hpc_stor03/sjtu_home/chaolei.liu/data/tts/LibriTTS/train-clean-100/2514/149482/2514_149482_000007_000007.wav|"Hadn't he more or less paved the way for her by his prompt recognition of her rarity, by preceding her, in a friendly spirit--as he had the ""ear"" of society--with a sharp flashlight or two?"
/hpc_stor03/sjtu_home/chaolei.liu/data/tts/LibriTTS/train-clean-100/8238/283452/8238_283452_000027_000006.wav|I should think that some of the futile, laggard messenger-boy ghosts that one reads about nowadays would blush with shame before the wholesome raillery of the porgy fisherman.
/hpc_stor03/sjtu_home/chaolei.liu/data/tts/LibriTTS/train-clean-100/6437/66172/6437_66172_000003_000002.wav|This was an honor to which I had long aspired, but, being a new boy, I was not admitted to the fraternity until my character had fully developed itself.
/hpc_stor03/sjtu_home/chaolei.liu/data/tts/LibriTTS/train-clean-100/1334/135589/1334_135589_000084_000001.wav|"What must he think of my not having called upon him!"""
/hpc_stor03/sjtu_home/chaolei.liu/data/tts/LibriTTS/train-clean-100/4362/15663/4362_15663_000031_000000.wav|Accordingly, when during the long, dreary watches of the night we roused from a state of half-consciousness, we called each other by name in a frightened, startled way, each fearing the other might be benumbed or dead.
/hpc_stor03/sjtu_home/chaolei.liu/data/tts/LibriTTS/train-clean-100/1926/147979/1926_147979_000022_000001.wav|"""You'll wake the cook, and there'll be the devil to pay for me."
/hpc_stor03/sjtu_home/chaolei.liu/data/tts/LibriTTS/train-clean-100/3699/47246/3699_47246_000006_000001.wav|So she began to feel that she had miscalculated the advantages of a neighbourhood where people are well acquainted with each other's private affairs.
/hpc_stor03/sjtu_home/chaolei.liu/data/tts/LibriTTS/train-clean-100/6880/216547/6880_216547_000032_000003.wav|To restore religion, gentlemen, it is necessary to condemn the Church.
/hpc_stor03/sjtu_home/chaolei.liu/data/tts/LibriTTS/train-clean-100/4340/15220/4340_15220_000055_000000.wav|"""She won't like your going, either."""
/hpc_stor03/sjtu_home/chaolei.liu/data/tts/LibriTTS/train-clean-100/27/124992/27_124992_000072_000001.wav|And why they above all that dwell in the east, have despised us, and have not come out to meet us, that they might receive us with peace?
/hpc_stor03/sjtu_home/chaolei.liu/data/tts/LibriTTS/train-clean-100/3879/173592/3879_173592_000013_000003.wav|But these vessels were insufficient, and they prepared to build a new one.
/hpc_stor03/sjtu_home/chaolei.liu/data/tts/LibriTTS/train-clean-100/6078/54007/6078_54007_000028_000003.wav|The table was spread with a feast that smelled so good that it brought tears to the Fiddler's eyes and water to his mouth, and all the plates were of pure gold.
/hpc_stor03/sjtu_home/chaolei.liu/data/tts/LibriTTS/train-clean-100/3830/12535/3830_12535_000020_000000.wav|When we came to consider how the party should proceed, I advised the over-mountain trip.
/hpc_stor03/sjtu_home/chaolei.liu/data/tts/LibriTTS/train-clean-100/2436/2477/2436_2477_000035_000003.wav|By Satan, what a flow of words that devil driver can muster!
/hpc_stor03/sjtu_home/chaolei.liu/data/tts/LibriTTS/train-clean-100/322/124146/322_124146_000010_000001.wav|"""Of what are you talking?"""
/hpc_stor03/sjtu_home/chaolei.liu/data/tts/LibriTTS/train-clean-100/458/126290/458_126290_000006_000007.wav|All-gone; what can that mean?' and she shook her head, curled herself up, and lay down to sleep.
/hpc_stor03/sjtu_home/chaolei.liu/data/tts/LibriTTS/train-clean-100/8797/294123/8797_294123_000011_000001.wav|For sheer work no worker in the world can compare with him.
/hpc_stor03/sjtu_home/chaolei.liu/data/tts/LibriTTS/train-clean-100/7505/258958/7505_258958_000027_000015.wav|But the use of the house, or that of land for a school ground or campus, secures a certain gratification, an immaterial good.
/hpc_stor03/sjtu_home/chaolei.liu/data/tts/LibriTTS/train-clean-100/3440/171009/3440_171009_000048_000001.wav|"I consider it a very unladylike and slovenly trick."""
/hpc_stor03/sjtu_home/chaolei.liu/data/tts/LibriTTS/train-clean-100/3486/166446/3486_166446_000037_000002.wav|The Thing quieted; it began its steady, effortless striding through the crowding trees--but now with none of that speed with which it had come, spurred forward by Norhala's awakened hate.
/hpc_stor03/sjtu_home/chaolei.liu/data/tts/LibriTTS/train-clean-100/1069/133699/1069_133699_000029_000000.wav|"""Not till I've seen Europe!"" said Miss Stackpole."
/hpc_stor03/sjtu_home/chaolei.liu/data/tts/LibriTTS/train-clean-100/4441/76262/4441_76262_000056_000001.wav|"You had supper with the manager!"""
/hpc_stor03/sjtu_home/chaolei.liu/data/tts/LibriTTS/train-clean-100/1098/133695/1098_133695_000027_000000.wav|"""Ah, he has a good excuse for everything!"" cried Lord Warburton, still with his sonorous mirth."
/hpc_stor03/sjtu_home/chaolei.liu/data/tts/LibriTTS/train-clean-100/4137/11702/4137_11702_000014_000004.wav|"Anyhow, I'll give you an hour alone together first."""
/hpc_stor03/sjtu_home/chaolei.liu/data/tts/LibriTTS/train-clean-100/8051/119902/8051_119902_000010_000000.wav|The amount of wheat flour they are now permitted to have has been reduced: at present 80 per cent of their last year's quantity, or, if they are pastry and cracker bakers, 70 per cent.
/hpc_stor03/sjtu_home/chaolei.liu/data/tts/LibriTTS/train-clean-100/233/155990/233_155990_000016_000001.wav|The chief difficulty came because of Japan's demand for a money indemnity.
/hpc_stor03/sjtu_home/chaolei.liu/data/tts/LibriTTS/train-clean-100/3374/298026/3374_298026_000002_000005.wav|It looks at me joyously out of its deep eyes and opens its arms to embrace my spirit.
/hpc_stor03/sjtu_home/chaolei.liu/data/tts/LibriTTS/train-clean-100/6147/34605/6147_34605_000018_000002.wav|Biblical precedent goes so far as to speak of a child who was called Ebnehaquem or Melilechet--that is to say, the Wise Man's son.
/hpc_stor03/sjtu_home/chaolei.liu/data/tts/LibriTTS/train-clean-100/1040/133433/1040_133433_000033_000000.wav|"""Peter,"" said Wendy the comforter, ""I should love you in a beard;"" and Mrs. Darling stretched out her arms to him, but he repulsed her."
/hpc_stor03/sjtu_home/chaolei.liu/data/tts/LibriTTS/train-clean-100/1624/168623/1624_168623_000012_000001.wav|She was not even the mistress.
/hpc_stor03/sjtu_home/chaolei.liu/data/tts/LibriTTS/train-clean-100/426/122821/426_122821_000019_000003.wav|"It is just that he has not a great deal of tact or imagination."""
/hpc_stor03/sjtu_home/chaolei.liu/data/tts/LibriTTS/train-clean-100/1246/124550/1246_124550_000016_000000.wav|Guy Pollock wrote to a cousin, a temporary army captain, a confiding and buoyant lad who took Carol to tea-dances, and laughed, as she had always wanted some one to laugh, about nothing in particular.
/hpc_stor03/sjtu_home/chaolei.liu/data/tts/LibriTTS/train-clean-100/7226/86965/7226_86965_000020_000005.wav|It was a unique and picturesque procession.
/hpc_stor03/sjtu_home/chaolei.liu/data/tts/LibriTTS/train-clean-100/8324/286682/8324_286682_000022_000002.wav|"You will have to gnaw a little on this side."" And he raised one of his hind feet to show where he meant."
/hpc_stor03/sjtu_home/chaolei.liu/data/tts/LibriTTS/train-clean-100/2893/139310/2893_139310_000037_000015.wav|A monstrous black banner jerked its way to the right.
/hpc_stor03/sjtu_home/chaolei.liu/data/tts/LibriTTS/train-clean-100/5514/19193/5514_19193_000035_000000.wav|"""I'm filling my basket, citizen."""
/hpc_stor03/sjtu_home/chaolei.liu/data/tts/LibriTTS/train-clean-100/1578/140045/1578_140045_000038_000000.wav|"""Because I was talking about 'household tasks' in the sentence before, and it IS one of my household tasks."
/hpc_stor03/sjtu_home/chaolei.liu/data/tts/LibriTTS/train-clean-100/4214/7146/4214_7146_000028_000027.wav|Marilla turned red as fire but she never said a word--then.
/hpc_stor03/sjtu_home/chaolei.liu/data/tts/LibriTTS/train-clean-100/1992/141719/1992_141719_000012_000010.wav|The fourth Combatant catch'd hold of his Left Leg, and unhors'd him again.
/hpc_stor03/sjtu_home/chaolei.liu/data/tts/LibriTTS/train-clean-100/3982/182255/3982_182255_000014_000002.wav|Not merely different in the matter of graft, but different, so Mr. Newberry said, in the calibre of the men.
/hpc_stor03/sjtu_home/chaolei.liu/data/tts/LibriTTS/train-clean-100/2007/132570/2007_132570_000009_000000.wav|'Holy Saints!' exclaimed Annette, 'how can I help it!
/hpc_stor03/sjtu_home/chaolei.liu/data/tts/LibriTTS/train-clean-100/8975/270782/8975_270782_000014_000008.wav|Impatient waiting for the death of the father grows to heights approximating tragedy in the case of a successor to the throne.
/hpc_stor03/sjtu_home/chaolei.liu/data/tts/LibriTTS/train-clean-100/4830/25904/4830_25904_000004_000003.wav|So I threw him some fresh clover, and went on to the pelicans.
/hpc_stor03/sjtu_home/chaolei.liu/data/tts/LibriTTS/train-clean-100/311/124404/311_124404_000002_000001.wav|It was my design to comprise in it all that, before I set myself to write it, I thought I knew of the nature of material objects.
/hpc_stor03/sjtu_home/chaolei.liu/data/tts/LibriTTS/train-clean-100/2952/410/2952_410_000020_000002.wav|The night was beautiful: there was no cloud in the sky: there was no wind; and the strong moonlight threw down sharp black shadows of foliage, and glittered on the dews of the garden.
/hpc_stor03/sjtu_home/chaolei.liu/data/tts/LibriTTS/train-clean-100/5049/25947/5049_25947_000048_000001.wav|"""Why, this is just like getting money from home."""
/hpc_stor03/sjtu_home/chaolei.liu/data/tts/LibriTTS/train-clean-100/6454/107462/6454_107462_000017_000001.wav|"'Twas Herself should have got it, and Herself alone!""..."
/hpc_stor03/sjtu_home/chaolei.liu/data/tts/LibriTTS/train-clean-100/4813/248641/4813_248641_000009_000000.wav|In the first place, they are well attended.
/hpc_stor03/sjtu_home/chaolei.liu/data/tts/LibriTTS/train-clean-100/2002/139469/2002_139469_000022_000002.wav|To give up their pleasure-grounds to the agriculturist, to diminish sensibly the number of horses kept for the purposes of luxury throughout the country, were means obvious, but unpleasing.
/hpc_stor03/sjtu_home/chaolei.liu/data/tts/LibriTTS/train-clean-100/8465/246943/8465_246943_000004_000000.wav|She started when she saw him: some change had passed on him since the morning!
/hpc_stor03/sjtu_home/chaolei.liu/data/tts/LibriTTS/train-clean-100/2092/145706/2092_145706_000036_000001.wav|But the two brothers had grown quite green with envy, and only declared the more that Ferko was nothing but a wicked magician.
/hpc_stor03/sjtu_home/chaolei.liu/data/tts/LibriTTS/train-clean-100/1963/142393/1963_142393_000015_000000.wav|What was she thinking of as she wound up the hill?
/hpc_stor03/sjtu_home/chaolei.liu/data/tts/LibriTTS/train-clean-100/8468/286673/8468_286673_000012_000001.wav|He was sure his mother was going to scold the other Turtle children for leaving him.
/hpc_stor03/sjtu_home/chaolei.liu/data/tts/LibriTTS/train-clean-100/1737/142397/1737_142397_000030_000001.wav|From forth the vestry window projected two small legs, gyrating, hungry for foothold, with larceny--not to say sacrilege--in their every wriggle: a godless sight for a supporter of the Establishment.
/hpc_stor03/sjtu_home/chaolei.liu/data/tts/LibriTTS/train-clean-100/1455/138263/1455_138263_000023_000000.wav|"""And I answer in the negative,"" continued Barbicane."
/hpc_stor03/sjtu_home/chaolei.liu/data/tts/LibriTTS/train-clean-100/911/128684/911_128684_000020_000001.wav|The beauty of a thing or its value is no force that can be plotted in a polygon of compositions, nor does its 'use' or 'significance' affect in the minutest degree its vicissitudes or destiny at the hands of physical nature.
/hpc_stor03/sjtu_home/chaolei.liu/data/tts/LibriTTS/train-clean-100/3857/182317/3857_182317_000015_000007.wav|If he once became a conscious user of tools he would of course go much further.
/hpc_stor03/sjtu_home/chaolei.liu/data/tts/LibriTTS/train-clean-100/1116/132847/1116_132847_000037_000000.wav|'A man would be mad indeed to refuse such an offer.
/hpc_stor03/sjtu_home/chaolei.liu/data/tts/LibriTTS/train-clean-100/8838/298546/8838_298546_000010_000002.wav|His conscience gave him no concern upon the subject.
/hpc_stor03/sjtu_home/chaolei.liu/data/tts/LibriTTS/train-clean-100/4397/15678/4397_15678_000002_000004.wav|A little of everything in the woods is stuck fast to these loggers, and their trousers grow constantly thicker with age.
/hpc_stor03/sjtu_home/chaolei.liu/data/tts/LibriTTS/train-clean-100/730/359/730_359_000006_000006.wav|What did their tears imply?
/hpc_stor03/sjtu_home/chaolei.liu/data/tts/LibriTTS/train-clean-100/3168/173565/3168_173565_000020_000004.wav|All the powers of his mind were more active and clearer than ever, but they acted apart from his will.
/hpc_stor03/sjtu_home/chaolei.liu/data/tts/LibriTTS/train-clean-100/2910/131096/2910_131096_000039_000002.wav|Psyche, then, is the human soul, which is purified by sufferings and misfortunes, and is thus prepared for the enjoyment of true and pure happiness.
/hpc_stor03/sjtu_home/chaolei.liu/data/tts/LibriTTS/train-clean-100/298/126790/298_126790_000065_000000.wav|"""If them lights he spoke of were what was called northern lights in these parts?"""
/hpc_stor03/sjtu_home/chaolei.liu/data/tts/LibriTTS/train-clean-100/2911/7601/2911_7601_000005_000014.wav|So you see he would have been a very profound old man, indeed, to suspect that every night, just at twelve, I looked in upon him while he slept.
/hpc_stor03/sjtu_home/chaolei.liu/data/tts/LibriTTS/train-clean-100/7780/274562/7780_274562_000008_000018.wav|It remains for a more profound analysis than the world has yet seen, fully to investigate and express them.
/hpc_stor03/sjtu_home/chaolei.liu/data/tts/LibriTTS/train-clean-100/1867/154075/1867_154075_000051_000001.wav|"I imagine that name fits you. Now tell me the story of why you came to this house; of course it wasn't to see a girl!"""
/hpc_stor03/sjtu_home/chaolei.liu/data/tts/LibriTTS/train-clean-100/5390/24512/5390_24512_000000_000002.wav|They were looking for an earthly king, and the beautiful words spoken by the ancient prophets had no meaning to them.
/hpc_stor03/sjtu_home/chaolei.liu/data/tts/LibriTTS/train-clean-100/3526/176653/3526_176653_000014_000000.wav|The steady eyes leaped angrily, but there was still no answer, and he bent to take the fish off his hook, put on a fresh minnow, turned his back and tossed it into the pool.
/hpc_stor03/sjtu_home/chaolei.liu/data/tts/LibriTTS/train-clean-100/4014/186175/4014_186175_000055_000000.wav|He opened his left hand.
/hpc_stor03/sjtu_home/chaolei.liu/data/tts/LibriTTS/train-clean-100/5778/12761/5778_12761_000013_000005.wav|We repeated our shouts for Mr. Preuss; and this time we were gratified with an answer.
/hpc_stor03/sjtu_home/chaolei.liu/data/tts/LibriTTS/train-clean-100/2691/156755/2691_156755_000003_000000.wav|She anticipated the coming event with interest and pleasure, because the prolonged and brilliant festivities would afford her an opportunity to display her fancy and talent in butter modelling.
/hpc_stor03/sjtu_home/chaolei.liu/data/tts/LibriTTS/train-clean-100/7511/102420/7511_102420_000028_000000.wav|"""Why, mamma,"" she said, ""I had to look; he has swallowed something that won't go either up or down, and I'm 'fraid he'll choke."""
/hpc_stor03/sjtu_home/chaolei.liu/data/tts/LibriTTS/train-clean-100/5750/100289/5750_100289_000040_000001.wav|Others think differently; and, as a matter of fact, a Washington office has been opened and much attention paid to governmental affairs.
/hpc_stor03/sjtu_home/chaolei.liu/data/tts/LibriTTS/train-clean-100/5163/39921/5163_39921_000015_000000.wav|"""You haven't any proof that it is really them, Mary,"" objected her husband, ""and you shouldn't make reckless accusations before folks."""
/hpc_stor03/sjtu_home/chaolei.liu/data/tts/LibriTTS/train-clean-100/4481/17499/4481_17499_000061_000000.wav|Mrs. Merrick held up her hands in horror.
/hpc_stor03/sjtu_home/chaolei.liu/data/tts/LibriTTS/train-clean-100/8629/261140/8629_261140_000017_000001.wav|This feeling was shared by others, and a reaction set in in Frederick's favour, which even affected the officials who were conducting the inquiry.
/hpc_stor03/sjtu_home/chaolei.liu/data/tts/LibriTTS/train-clean-100/6529/62554/6529_62554_000040_000000.wav|"""Do you think that is useful?"" asked the engineer."
/hpc_stor03/sjtu_home/chaolei.liu/data/tts/LibriTTS/train-clean-100/5104/33406/5104_33406_000015_000003.wav|When the drinking-horns had been filled and emptied, Eric pulled himself up and smiled and shouted out so that the great room was full of his big voice:
/hpc_stor03/sjtu_home/chaolei.liu/data/tts/LibriTTS/train-clean-100/198/209/198_209_000005_000006.wav|At length, however, he did look towards her, and he bowed--but such a bow!
/hpc_stor03/sjtu_home/chaolei.liu/data/tts/LibriTTS/train-clean-100/3112/9555/3112_9555_000025_000006.wav|Once I made a futile attempt for a scholarship at Trinity, Oxford,--but failed again.
/hpc_stor03/sjtu_home/chaolei.liu/data/tts/LibriTTS/train-clean-100/8770/295463/8770_295463_000039_000001.wav|The fact that the President was speaking was sufficient, no matter what he said.
/hpc_stor03/sjtu_home/chaolei.liu/data/tts/LibriTTS/train-clean-100/4195/186237/4195_186237_000053_000000.wav|"""Couldn't we get him a job?"" asked Patsy, wistfully."
/hpc_stor03/sjtu_home/chaolei.liu/data/tts/LibriTTS/train-clean-100/2289/152258/2289_152258_000024_000001.wav|People came from distant parts of Arabia and from neighboring countries to hear him.
/hpc_stor03/sjtu_home/chaolei.liu/data/tts/LibriTTS/train-clean-100/1363/139304/1363_139304_000012_000002.wav|For a moment it resisted his hand, bending outward like a distended bladder, then it broke with a slight report and vanished--a pricked bubble.
/hpc_stor03/sjtu_home/chaolei.liu/data/tts/LibriTTS/train-clean-100/7190/90542/7190_90542_000003_000001.wav|He was often as astonished at my acumen in following a clew as I was at his marvelous theories, which seemed so absurd to begin with yet proved correct in the end.
/hpc_stor03/sjtu_home/chaolei.liu/data/tts/LibriTTS/train-clean-100/5393/19219/5393_19219_000047_000033.wav|I am no longer Royalist except towards that royalty.
/hpc_stor03/sjtu_home/chaolei.liu/data/tts/LibriTTS/train-clean-100/2159/179154/2159_179154_000012_000006.wav|He stood there, stooping, eyes set, and vacant, fast asleep.
/hpc_stor03/sjtu_home/chaolei.liu/data/tts/LibriTTS/train-clean-100/1088/129236/1088_129236_000011_000000.wav|In the noon and the afternoon of life we still throb at the recollection of days when happiness was not happy enough, but must be drugged with the relish of pain and fear; for he touched the secret of the matter who said of love,--
/hpc_stor03/sjtu_home/chaolei.liu/data/tts/LibriTTS/train-clean-100/150/126112/150_126112_000002_000006.wav|They bore her across to the stone where they had already placed a little boat for her.
/hpc_stor03/sjtu_home/chaolei.liu/data/tts/LibriTTS/train-clean-100/8108/280354/8108_280354_000005_000005.wav|He would go down to the Lower World and seek her among the dead, and try whether any prayer or persuasion could move Pluto to restore his beloved.
/hpc_stor03/sjtu_home/chaolei.liu/data/tts/LibriTTS/train-clean-100/6836/61803/6836_61803_000046_000000.wav|No one speaks, or in any way attempts interruption.
/hpc_stor03/sjtu_home/chaolei.liu/data/tts/LibriTTS/train-clean-100/5703/47212/5703_47212_000043_000000.wav|"""By all means,"" said Lady Ruth."
/hpc_stor03/sjtu_home/chaolei.liu/data/tts/LibriTTS/train-clean-100/5022/29411/5022_29411_000078_000000.wav|"""Is the cause there?"" I asked."
/hpc_stor03/sjtu_home/chaolei.liu/data/tts/LibriTTS/train-clean-100/332/128985/332_128985_000008_000005.wav|He was a typical pirate.
/hpc_stor03/sjtu_home/chaolei.liu/data/tts/LibriTTS/train-clean-100/587/54108/587_54108_000043_000000.wav|"""Allow me,"" he said, placing his hand upon the oars."
/hpc_stor03/sjtu_home/chaolei.liu/data/tts/LibriTTS/train-clean-100/8095/274345/8095_274345_000028_000001.wav|The last parliament of James, amidst all their joy and festivity, had given him a supply very disproportioned to his demand, and to the occasion.
/hpc_stor03/sjtu_home/chaolei.liu/data/tts/LibriTTS/train-clean-100/8014/112602/8014_112602_000009_000000.wav|A very common article of dress was a large cloak, generally without sleeves, varying in length, but commonly covering the whole person from the shoulders down.
/hpc_stor03/sjtu_home/chaolei.liu/data/tts/LibriTTS/train-clean-100/200/126784/200_126784_000088_000002.wav|The trooper rose instantly from the table, exclaiming,--
/hpc_stor03/sjtu_home/chaolei.liu/data/tts/LibriTTS/train-clean-100/8609/262281/8609_262281_000010_000000.wav|"""And these?"" said Constance, touching the curl-papers."
/hpc_stor03/sjtu_home/chaolei.liu/data/tts/LibriTTS/train-clean-100/7794/295947/7794_295947_000037_000003.wav|At last, when calamity attacked your house, I thought I might be of use to you.
/hpc_stor03/sjtu_home/chaolei.liu/data/tts/LibriTTS/train-clean-100/1183/133256/1183_133256_000026_000000.wav|Golden Rule Hair Restorative simply invigorates the roots--waking them up--toning them up--rejuvenating them until they are rendered lively and vigorous as in youth, The obvious result is that the growth of the hair is promoted.
/hpc_stor03/sjtu_home/chaolei.liu/data/tts/LibriTTS/train-clean-100/1263/141777/1263_141777_000011_000006.wav|Grotesque, alien and terrifying, it made no hostile move.
/hpc_stor03/sjtu_home/chaolei.liu/data/tts/LibriTTS/train-clean-100/4297/13006/4297_13006_000007_000003.wav|"If he did not mean you to choose for yourself, why didn't he keep a closer look-out?"""
/hpc_stor03/sjtu_home/chaolei.liu/data/tts/LibriTTS/train-clean-100/2196/170379/2196_170379_000011_000003.wav|Others agree that it is a transference process, but that it is more of an extension of the subject's own psychic processes which is enlarged to include the voice of the hypnotist or his own thoughts or voice.
/hpc_stor03/sjtu_home/chaolei.liu/data/tts/LibriTTS/train-clean-100/3607/29116/3607_29116_000030_000000.wav|"""He will help us, I suppose?"
/hpc_stor03/sjtu_home/chaolei.liu/data/tts/LibriTTS/train-clean-100/8312/279791/8312_279791_000039_000002.wav|The obedient pigeons did so, flying day and night till they reached the city gates; when the queen dismissed them with a sweet kiss, which was worth more than her crown.
/hpc_stor03/sjtu_home/chaolei.liu/data/tts/LibriTTS/train-clean-100/125/121124/125_121124_000046_000001.wav|"""Yes,"" he answered, ""if a fortune brings consolation, I ought to be consoled; I am rich."""
/hpc_stor03/sjtu_home/chaolei.liu/data/tts/LibriTTS/train-clean-100/6818/76332/6818_76332_000021_000001.wav|"""That is--no, the house is empty, except just--just to-day!"""
/hpc_stor03/sjtu_home/chaolei.liu/data/tts/LibriTTS/train-clean-100/2989/138028/2989_138028_000051_000001.wav|"The arch wag Samson came forward, and embracing him as he had done before, said with a loud voice, ""O flower of knight-errantry!"
/hpc_stor03/sjtu_home/chaolei.liu/data/tts/LibriTTS/train-clean-100/1553/140047/1553_140047_000022_000000.wav|"""Does color make you sort of dizzy?"" asked Rebecca."
/hpc_stor03/sjtu_home/chaolei.liu/data/tts/LibriTTS/train-clean-100/1447/17506/1447_17506_000055_000001.wav|"""I'm told it's a proper place to buy silk stockings and inlaid wood-work."
/hpc_stor03/sjtu_home/chaolei.liu/data/tts/LibriTTS/train-clean-100/7367/86737/7367_86737_000121_000006.wav|Only their wish to see each other had become a necessity, and they would have preferred death to a day's separation.
/hpc_stor03/sjtu_home/chaolei.liu/data/tts/LibriTTS/train-clean-100/5463/39174/5463_39174_000071_000000.wav|When they were again in the pony-carriage, behind the impatient Puck, and were well away from the door, Fanny was the first to speak.
/hpc_stor03/sjtu_home/chaolei.liu/data/tts/LibriTTS/train-clean-100/201/122255/201_122255_000007_000002.wav|I must needs own that there are those of my band can handle a seven-foot staff more deftly than I; yet no man in all Nottinghamshire can draw gray goose shaft with my fingers.
/hpc_stor03/sjtu_home/chaolei.liu/data/tts/LibriTTS/train-clean-100/6476/57446/6476_57446_000059_000002.wav|"I will not take a fraction less than a hundred; and if I cannot get them I will report the whole matter at once."""
/hpc_stor03/sjtu_home/chaolei.liu/data/tts/LibriTTS/train-clean-100/254/145458/254_145458_000015_000001.wav|Like every artist worth consideration, he had no recipe.
/hpc_stor03/sjtu_home/chaolei.liu/data/tts/LibriTTS/train-clean-100/2518/154826/2518_154826_000006_000001.wav|They will not be back for some time yet, and, when they come, will not think to search closely for us hereabouts; but that we cannot risk, and must get clear away.
/hpc_stor03/sjtu_home/chaolei.liu/data/tts/LibriTTS/train-clean-100/5789/70653/5789_70653_000015_000000.wav|Her husband, she said, had come up to his bedroom about his usual hour for retiring on the Sunday night.
/hpc_stor03/sjtu_home/chaolei.liu/data/tts/LibriTTS/train-clean-100/4406/16882/4406_16882_000024_000000.wav|The occasion (as I thought) of their moving at this time was the English army, it being near and following them.
/hpc_stor03/sjtu_home/chaolei.liu/data/tts/LibriTTS/train-clean-100/32/21631/32_21631_000033_000000.wav|Mr. Crow paused and looked at Brownie Beaver out of the corner of his eye.
/hpc_stor03/sjtu_home/chaolei.liu/data/tts/LibriTTS/train-clean-100/4859/26870/4859_26870_000018_000000.wav|From the time of his marriage Sonya had lived in his house.
/hpc_stor03/sjtu_home/chaolei.liu/data/tts/LibriTTS/train-clean-100/1743/142912/1743_142912_000002_000000.wav|"""My fighting cousin and my handsomest cousin arrived together yesterday, and now our family is very well represented in the Old Orchard,"" said Chebec proudly."
/hpc_stor03/sjtu_home/chaolei.liu/data/tts/LibriTTS/train-clean-100/446/123501/446_123501_000036_000004.wav|Evidently he feared that were I to be really frightened again I might jump entirely out of the landscape.
/hpc_stor03/sjtu_home/chaolei.liu/data/tts/LibriTTS/train-clean-100/831/130746/831_130746_000049_000000.wav|The two black figures in the broken light were silent for a space.
/hpc_stor03/sjtu_home/chaolei.liu/data/tts/LibriTTS/train-clean-100/909/131041/909_131041_000012_000002.wav|But the precautions which have been so happily concerted in the system under consideration, promise an effectual security against this mischief.
/hpc_stor03/sjtu_home/chaolei.liu/data/tts/LibriTTS/train-clean-100/4853/29413/4853_29413_000026_000001.wav|"""I didn't dare speak to you about it; you wouldn't have believed me."
/hpc_stor03/sjtu_home/chaolei.liu/data/tts/LibriTTS/train-clean-100/26/495/26_495_000029_000001.wav|The last was esteemed a pretty high bill; but after this we found the bills successively increasing as follows:--
/hpc_stor03/sjtu_home/chaolei.liu/data/tts/LibriTTS/train-clean-100/6209/34601/6209_34601_000096_000078.wav|From time to time a ray of morning or a glass of gin, and that is what we call happiness!
/hpc_stor03/sjtu_home/chaolei.liu/data/tts/LibriTTS/train-clean-100/302/123504/302_123504_000016_000000.wav|As I delivered the blow a low laugh rang out behind me, and, turning, I beheld Tars Tarkas, Sola, and three or four warriors standing in the doorway of the chamber.
/hpc_stor03/sjtu_home/chaolei.liu/data/tts/LibriTTS/train-clean-100/669/129074/669_129074_000003_000002.wav|She picketed her steed, hung up her weapons, and warmed herself comfortably by his fire.
/hpc_stor03/sjtu_home/chaolei.liu/data/tts/LibriTTS/train-clean-100/5867/48852/5867_48852_000008_000005.wav|I hated him ollays; I did indeed, Mr. John, from the first moment when he used to be nigging away at them foutry balls, knocking them in among the rhododendrons, as though there weren't no flower blossoms for next year.
/hpc_stor03/sjtu_home/chaolei.liu/data/tts/LibriTTS/train-clean-100/7278/246956/7278_246956_000004_000007.wav|Yet there was a human soul crying out after its birthright.
/hpc_stor03/sjtu_home/chaolei.liu/data/tts/LibriTTS/train-clean-100/211/122442/211_122442_000067_000001.wav|"When I am happy, I wish all the world to be so; but it appears that is not possible."""
/hpc_stor03/sjtu_home/chaolei.liu/data/tts/LibriTTS/train-clean-100/229/130880/229_130880_000055_000000.wav|"""Sir, just what is a pearl exactly?"""
/hpc_stor03/sjtu_home/chaolei.liu/data/tts/LibriTTS/train-clean-100/5561/39621/5561_39621_000053_000000.wav|"""At first the general would not receive me."""
/hpc_stor03/sjtu_home/chaolei.liu/data/tts/LibriTTS/train-clean-100/7059/77900/7059_77900_000010_000000.wav|"""I didn't know that people took part in theatricals for that, Annie."
/hpc_stor03/sjtu_home/chaolei.liu/data/tts/LibriTTS/train-clean-100/625/132118/625_132118_000006_000009.wav|Why had not the brown of his eyes crushed out and killed the blue?--for brown were his father's eyes, and his father's father's.
/hpc_stor03/sjtu_home/chaolei.liu/data/tts/LibriTTS/train-clean-100/226/122538/226_122538_000016_000001.wav|It was from the doctor.
/hpc_stor03/sjtu_home/chaolei.liu/data/tts/LibriTTS/train-clean-100/3235/28452/3235_28452_000011_000000.wav|All this time I longed to get away.
/hpc_stor03/sjtu_home/chaolei.liu/data/tts/LibriTTS/train-clean-100/89/218/89_218_000004_000005.wav|I will look into it--cost me what it may, I will look into it--and directly too--by daylight.
/hpc_stor03/sjtu_home/chaolei.liu/data/tts/LibriTTS/train-clean-100/3983/5331/3983_5331_000025_000000.wav|Barbara sat down again, but her manner was hurried and nervous.
/hpc_stor03/sjtu_home/chaolei.liu/data/tts/LibriTTS/train-clean-100/2416/152139/2416_152139_000070_000000.wav|"""Yes, there's a way, Carling,"" he said grimly."
/hpc_stor03/sjtu_home/chaolei.liu/data/tts/LibriTTS/train-clean-100/8419/286676/8419_286676_000010_000001.wav|"""It must be dreadfully hot for the shore people,"" she said."
/hpc_stor03/sjtu_home/chaolei.liu/data/tts/LibriTTS/train-clean-100/5322/7678/5322_7678_000006_000028.wav|'And is it worth while living for oneself,' thought he, 'when at any moment you may die, and die without having done any good, and so that no one will know of it?' He went in the direction where he fancied the village lay.
/hpc_stor03/sjtu_home/chaolei.liu/data/tts/LibriTTS/train-clean-100/7635/105409/7635_105409_000077_000000.wav|"""Ah! by-the-bye! where is the Jew?"""
/hpc_stor03/sjtu_home/chaolei.liu/data/tts/LibriTTS/train-clean-100/7302/86814/7302_86814_000006_000000.wav|"""He looks like a big-bug,"" said another; ""dresses in fine style."
/hpc_stor03/sjtu_home/chaolei.liu/data/tts/LibriTTS/train-clean-100/4160/11550/4160_11550_000038_000001.wav|To-night I shall answer him.
/hpc_stor03/sjtu_home/chaolei.liu/data/tts/LibriTTS/train-clean-100/8088/284756/8088_284756_000080_000000.wav|He picked up a weird, hastily built contrivance composed of two semi-circular pieces of spring brass, crossed at right angles.
/hpc_stor03/sjtu_home/chaolei.liu/data/tts/LibriTTS/train-clean-100/4018/107312/4018_107312_000046_000001.wav|"If you will take a dish of tea with us to-morrow, we expect some friends."""
/hpc_stor03/sjtu_home/chaolei.liu/data/tts/LibriTTS/train-clean-100/3947/13262/3947_13262_000019_000010.wav|One thing I have found out.
/hpc_stor03/sjtu_home/chaolei.liu/data/tts/LibriTTS/train-clean-100/1502/122615/1502_122615_000035_000002.wav|One had never been known to follow the chase in vain; another had been indefatigable on the trail of their enemies.
/hpc_stor03/sjtu_home/chaolei.liu/data/tts/LibriTTS/train-clean-100/7113/86041/7113_86041_000050_000004.wav|They shall provide me with bride-maidens too.
/hpc_stor03/sjtu_home/chaolei.liu/data/tts/LibriTTS/train-clean-100/405/130895/405_130895_000003_000002.wav|Next to me my two companions were getting tipsy on the fresh oxygen particles. Poor souls who have suffered from long starvation mustn't pounce heedlessly on the first food given them.
/hpc_stor03/sjtu_home/chaolei.liu/data/tts/LibriTTS/train-clean-100/7402/90848/7402_90848_000033_000000.wav|"""No,"" said the sailors, ""but we are going to the Isles of Iron; suppose you go with us."
/hpc_stor03/sjtu_home/chaolei.liu/data/tts/LibriTTS/train-clean-100/696/93314/696_93314_000005_000013.wav|But always the morning brought strength to keep to his resolution.
/hpc_stor03/sjtu_home/chaolei.liu/data/tts/LibriTTS/train-clean-100/7264/92314/7264_92314_000011_000000.wav|Another clamours for the elimination of enemy financial power in the affairs of this country, and yet says not a word upon the auditing of the secret Party Funds!
/hpc_stor03/sjtu_home/chaolei.liu/data/tts/LibriTTS/train-clean-100/39/121914/39_121914_000029_000000.wav|"""But you must have found it very damp and dirty."
/hpc_stor03/sjtu_home/chaolei.liu/data/tts/LibriTTS/train-clean-100/7078/271888/7078_271888_000058_000000.wav|Spring came and went, but I saw very little of Dick.
/hpc_stor03/sjtu_home/chaolei.liu/data/tts/LibriTTS/train-clean-100/40/121026/40_121026_000227_000001.wav|Dantes listened, and plainly distinguished the approaching steps of the jailer.
/hpc_stor03/sjtu_home/chaolei.liu/data/tts/LibriTTS/train-clean-100/3807/4923/3807_4923_000029_000000.wav|The answer came pat to the question.
/hpc_stor03/sjtu_home/chaolei.liu/data/tts/LibriTTS/train-clean-100/7067/76048/7067_76048_000065_000004.wav|We don't get enough to do.
/hpc_stor03/sjtu_home/chaolei.liu/data/tts/LibriTTS/train-clean-100/1841/159771/1841_159771_000041_000001.wav|It was hard to follow his cousin through the winding galleries beneath the snow.
/hpc_stor03/sjtu_home/chaolei.liu/data/tts/LibriTTS/train-clean-100/5339/14134/5339_14134_000013_000003.wav|Certain circumstances were mentioned regarding the transactions between the Fosters and this manufacturer, which could be known only to those who were in the confidence of one or the other; and to the Fosters the man was, as has been said, a perfect stranger.
/hpc_stor03/sjtu_home/chaolei.liu/data/tts/LibriTTS/train-clean-100/3240/131232/3240_131232_000031_000000.wav|"He found that the snails had appeared after the rain: that ""astonished rustics had jumped to the conclusion that they had fallen."""
/hpc_stor03/sjtu_home/chaolei.liu/data/tts/LibriTTS/train-clean-100/2136/5147/2136_5147_000025_000000.wav|She shook her head languidly, her elbow resting on the chair, and three finger-tips supporting her forehead, and then she made a little sigh, looking down from the corners of her eyes, in an interesting dejection.
/hpc_stor03/sjtu_home/chaolei.liu/data/tts/LibriTTS/train-clean-100/2391/145015/2391_145015_000022_000001.wav|It was appropriated to solid food, rather than to flowers, fruits, and decorations.
/hpc_stor03/sjtu_home/chaolei.liu/data/tts/LibriTTS/train-clean-100/6848/76049/6848_76049_000024_000007.wav|It was the good men of Bristol, by the bye, with their trade from Africa to America, who gave you your colour problem.
/hpc_stor03/sjtu_home/chaolei.liu/data/tts/LibriTTS/train-clean-100/8630/305213/8630_305213_000013_000000.wav|It was the same with geometry, music, every science he took up.
/hpc_stor03/sjtu_home/chaolei.liu/data/tts/LibriTTS/train-clean-100/5808/54425/5808_54425_000063_000001.wav|"Oh, don't look at me like that."""
/hpc_stor03/sjtu_home/chaolei.liu/data/tts/LibriTTS/train-clean-100/2843/152918/2843_152918_000000_000006.wav|As I went in, I could descry Wisting a little way off kneeling on the ground, and engaged in the manufacture of cutlets.
/hpc_stor03/sjtu_home/chaolei.liu/data/tts/LibriTTS/train-clean-100/60/121082/60_121082_000022_000000.wav|"""How does that annoy you?"""
/hpc_stor03/sjtu_home/chaolei.liu/data/tts/LibriTTS/train-clean-100/8747/293952/8747_293952_000053_000000.wav|"""I have met him once."
/hpc_stor03/sjtu_home/chaolei.liu/data/tts/LibriTTS/train-clean-100/6531/61334/6531_61334_000049_000002.wav|Ahaziah endeavoured to conceal himself in Samaria, but was slain also.
/hpc_stor03/sjtu_home/chaolei.liu/data/tts/LibriTTS/train-clean-100/6272/70171/6272_70171_000038_000001.wav|We parted with many a kiss and shake of the hand and last words.
/hpc_stor03/sjtu_home/chaolei.liu/data/tts/LibriTTS/train-clean-100/87/121553/87_121553_000089_000000.wav|Whence, if thou notest this and what I said, A regal prudence is that peerless seeing In which the shaft of my intention strikes.
/hpc_stor03/sjtu_home/chaolei.liu/data/tts/LibriTTS/train-clean-100/6415/100596/6415_100596_000007_000003.wav|"""It's a popular organization, isn't it?"
/hpc_stor03/sjtu_home/chaolei.liu/data/tts/LibriTTS/train-clean-100/4640/19187/4640_19187_000023_000003.wav|"The light of torches resembles the wisdom of cowards; it gives a bad light because it trembles."""
/hpc_stor03/sjtu_home/chaolei.liu/data/tts/LibriTTS/train-clean-100/83/11691/83_11691_000076_000002.wav|What devotion it showed if he came to her even now--in his present state of bad health! She was in trouble: enchanters, wizards, what-nots.
/hpc_stor03/sjtu_home/chaolei.liu/data/tts/LibriTTS/train-clean-100/3436/172162/3436_172162_000011_000003.wav|Then they that were best horsed chased him, and shot at him, but the child went from them all.
/hpc_stor03/sjtu_home/chaolei.liu/data/tts/LibriTTS/train-clean-100/6064/300880/6064_300880_000001_000000.wav|FIVE times Mr. Thomas Harmon vainly rang the bell of the Remsen mansion. While engaged upon the sixth variation he became aware of a face in the window, scrutinizing him.
/hpc_stor03/sjtu_home/chaolei.liu/data/tts/LibriTTS/train-clean-100/6563/285357/6563_285357_000009_000007.wav|Consequently the Grand Idea must be supported with unbounded enthusiasm.
/hpc_stor03/sjtu_home/chaolei.liu/data/tts/LibriTTS/train-clean-100/196/122159/196_122159_000011_000001.wav|"""And that's more than I meant when I"" . . . he shivered as if about to swallow some nauseous drug . . ."
/hpc_stor03/sjtu_home/chaolei.liu/data/tts/LibriTTS/train-clean-100/1594/135914/1594_135914_000016_000003.wav|Through all the rags that covered them, notwithstanding the impression the sun has made on their faces, I discovered a noble air, not to be commonly found in those people I relieve.
/hpc_stor03/sjtu_home/chaolei.liu/data/tts/LibriTTS/train-clean-100/5456/24741/5456_24741_000017_000001.wav|The human mind has no knowledge of the body, and does not know it to exist, save through the ideas of the modifications whereby the body is affected.
/hpc_stor03/sjtu_home/chaolei.liu/data/tts/LibriTTS/train-clean-100/307/127535/307_127535_000042_000000.wav|"""So that's the toon, is it?"" cried the cook."
/hpc_stor03/sjtu_home/chaolei.liu/data/tts/LibriTTS/train-clean-100/6081/42010/6081_42010_000009_000000.wav|He paused; the door opened again, this time to admit the magistrate's messenger, who timidly, and with a rather guilty air, handed his master a note, and then withdrew.
/hpc_stor03/sjtu_home/chaolei.liu/data/tts/LibriTTS/train-clean-100/6000/86686/6000_86686_000013_000001.wav|"""I am King O'Toole,"" says he, ""prince and plennypennytinchery of these parts,"" says he; ""but how came ye to know that?"" says he."
/hpc_stor03/sjtu_home/chaolei.liu/data/tts/LibriTTS/train-clean-100/6925/80680/6925_80680_000007_000000.wav|'I tell you it was a tiger,' said the king.
/hpc_stor03/sjtu_home/chaolei.liu/data/tts/LibriTTS/train-clean-100/8123/275216/8123_275216_000052_000001.wav|"""You are pretty things,"" he said, ""if this is the way you reward me for my hospitality."
/hpc_stor03/sjtu_home/chaolei.liu/data/tts/LibriTTS/train-clean-100/5652/39938/5652_39938_000016_000006.wav|In the second place come games and sport, which may enter into their right if fatigue can be avoided.
/hpc_stor03/sjtu_home/chaolei.liu/data/tts/LibriTTS/train-clean-100/1034/121119/1034_121119_000065_000003.wav|I have always found them; and more,--I repeat it with joy, with triumph,--I have always found some proof of human perversity or error.
/hpc_stor03/sjtu_home/chaolei.liu/data/tts/LibriTTS/train-clean-100/6385/34669/6385_34669_000029_000002.wav|Mouldy and out of shape, it tottered in decay.
/hpc_stor03/sjtu_home/chaolei.liu/data/tts/LibriTTS/train-clean-100/6019/3185/6019_3185_000030_000004.wav|He rushed forward, with eyes glaring like a tiger's, and leveled a blow at Maximilian.
/hpc_stor03/sjtu_home/chaolei.liu/data/tts/LibriTTS/train-clean-100/1235/135884/1235_135884_000005_000004.wav|I bound her, but as I was going to sacrifice her, she bellowed piteously, and I could perceive tears streaming from her eyes.
/hpc_stor03/sjtu_home/chaolei.liu/data/tts/LibriTTS/train-clean-100/4680/16042/4680_16042_000018_000001.wav|A sort of splendid rectification had just been effected in his mind.
/hpc_stor03/sjtu_home/chaolei.liu/data/tts/LibriTTS/train-clean-100/250/142276/250_142276_000004_000003.wav|I never understood it from Aunt Shaw; I only knew he could not come back to England because of that terrible affair. Poor dear papa! how sad he looks!
/hpc_stor03/sjtu_home/chaolei.liu/data/tts/LibriTTS/train-clean-100/7800/283493/7800_283493_000048_000000.wav|"""I wasn't thinking so much of that as the chance of a blizzard coming down on you,"" Frank continued."
/hpc_stor03/sjtu_home/chaolei.liu/data/tts/LibriTTS/train-clean-100/3214/167602/3214_167602_000055_000000.wav|"""Was it not fate that brought him to Bogucharovo, and at that very moment?"" thought Princess Mary."
/hpc_stor03/sjtu_home/chaolei.liu/data/tts/LibriTTS/train-clean-100/7312/92432/7312_92432_000008_000006.wav|Here, in Rome, she is still spoken of in terms of regard and endearment, and the announcement of her death was received with a degree of sorrow not often bestowed upon a foreigner, especially one of a different faith.
/hpc_stor03/sjtu_home/chaolei.liu/data/tts/LibriTTS/train-clean-100/4267/72637/4267_72637_000025_000004.wav|I hadn't been a college athlete for nothing.
/hpc_stor03/sjtu_home/chaolei.liu/data/tts/LibriTTS/train-clean-100/4051/11218/4051_11218_000028_000002.wav|"Let me hasten onward, and take it to my bosom."""
/hpc_stor03/sjtu_home/chaolei.liu/data/tts/LibriTTS/train-clean-100/2817/142371/2817_142371_000024_000000.wav|"""Will you please to take this chair, sir?"" he said, lifting his father's arm-chair forward a little: ""you'll find it easy."""
/hpc_stor03/sjtu_home/chaolei.liu/data/tts/LibriTTS/train-clean-100/7447/91186/7447_91186_000002_000002.wav|We may safely assume it was not slow in adopting the rude keyboard ascribed by tradition to Pan pipes, and applied to the portable organ of early Christian communities.
/hpc_stor03/sjtu_home/chaolei.liu/data/tts/LibriTTS/train-clean-100/8226/274371/8226_274371_000036_000000.wav|Meanwhile the splendor of the nobility with which the king was environed much eclipsed the appearance at Westminster.
/hpc_stor03/sjtu_home/chaolei.liu/data/tts/LibriTTS/train-clean-100/3664/178355/3664_178355_000012_000000.wav|Again the excursion party approached, and once more the champagne was tapped.
/hpc_stor03/sjtu_home/chaolei.liu/data/tts/LibriTTS/train-clean-100/3259/158083/3259_158083_000064_000000.wav|I took off my coat and hat.
/hpc_stor03/sjtu_home/chaolei.liu/data/tts/LibriTTS/train-clean-100/460/172359/460_172359_000084_000003.wav|And why was it that Mr. Smith wouldn't pay Billy, the desk clerk, his back wages when he wanted to put it into Cuba?
/hpc_stor03/sjtu_home/chaolei.liu/data/tts/LibriTTS/train-clean-100/887/123290/887_123290_000004_000002.wav|Shall fire, air, and water make a combined attack against me?
/hpc_stor03/sjtu_home/chaolei.liu/data/tts/LibriTTS/train-clean-100/7517/100429/7517_100429_000006_000009.wav|Some think there will be merely a flood over the surrounding paths and the kitchen garden, but for myself I believe that we are promised something much bigger than that.
/hpc_stor03/sjtu_home/chaolei.liu/data/tts/LibriTTS/train-clean-100/412/126975/412_126975_000029_000001.wav|Neither, I assure you, does a Socialist mean a man who desires a social evening with the chimney-sweep.
/hpc_stor03/sjtu_home/chaolei.liu/data/tts/LibriTTS/train-clean-100/2384/152900/2384_152900_000021_000003.wav|Besides the pemmican, we had biscuits, milk-powder, and chocolate.
/hpc_stor03/sjtu_home/chaolei.liu/data/tts/LibriTTS/train-clean-100/4088/158079/4088_158079_000153_000000.wav|As they attempted to take up their posts, two by two, in front of the Reviewing Stand, opposite the White House, they were gathered in and swept away by the police like common street criminals- their golden banners scarcely flung to the breeze.
/hpc_stor03/sjtu_home/chaolei.liu/data/tts/LibriTTS/train-clean-100/481/123720/481_123720_000006_000015.wav|I got the better of him on that occasion, but though Zverkov was stupid he was lively and impudent, and so laughed it off, and in such a way that my victory was not really complete; the laugh was on his side.
/hpc_stor03/sjtu_home/chaolei.liu/data/tts/LibriTTS/train-clean-100/4788/91208/4788_91208_000011_000005.wav|"Modern Noumenalists agree that we can know nothing more of ""things in themselves"" than their existence, but this they continue to assert with a vehemence only equalled by its want of meaning."
/hpc_stor03/sjtu_home/chaolei.liu/data/tts/LibriTTS/train-clean-100/1970/28415/1970_28415_000046_000000.wav|Jesus called his disciples to him, and said:
/hpc_stor03/sjtu_home/chaolei.liu/data/tts/LibriTTS/train-clean-100/103/1241/103_1241_000025_000008.wav|And then I can imagine that I'm dressed gorgeously.
/hpc_stor03/sjtu_home/chaolei.liu/data/tts/LibriTTS/train-clean-100/8098/275181/8098_275181_000036_000002.wav|His left hand was bitten through the palm, and badly swollen.
/hpc_stor03/sjtu_home/chaolei.liu/data/tts/LibriTTS/train-clean-100/8580/287363/8580_287363_000008_000002.wav|"Now, Mr. Damon, if you will just take charge of the steering apparatus for a minute, I want to go aft."""
/hpc_stor03/sjtu_home/chaolei.liu/data/tts/LibriTTS/train-clean-100/5678/43302/5678_43302_000034_000004.wav|Well, I do not think I shall be again.
/hpc_stor03/sjtu_home/chaolei.liu/data/tts/LibriTTS/train-clean-100/8063/274115/8063_274115_000034_000000.wav|"""The Dutch cheese, inside which a rat had made his way, and we found only the rind left."""
/hpc_stor03/sjtu_home/chaolei.liu/data/tts/LibriTTS/train-clean-100/7859/102519/7859_102519_000018_000001.wav|Their execution began a reign of terror, for Justinian had his oath to keep, and was set on wreaking vengeance on every one who had been concerned in his deposition.
/hpc_stor03/sjtu_home/chaolei.liu/data/tts/LibriTTS/train-clean-100/374/180299/374_180299_000005_000000.wav|I did not know the duke, but I felt ashamed of deceiving him.
/hpc_stor03/sjtu_home/chaolei.liu/data/tts/LibriTTS/train-clean-100/3242/8112/3242_8112_000050_000001.wav|The big one induces plasmoid activity, the little one modifies it.
/hpc_stor03/sjtu_home/chaolei.liu/data/tts/LibriTTS/train-clean-100/4898/20016/4898_20016_000009_000004.wav|There was a strange beauty, too, about the old man's face.
/hpc_stor03/sjtu_home/chaolei.liu/data/tts/LibriTTS/train-clean-100/6367/65536/6367_65536_000039_000000.wav|They walked among the firs until the stars came out, and they talked of many things.
/hpc_stor03/sjtu_home/chaolei.liu/data/tts/LibriTTS/train-clean-100/2836/5354/2836_5354_000030_000000.wav|"The outside of the letter was superscribed as the other, ""F."
/hpc_stor03/sjtu_home/chaolei.liu/data/tts/LibriTTS/train-clean-100/403/128339/403_128339_000010_000008.wav|Under the President sat Doctor Manette, in his usual quiet dress.
/hpc_stor03/sjtu_home/chaolei.liu/data/tts/LibriTTS/train-clean-100/118/47824/118_47824_000089_000001.wav|His black clothing, relieved only by narrow edges of white cuffs between the sleeves and the heavy mourning gloves, fitted with solemn harmony into the landscape and Bobby's mood.
/hpc_stor03/sjtu_home/chaolei.liu/data/tts/LibriTTS/train-clean-100/7178/34645/7178_34645_000036_000001.wav|Insects exist which are so savagely disinterested that they sting, knowing that to sting is to die. Barkilphedro was like such vermin.
/hpc_stor03/sjtu_home/chaolei.liu/data/tts/LibriTTS/train-clean-100/6181/216552/6181_216552_000019_000000.wav|"""Therefore, the right of appropriation by labor shall never be admitted against individuals, but only against society."""
/hpc_stor03/sjtu_home/chaolei.liu/data/tts/LibriTTS/train-clean-100/19/198/19_198_000010_000000.wav|Such was Catherine Morland at ten.
/hpc_stor03/sjtu_home/chaolei.liu/data/tts/LibriTTS/train-clean-100/1355/39947/1355_39947_000021_000004.wav|Here is the place where imagination in play and later in art come in.
/hpc_stor03/sjtu_home/chaolei.liu/data/tts/LibriTTS/train-clean-100/8238/274553/8238_274553_000017_000000.wav|With sentiments of perfect respect,
/hpc_stor03/sjtu_home/chaolei.liu/data/tts/LibriTTS/train-clean-100/6437/66173/6437_66173_000033_000000.wav|A good wash at the pump, and a cold key applied to my eye, refreshed me amazingly.
/hpc_stor03/sjtu_home/chaolei.liu/data/tts/LibriTTS/train-clean-100/1334/135589/1334_135589_000062_000002.wav|The court was now one continual scene of fetes and gayety.
/hpc_stor03/sjtu_home/chaolei.liu/data/tts/LibriTTS/train-clean-100/4362/15663/4362_15663_000031_000003.wav|The weary hours wore away like dim half-forgotten years, so long and eventful they seemed, though we did nothing but suffer.
/hpc_stor03/sjtu_home/chaolei.liu/data/tts/LibriTTS/train-clean-100/1926/147979/1926_147979_000006_000003.wav|"I learned that Mrs. Gardener had gone to Omaha to hear Booth and Barrett, who were to play there next week, and that Mary Anderson was having a great success in ""A Winter's Tale,"" in London."
/hpc_stor03/sjtu_home/chaolei.liu/data/tts/LibriTTS/train-clean-100/3699/19402/3699_19402_000024_000000.wav|She cannot, quoth my uncle Toby, halting, when they had march'd up to within twenty paces of Mrs. Wadman's door--she cannot, corporal, take it amiss.--
/hpc_stor03/sjtu_home/chaolei.liu/data/tts/LibriTTS/train-clean-100/4340/15220/4340_15220_000089_000000.wav|"""You'll catch it when you get home, Ben; so you'd better have a good time while you can,"" advised Sam, thinking Bab great fun, since none of the blame of her pranks would fall on him."
/hpc_stor03/sjtu_home/chaolei.liu/data/tts/LibriTTS/train-clean-100/27/124992/27_124992_000021_000001.wav|And he made all his warlike preparations to go before with a multitude of innumerable camels, with all provisions sufficient for the armies in abundance, and herds of oxen, and flocks of sheep, without number.
/hpc_stor03/sjtu_home/chaolei.liu/data/tts/LibriTTS/train-clean-100/3879/174923/3879_174923_000020_000001.wav|It was from Mrs. Low, the wife of the barrister with whom he had worked when he had been a law student in London.
/hpc_stor03/sjtu_home/chaolei.liu/data/tts/LibriTTS/train-clean-100/6078/54013/6078_54013_000072_000002.wav|"Come, friend, let us have it."""
/hpc_stor03/sjtu_home/chaolei.liu/data/tts/LibriTTS/train-clean-100/3830/12535/3830_12535_000017_000000.wav|The man was Shirley Ensign, of Olympia, who had established a ferry across the Columbia River and had lingered to set over belated immigrants, if any should come along.
/hpc_stor03/sjtu_home/chaolei.liu/data/tts/LibriTTS/train-clean-100/2436/2481/2436_2481_000011_000003.wav|"Send a flash for Balch!"""
/hpc_stor03/sjtu_home/chaolei.liu/data/tts/LibriTTS/train-clean-100/322/124146/322_124146_000013_000001.wav|"Tell her that you insist upon her marrying him."""
/hpc_stor03/sjtu_home/chaolei.liu/data/tts/LibriTTS/train-clean-100/458/126290/458_126290_000007_000001.wav|'Alas!' said the mouse, 'now I see what has happened, now it comes to light!
/hpc_stor03/sjtu_home/chaolei.liu/data/tts/LibriTTS/train-clean-100/8797/294123/8797_294123_000030_000002.wav|There was no feel, no speech, no recognition.
/hpc_stor03/sjtu_home/chaolei.liu/data/tts/LibriTTS/train-clean-100/7505/258958/7505_258958_000020_000000.wav|It is necessary therefore to recognize the distinction between present and future incomes.
/hpc_stor03/sjtu_home/chaolei.liu/data/tts/LibriTTS/train-clean-100/2182/181173/2182_181173_000027_000000.wav|"""I've run all the way,"" he said."
/hpc_stor03/sjtu_home/chaolei.liu/data/tts/LibriTTS/train-clean-100/3440/171009/3440_171009_000014_000000.wav|When Elsie left her father she found that the Carringtons had just arrived.
/hpc_stor03/sjtu_home/chaolei.liu/data/tts/LibriTTS/train-clean-100/3486/166424/3486_166424_000019_000000.wav|"""It's all right,"" I shouted."
/hpc_stor03/sjtu_home/chaolei.liu/data/tts/LibriTTS/train-clean-100/1069/133699/1069_133699_000057_000001.wav|"""But I don't believe that; he's not a man to do nothing."
/hpc_stor03/sjtu_home/chaolei.liu/data/tts/LibriTTS/train-clean-100/4441/76263/4441_76263_000067_000000.wav|"""Do you want money?"" said Borg to the newcomer, laying his hand on his breast-pocket."
/hpc_stor03/sjtu_home/chaolei.liu/data/tts/LibriTTS/train-clean-100/1098/133695/1098_133695_000025_000000.wav|"""Oh, I know he doesn't row; he's too lazy,"" said his lordship, indicating Ralph Touchett with a laugh."
/hpc_stor03/sjtu_home/chaolei.liu/data/tts/LibriTTS/train-clean-100/4137/11702/4137_11702_000055_000000.wav|Merriwig leant forward with eagerness.
/hpc_stor03/sjtu_home/chaolei.liu/data/tts/LibriTTS/train-clean-100/8051/119902/8051_119902_000024_000004.wav|But they must have enough wheat to make a durable loaf of bread at the bakeshops, where for generations all the baking has been done.
/hpc_stor03/sjtu_home/chaolei.liu/data/tts/LibriTTS/train-clean-100/233/155990/233_155990_000015_000002.wav|Each assented to my proposal in principle.
/hpc_stor03/sjtu_home/chaolei.liu/data/tts/LibriTTS/train-clean-100/78/369/78_369_000022_000006.wav|I had no conception that vessels ever came so far north and was astounded at the sight.
/hpc_stor03/sjtu_home/chaolei.liu/data/tts/LibriTTS/train-clean-100/3374/298025/3374_298025_000014_000006.wav|All the rest is readily explained by psychology.
/hpc_stor03/sjtu_home/chaolei.liu/data/tts/LibriTTS/train-clean-100/6147/34607/6147_34607_000010_000003.wav|Heat sugar and it will boil.
/hpc_stor03/sjtu_home/chaolei.liu/data/tts/LibriTTS/train-clean-100/1040/133433/1040_133433_000072_000005.wav|That used to be Tootles.
/hpc_stor03/sjtu_home/chaolei.liu/data/tts/LibriTTS/train-clean-100/1624/142933/1624_142933_000037_000002.wav|"""We'll have to get that out right away,"" continued Farmer Brown's boy, stroking Redcoat ever so gently."
/hpc_stor03/sjtu_home/chaolei.liu/data/tts/LibriTTS/train-clean-100/426/122822/426_122822_000056_000000.wav|"""Well, Anne, I guess you've won over Anthony Pye, that's what."
/hpc_stor03/sjtu_home/chaolei.liu/data/tts/LibriTTS/train-clean-100/1246/124550/1246_124550_000016_000003.wav|The teacher took her to headquarters.
/hpc_stor03/sjtu_home/chaolei.liu/data/tts/LibriTTS/train-clean-100/7226/86964/7226_86964_000009_000000.wav|There are rapids, almost continually, from a mile above Prophetstown to Erie, ten miles below.
/hpc_stor03/sjtu_home/chaolei.liu/data/tts/LibriTTS/train-clean-100/8324/286682/8324_286682_000038_000004.wav|You can beat in every fight.
/hpc_stor03/sjtu_home/chaolei.liu/data/tts/LibriTTS/train-clean-100/2893/139322/2893_139322_000006_000003.wav|To be steadfast against such inducements was scarcely to be expected of meanly nourished souls.
/hpc_stor03/sjtu_home/chaolei.liu/data/tts/LibriTTS/train-clean-100/5514/19192/5514_19192_000016_000001.wav|Insurrection and repression do not fight with equal weapons. Insurrection, which is speedily exhausted, has only a certain number of shots to fire and a certain number of combatants to expend.
/hpc_stor03/sjtu_home/chaolei.liu/data/tts/LibriTTS/train-clean-100/1578/140045/1578_140045_000024_000000.wav|Rebecca rose, overcome with secret laughter dread, and mortification; then in a low voice she read the couplet:--
/hpc_stor03/sjtu_home/chaolei.liu/data/tts/LibriTTS/train-clean-100/4214/7146/4214_7146_000060_000001.wav|Mrs. Barry was a woman of strong prejudices and dislikes, and her anger was of the cold, sullen sort which is always hardest to overcome.
/hpc_stor03/sjtu_home/chaolei.liu/data/tts/LibriTTS/train-clean-100/1992/141719/1992_141719_000014_000004.wav|Victory! in favour of the Champion in white.
/hpc_stor03/sjtu_home/chaolei.liu/data/tts/LibriTTS/train-clean-100/3982/178459/3982_178459_000030_000002.wav|"""Do you think I'm--in love with you?"""
/hpc_stor03/sjtu_home/chaolei.liu/data/tts/LibriTTS/train-clean-100/2007/149877/2007_149877_000061_000000.wav|"""That's right,"" said Drouet, going out."
/hpc_stor03/sjtu_home/chaolei.liu/data/tts/LibriTTS/train-clean-100/8975/270782/8975_270782_000010_000001.wav|"You say: ""Granted this death wish was present at some time or other, and is substantiated by memory, yet this is no explanation."
/hpc_stor03/sjtu_home/chaolei.liu/data/tts/LibriTTS/train-clean-100/4830/25904/4830_25904_000014_000003.wav|He was so exactly the colour of the bare bough, and lay so still, I had not seen him till he came to take a look at me.
/hpc_stor03/sjtu_home/chaolei.liu/data/tts/LibriTTS/train-clean-100/311/124404/311_124404_000007_000003.wav|And what can physicians conjecture from feeling the pulse unless they know that according as the blood changes its nature it can be rarefied by the warmth of the heart, in a higher or lower degree, and more or less quickly than before?
/hpc_stor03/sjtu_home/chaolei.liu/data/tts/LibriTTS/train-clean-100/2952/408/2952_408_000018_000001.wav|"""I called at his anjitsu on the hill yonder."
/hpc_stor03/sjtu_home/chaolei.liu/data/tts/LibriTTS/train-clean-100/8425/292520/8425_292520_000038_000001.wav|Grey The evening, like an opal; low, A grey moon shrouded in sea fog: Air pregnant with spring; rasp of my steps Beside the lapping water; within The dark.
/hpc_stor03/sjtu_home/chaolei.liu/data/tts/LibriTTS/train-clean-100/6454/107462/6454_107462_000008_000004.wav|He would wait until the bar was deserted by all but the one lingering victim whom his trained eye had picked out.
/hpc_stor03/sjtu_home/chaolei.liu/data/tts/LibriTTS/train-clean-100/4813/248638/4813_248638_000018_000002.wav|But as the eye grows accustomed to the stretching distances, objects both near and far begin to appear.
/hpc_stor03/sjtu_home/chaolei.liu/data/tts/LibriTTS/train-clean-100/2002/139469/2002_139469_000013_000005.wav|Yet a feeling of awe, a breathless sentiment of wonder, a painful sense of the degradation of humanity, was introduced into every heart.
/hpc_stor03/sjtu_home/chaolei.liu/data/tts/LibriTTS/train-clean-100/8465/246943/8465_246943_000024_000000.wav|"""Fancy!"" he repeated; ""I know what fancy is as well as any man or woman born: THAT was no fancy."
/hpc_stor03/sjtu_home/chaolei.liu/data/tts/LibriTTS/train-clean-100/2092/145706/2092_145706_000004_000003.wav|If we could only get him out of the way we might succeed better.'
/hpc_stor03/sjtu_home/chaolei.liu/data/tts/LibriTTS/train-clean-100/1963/142393/1963_142393_000007_000001.wav|Dinah could not be displeased with him for it.
/hpc_stor03/sjtu_home/chaolei.liu/data/tts/LibriTTS/train-clean-100/8468/294887/8468_294887_000005_000001.wav|"He was almost always at their meetings, which were known only to ""the elect,"" for we dared not hold them too publicly, as we almost always had some of the travelers toward the ""north star"" present, whose masters or their agents were frequently in the city, in hot pursuit."
/hpc_stor03/sjtu_home/chaolei.liu/data/tts/LibriTTS/train-clean-100/1737/148989/1737_148989_000013_000000.wav|There was great scrubbing and dusting among the matrons as they set their houses in order not only for Class Day, but to receive the bride and groom, who were to come to them for the honeymoon trip.
/hpc_stor03/sjtu_home/chaolei.liu/data/tts/LibriTTS/train-clean-100/1455/134435/1455_134435_000012_000006.wav|Instead he prayed for it.
/hpc_stor03/sjtu_home/chaolei.liu/data/tts/LibriTTS/train-clean-100/911/128684/911_128684_000016_000001.wav|Hardness and softness are effects on us of atomic interactions, and the atoms themselves are neither hard nor soft, nor solid nor liquid.
/hpc_stor03/sjtu_home/chaolei.liu/data/tts/LibriTTS/train-clean-100/3857/182317/3857_182317_000028_000002.wav|That is the kind of hold that curiosity has on the monkeys.
/hpc_stor03/sjtu_home/chaolei.liu/data/tts/LibriTTS/train-clean-100/1116/132847/1116_132847_000020_000000.wav|As he listened Houarn's mind was made up.
/hpc_stor03/sjtu_home/chaolei.liu/data/tts/LibriTTS/train-clean-100/8838/298545/8838_298545_000013_000002.wav|But, such as it was, it brought him his board and One pound a week--enough to help him during the summer months and let him save a few pounds towards his winter keep.
/hpc_stor03/sjtu_home/chaolei.liu/data/tts/LibriTTS/train-clean-100/4397/15666/4397_15666_000007_000006.wav|I should like to see how Mr. Young, the Lake Prophet, would meet such messengers.
/hpc_stor03/sjtu_home/chaolei.liu/data/tts/LibriTTS/train-clean-100/730/359/730_359_000021_000004.wav|Fit habitation for gods, which, so short a time before, was bleak, damp, and unwholesome.
/hpc_stor03/sjtu_home/chaolei.liu/data/tts/LibriTTS/train-clean-100/3168/173565/3168_173565_000027_000002.wav|Prince Andrew wished to return to that former world of pure thought, but he could not, and delirium drew him back into its domain.
/hpc_stor03/sjtu_home/chaolei.liu/data/tts/LibriTTS/train-clean-100/2910/131096/2910_131096_000006_000000.wav|A certain king and queen had three daughters.
/hpc_stor03/sjtu_home/chaolei.liu/data/tts/LibriTTS/train-clean-100/298/126791/298_126791_000072_000001.wav|"If you begin at the heel of life, well; but if you reckon downward, as is most common, I think she is nearer forty."""
/hpc_stor03/sjtu_home/chaolei.liu/data/tts/LibriTTS/train-clean-100/2911/12359/2911_12359_000008_000001.wav|Indeed, in such vinous-caseous places cheese is on the house at all wine sales for prospective customers to snack upon and thus bring out the full flavor of the cellared vintages.
/hpc_stor03/sjtu_home/chaolei.liu/data/tts/LibriTTS/train-clean-100/7780/274562/7780_274562_000008_000010.wav|No pictorial or sculptural combinations of points of human loveliness, do more than approach the living and breathing human beauty as it gladdens our daily path.
/hpc_stor03/sjtu_home/chaolei.liu/data/tts/LibriTTS/train-clean-100/1867/154075/1867_154075_000055_000000.wav|Relief, wonder, and even a gleam of outright happiness shot into the eyes of John Mark.
/hpc_stor03/sjtu_home/chaolei.liu/data/tts/LibriTTS/train-clean-100/839/130898/839_130898_000059_000003.wav|On July 4, 1779, as a member of the squadron under Admiral d'Estaing, it assisted in the capture of the island of Grenada.
/hpc_stor03/sjtu_home/chaolei.liu/data/tts/LibriTTS/train-clean-100/5390/24512/5390_24512_000046_000001.wav|Though you know the whole Book of the Law by heart, you must not write a single word from memory, but raise your eyes to your copy, and pronounce the word aloud before trusting it to your pen.
/hpc_stor03/sjtu_home/chaolei.liu/data/tts/LibriTTS/train-clean-100/3526/176651/3526_176651_000013_000009.wav|His breeches were tight and on his feet were strange boots that were the colour of his saddle, which was deep in seat, high both in front and behind and had strange long-hooded stirrups.
/hpc_stor03/sjtu_home/chaolei.liu/data/tts/LibriTTS/train-clean-100/4014/186175/4014_186175_000045_000000.wav|"""Somebody shoved me--in that closet,"" he gasped, ""and then--slammed and--locked--the door."""
/hpc_stor03/sjtu_home/chaolei.liu/data/tts/LibriTTS/train-clean-100/5778/12761/5778_12761_000013_000012.wav|One man took his way along a spur leading into the river, in hope to cross his trail, and another took our own back.
/hpc_stor03/sjtu_home/chaolei.liu/data/tts/LibriTTS/train-clean-100/2691/156755/2691_156755_000022_000001.wav|This we did as speedily as possible, and succeeded none too soon; for as we reached the ground on the safe side, he stopped us, and angrily demanded the contents of our basket.
/hpc_stor03/sjtu_home/chaolei.liu/data/tts/LibriTTS/train-clean-100/7511/102419/7511_102419_000017_000003.wav|Mrs. O'Shaughnessy drew her head down upon her shoulder and was trying to quiet her.
/hpc_stor03/sjtu_home/chaolei.liu/data/tts/LibriTTS/train-clean-100/5750/100289/5750_100289_000006_000001.wav|From their point of view, a particularly able or well-equipped man of their race is a public blessing, and all but public property.
/hpc_stor03/sjtu_home/chaolei.liu/data/tts/LibriTTS/train-clean-100/5163/39921/5163_39921_000040_000003.wav|On the ground beneath them stood their father with a basket of fruit in his hand.
/hpc_stor03/sjtu_home/chaolei.liu/data/tts/LibriTTS/train-clean-100/4481/17498/4481_17498_000027_000000.wav|The Major gave an involuntary start, and then turned to look at him curiously.
/hpc_stor03/sjtu_home/chaolei.liu/data/tts/LibriTTS/train-clean-100/8629/261139/8629_261139_000014_000002.wav|But no man can furnish what he does not possess, and the few final minutes before noon passed by without any addition being made to the facts which had already been presented for general consideration.
/hpc_stor03/sjtu_home/chaolei.liu/data/tts/LibriTTS/train-clean-100/6529/62554/6529_62554_000033_000000.wav|"""I thank you, Ayrton,"" answered Cyrus Harding, ""but I should like a more direct answer to the question I put to you."
/hpc_stor03/sjtu_home/chaolei.liu/data/tts/LibriTTS/train-clean-100/5104/33407/5104_33407_000016_000003.wav|He had shoes of scarlet with golden clasps.
/hpc_stor03/sjtu_home/chaolei.liu/data/tts/LibriTTS/train-clean-100/198/126831/198_126831_000009_000008.wav|"But to be called ""a sweet cat!"" Oh, Sara, Sara!"
/hpc_stor03/sjtu_home/chaolei.liu/data/tts/LibriTTS/train-clean-100/3112/9555/3112_9555_000009_000007.wav|I do not doubt that I was dirty;--but I think that he was cruel.
/hpc_stor03/sjtu_home/chaolei.liu/data/tts/LibriTTS/train-clean-100/8770/295465/8770_295465_000004_000002.wav|It was his pet name for the dearest man on earth, and it was his only way of expressing the greatest pleasure his boyish heart was able to hold.
/hpc_stor03/sjtu_home/chaolei.liu/data/tts/LibriTTS/train-clean-100/4195/186238/4195_186238_000050_000003.wav|"Except that it'll keep you busy, there's no need for you to work at all."""
/hpc_stor03/sjtu_home/chaolei.liu/data/tts/LibriTTS/train-clean-100/2289/152253/2289_152253_000010_000002.wav|But he was young and full of spirit, and very soon he remembered only what had been said to him about his becoming a great and famous conqueror and began to prepare for war.
/hpc_stor03/sjtu_home/chaolei.liu/data/tts/LibriTTS/train-clean-100/1363/139304/1363_139304_000012_000003.wav|He reeled out into the general space of the hall, greatly astonished.
/hpc_stor03/sjtu_home/chaolei.liu/data/tts/LibriTTS/train-clean-100/7190/90542/7190_90542_000100_000000.wav|"""Wigan, do you see?"" whispered Quarles."
/hpc_stor03/sjtu_home/chaolei.liu/data/tts/LibriTTS/train-clean-100/5393/19219/5393_19219_000047_000059.wav|I, too, have had my dream, I, too, have meditated, I, too, have sighed; I, too, have had a moonlight soul.
/hpc_stor03/sjtu_home/chaolei.liu/data/tts/LibriTTS/train-clean-100/2159/179156/2159_179156_000013_000000.wav|A slow movement was tried (the Valhalla motif).
/hpc_stor03/sjtu_home/chaolei.liu/data/tts/LibriTTS/train-clean-100/1088/134318/1088_134318_000003_000004.wav|He would get Fisher out of the way that night and make sure.
/hpc_stor03/sjtu_home/chaolei.liu/data/tts/LibriTTS/train-clean-100/150/126107/150_126107_000029_000000.wav|"""Is that what you call FALLING IN?"""
/hpc_stor03/sjtu_home/chaolei.liu/data/tts/LibriTTS/train-clean-100/8108/280354/8108_280354_000016_000002.wav|Now at last the shots took effect, and in their fury the women fell upon him, dealing blow on blow.
/hpc_stor03/sjtu_home/chaolei.liu/data/tts/LibriTTS/train-clean-100/6836/61803/6836_61803_000014_000001.wav|The evidence is already before them; and though entirely circumstantial--as in most cases of murder--the circumstances form a chain irresistibly conclusive and complete.
/hpc_stor03/sjtu_home/chaolei.liu/data/tts/LibriTTS/train-clean-100/5703/47212/5703_47212_000033_000000.wav|"""Dear me,"" said Gimblet, ""just what my friend wants."
/hpc_stor03/sjtu_home/chaolei.liu/data/tts/LibriTTS/train-clean-100/5022/29405/5022_29405_000024_000001.wav|I knocked at the door on the ancient side of the building.
/hpc_stor03/sjtu_home/chaolei.liu/data/tts/LibriTTS/train-clean-100/332/128985/332_128985_000001_000000.wav|The Story of Roc, the Brazilian
/hpc_stor03/sjtu_home/chaolei.liu/data/tts/LibriTTS/train-clean-100/587/54108/587_54108_000030_000001.wav|"""Then will you wrap something about you and come down to the river?"""
/hpc_stor03/sjtu_home/chaolei.liu/data/tts/LibriTTS/train-clean-100/8095/274346/8095_274346_000048_000008.wav|To such deep perfidy, to such unbounded usurpations, it was necessary to oppose a proper firmness and resolution.
/hpc_stor03/sjtu_home/chaolei.liu/data/tts/LibriTTS/train-clean-100/8014/112602/8014_112602_000003_000005.wav|I do not find mentioned anywhere that the Irish dyed their hair, as was the custom among the Greeks and Romans.
/hpc_stor03/sjtu_home/chaolei.liu/data/tts/LibriTTS/train-clean-100/200/126784/200_126784_000053_000000.wav|"""I did not know it until I reached them, and it was then too late to retreat,"" said Wharton sullenly."
/hpc_stor03/sjtu_home/chaolei.liu/data/tts/LibriTTS/train-clean-100/8609/262281/8609_262281_000059_000001.wav|"""Do not be impatient, or it will seem to be further off still."
/hpc_stor03/sjtu_home/chaolei.liu/data/tts/LibriTTS/train-clean-100/7794/295955/7794_295955_000002_000047.wav|"I assure you, in God's name, that he is able to overcome the dragon, only go to-morrow with him to see whether he will free us from this mischief which has destroyed so many people."""
/hpc_stor03/sjtu_home/chaolei.liu/data/tts/LibriTTS/train-clean-100/1183/133256/1183_133256_000071_000001.wav|UNSURPASSED for General Debility, Nervous Weakness, Stomach troubles, Kidney affections and General Break-Down.
/hpc_stor03/sjtu_home/chaolei.liu/data/tts/LibriTTS/train-clean-100/1263/141777/1263_141777_000016_000003.wav|One of the men trailed him, but as they reached a post planted a little beyond the bubble tents he stopped, allowed the explorer to advance alone into the dark.
/hpc_stor03/sjtu_home/chaolei.liu/data/tts/LibriTTS/train-clean-100/4297/13009/4297_13009_000049_000001.wav|He does not like the idea of crossing the Channel so often.
/hpc_stor03/sjtu_home/chaolei.liu/data/tts/LibriTTS/train-clean-100/2196/170379/2196_170379_000006_000004.wav|Dr. Kroger, like a few others, has proved to his own satisfaction that all hypnotic phenomena can be produced at a non-hypnotic level.
/hpc_stor03/sjtu_home/chaolei.liu/data/tts/LibriTTS/train-clean-100/3607/29116/3607_29116_000056_000002.wav|But Balloon is not alone, we have many truly noble statesmen in our country's service like Balloon.
/hpc_stor03/sjtu_home/chaolei.liu/data/tts/LibriTTS/train-clean-100/8312/279791/8312_279791_000006_000000.wav|"""In captivity,"" repeated the queen."
/hpc_stor03/sjtu_home/chaolei.liu/data/tts/LibriTTS/train-clean-100/125/121342/125_121342_000043_000020.wav|Rosalind was outfield, wonderful hitter, Clara first base, maybe.
/hpc_stor03/sjtu_home/chaolei.liu/data/tts/LibriTTS/train-clean-100/6818/68772/6818_68772_000029_000000.wav|Mr. Hopkins was not greatly pleased that his challenge had been accepted.
/hpc_stor03/sjtu_home/chaolei.liu/data/tts/LibriTTS/train-clean-100/2989/138035/2989_138035_000009_000002.wav|Sometimes he gazes at the sky, at other times he fixes his eyes on the earth in such an abstracted way that he might be taken for a clothed statue, with its drapery stirred by the wind.
/hpc_stor03/sjtu_home/chaolei.liu/data/tts/LibriTTS/train-clean-100/1553/140048/1553_140048_000032_000000.wav|"""You needn't argue that point,"" laughed the man, as he stood up to get a glimpse of the ""rich blacksmith's daughter"" at the gate."
/hpc_stor03/sjtu_home/chaolei.liu/data/tts/LibriTTS/train-clean-100/1447/17506/1447_17506_000029_000001.wav|Here is our record of nobility.
/hpc_stor03/sjtu_home/chaolei.liu/data/tts/LibriTTS/train-clean-100/7367/86737/7367_86737_000131_000013.wav|A knife was plunged up to the hilt in Rita's left breast.
/hpc_stor03/sjtu_home/chaolei.liu/data/tts/LibriTTS/train-clean-100/5463/39173/5463_39173_000015_000001.wav|He now felt that he might accept the stall without discredit to himself as a clergyman in doing so. Indeed, after what Mr. Sowerby had said, and after Lord Lufton's assent to it, it would have been madness, he considered, to decline it.
/hpc_stor03/sjtu_home/chaolei.liu/data/tts/LibriTTS/train-clean-100/201/122255/201_122255_000034_000004.wav|Then, raising his staff, stout Arthur dealt him another blow upon the ribs.
/hpc_stor03/sjtu_home/chaolei.liu/data/tts/LibriTTS/train-clean-100/6476/96661/6476_96661_000010_000000.wav|And there came two brothers, twins, who were a wonder to all who beheld them.
/hpc_stor03/sjtu_home/chaolei.liu/data/tts/LibriTTS/train-clean-100/2518/154825/2518_154825_000016_000001.wav|And then the path grew steeper and steeper, and Elzevir went slower and slower, till at last he spoke:
/hpc_stor03/sjtu_home/chaolei.liu/data/tts/LibriTTS/train-clean-100/5789/70653/5789_70653_000025_000002.wav|"Is it the fact that there was an estrangement between you?"""
/hpc_stor03/sjtu_home/chaolei.liu/data/tts/LibriTTS/train-clean-100/4406/16883/4406_16883_000029_000002.wav|"Now may I say with David ""I am poor and needy, and my heart is wounded within me."
/hpc_stor03/sjtu_home/chaolei.liu/data/tts/LibriTTS/train-clean-100/32/21631/32_21631_000018_000001.wav|And he went right on talking.
/hpc_stor03/sjtu_home/chaolei.liu/data/tts/LibriTTS/train-clean-100/4859/29340/4859_29340_000004_000005.wav|But Napoleon's power suppressed the ideas of the Revolution and the general temper of the age.
/hpc_stor03/sjtu_home/chaolei.liu/data/tts/LibriTTS/train-clean-100/1743/142912/1743_142912_000023_000000.wav|"""A cast-off suit of clothes from any member of the Snake family,"" replied Cresty somewhat impatiently."
/hpc_stor03/sjtu_home/chaolei.liu/data/tts/LibriTTS/train-clean-100/831/130739/831_130739_000018_000000.wav|The shop-walker brings up parallel to the counter.
/hpc_stor03/sjtu_home/chaolei.liu/data/tts/LibriTTS/train-clean-100/909/131041/909_131041_000013_000005.wav|And they have excluded from eligibility to this trust, all those who from situation might be suspected of too great devotion to the President in office.
/hpc_stor03/sjtu_home/chaolei.liu/data/tts/LibriTTS/train-clean-100/4853/29413/4853_29413_000017_000000.wav|"""Flew into a furious rage."
/hpc_stor03/sjtu_home/chaolei.liu/data/tts/LibriTTS/train-clean-100/6209/34601/6209_34601_000042_000002.wav|The savoury odour was perceptible.
/hpc_stor03/sjtu_home/chaolei.liu/data/tts/LibriTTS/train-clean-100/302/123504/302_123504_000022_000000.wav|I then knelt down beside the fearsome-looking thing, and raising it to its feet motioned for it to follow me.
/hpc_stor03/sjtu_home/chaolei.liu/data/tts/LibriTTS/train-clean-100/669/129074/669_129074_000052_000000.wav|George took the glass again and raked the vessel.
/hpc_stor03/sjtu_home/chaolei.liu/data/tts/LibriTTS/train-clean-100/5867/48852/5867_48852_000003_000005.wav|If she should give him any hope, he could ride back triumphant as a field-marshal.
/hpc_stor03/sjtu_home/chaolei.liu/data/tts/LibriTTS/train-clean-100/7278/91083/7278_91083_000023_000002.wav|The farm adjoining is a delight to see.
/hpc_stor03/sjtu_home/chaolei.liu/data/tts/LibriTTS/train-clean-100/211/122425/211_122425_000154_000002.wav|"Speak, I am ready to obey."""
/hpc_stor03/sjtu_home/chaolei.liu/data/tts/LibriTTS/train-clean-100/229/130880/229_130880_000113_000001.wav|You see, sir, these sharks are badly designed.
/hpc_stor03/sjtu_home/chaolei.liu/data/tts/LibriTTS/train-clean-100/5561/41615/5561_41615_000029_000001.wav|"The girl who composed and wrote that agreement will now rise and explain herself."""
/hpc_stor03/sjtu_home/chaolei.liu/data/tts/LibriTTS/train-clean-100/7059/77897/7059_77897_000007_000001.wav|"""As Mrs. Wilmington's old friend, you will have the greatest influence with her."""
/hpc_stor03/sjtu_home/chaolei.liu/data/tts/LibriTTS/train-clean-100/625/132112/625_132112_000007_000004.wav|"""All we make,"" answered Sam."
/hpc_stor03/sjtu_home/chaolei.liu/data/tts/LibriTTS/train-clean-100/226/122538/226_122538_000026_000000.wav|She took off her hat and leaned back against the cushions.
/hpc_stor03/sjtu_home/chaolei.liu/data/tts/LibriTTS/train-clean-100/89/219/89_219_000011_000000.wav|"""Is it a pretty place?"" asked Catherine."
/hpc_stor03/sjtu_home/chaolei.liu/data/tts/LibriTTS/train-clean-100/3983/5331/3983_5331_000035_000000.wav|"""A farm laborer's, the best he could adopt about here, with large black whiskers."
/hpc_stor03/sjtu_home/chaolei.liu/data/tts/LibriTTS/train-clean-100/2416/152139/2416_152139_000089_000003.wav|The other two packages that he had brought with him he added to the rest.
/hpc_stor03/sjtu_home/chaolei.liu/data/tts/LibriTTS/train-clean-100/8419/286667/8419_286667_000016_000000.wav|She changed, and stood on her other leg.
/hpc_stor03/sjtu_home/chaolei.liu/data/tts/LibriTTS/train-clean-100/5322/7680/5322_7680_000058_000002.wav|They talked long, and it was late when Lukashka, not tipsy (he never was tipsy) but having drunk a good deal, left Olenin after shaking hands.
/hpc_stor03/sjtu_home/chaolei.liu/data/tts/LibriTTS/train-clean-100/7635/105409/7635_105409_000084_000000.wav|"""Answer!"" he again commanded, as the Jew with trembling lips seemed too frightened to speak."
/hpc_stor03/sjtu_home/chaolei.liu/data/tts/LibriTTS/train-clean-100/7302/86814/7302_86814_000006_000007.wav|The keeper turned his back, and shrugged his shoulders; he did not even laugh at what would have caused any one else to do so; he had heard so many utter the same things,--indeed, he heard nothing else.
/hpc_stor03/sjtu_home/chaolei.liu/data/tts/LibriTTS/train-clean-100/4160/11549/4160_11549_000033_000006.wav|But when the carriage was announced, and she returned to the parlor, after an absence of a few minutes, drawing on her gloves, and buttoning her pretty jacket close up to her beautiful slender, dusky throat, Denis took his hat and accompanied her to the carriage.
/hpc_stor03/sjtu_home/chaolei.liu/data/tts/LibriTTS/train-clean-100/8088/284756/8088_284756_000097_000000.wav|With an effort I glanced at Mercer.
/hpc_stor03/sjtu_home/chaolei.liu/data/tts/LibriTTS/train-clean-100/4018/107312/4018_107312_000008_000001.wav|The streets were nearly empty; and with the exception of some occasional burst of brawl or merriment from a beer-shop, all was still.
/hpc_stor03/sjtu_home/chaolei.liu/data/tts/LibriTTS/train-clean-100/1502/122615/1502_122615_000044_000000.wav|Duncan, who knew that the animal was often domesticated among the Indians, followed the example of his companion, believing that some favorite of the tribe had found its way into the thicket, in search of food.
/hpc_stor03/sjtu_home/chaolei.liu/data/tts/LibriTTS/train-clean-100/7113/86041/7113_86041_000044_000000.wav|'Loveliest of maidens,' he stammered, bowing low before her, 'let me gaze into your dear eyes, and read in them that you will no longer refuse my love, but will make me the happiest being the sun shines upon.'
/hpc_stor03/sjtu_home/chaolei.liu/data/tts/LibriTTS/train-clean-100/405/130895/405_130895_000067_000002.wav|These flat disks on their heads consist of crosswise plates of movable cartilage, between which the animals can create a vacuum, enabling them to stick to objects like suction cups.
/hpc_stor03/sjtu_home/chaolei.liu/data/tts/LibriTTS/train-clean-100/7402/59171/7402_59171_000022_000003.wav|This is not to disparage Mr. Shaw's contributions to the discussion of politics.
/hpc_stor03/sjtu_home/chaolei.liu/data/tts/LibriTTS/train-clean-100/696/92939/696_92939_000016_000001.wav|He was not allowed to see the prisoner--and was not even allowed to look at the documents in the case until the trial began.
/hpc_stor03/sjtu_home/chaolei.liu/data/tts/LibriTTS/train-clean-100/7264/92316/7264_92316_000013_000001.wav|"They crept in as inferiors, or rather as open ex-centrics. For Victorian England and Third Empire France falsely proclaimed the ""representative"" quality of the Official Press."
/hpc_stor03/sjtu_home/chaolei.liu/data/tts/LibriTTS/train-clean-100/39/121916/39_121916_000015_000007.wav|I do not advise the custard.
/hpc_stor03/sjtu_home/chaolei.liu/data/tts/LibriTTS/train-clean-100/7078/271888/7078_271888_000019_000000.wav|I saw that words were of no avail.
/hpc_stor03/sjtu_home/chaolei.liu/data/tts/LibriTTS/train-clean-100/40/222/40_222_000033_000004.wav|She must be an unprincipled one, or she could not have used your brother so.
/hpc_stor03/sjtu_home/chaolei.liu/data/tts/LibriTTS/train-clean-100/7067/76047/7067_76047_000048_000001.wav|You don't know what an advantage it is to be as I am, rather cold and unresponsive to women and unattractive and negligible--negligible, that is the exact word--to them.
/hpc_stor03/sjtu_home/chaolei.liu/data/tts/LibriTTS/train-clean-100/1841/179183/1841_179183_000018_000006.wav|So you see I am not shut out from the region of the beautiful, though my hand cannot perceive the brilliant colours in the sunset or on the mountain, or reach into the blue depths of the sky.
/hpc_stor03/sjtu_home/chaolei.liu/data/tts/LibriTTS/train-clean-100/5339/14134/5339_14134_000071_000000.wav|Sylvia's galloping thoughts were pulled suddenly up by his silence; she felt that he wanted her to say something, but she could think of nothing besides an ambiguous--
/hpc_stor03/sjtu_home/chaolei.liu/data/tts/LibriTTS/train-clean-100/3240/131232/3240_131232_000030_000000.wav|"""As I suspected,"" says this correspondent, ""I found that the snails were of a familiar land-species""--that they had been upon the ground ""in the first place."""
/hpc_stor03/sjtu_home/chaolei.liu/data/tts/LibriTTS/train-clean-100/2136/5143/2136_5143_000033_000002.wav|I am not afraid of the dead people, nor of the ghosts.
/hpc_stor03/sjtu_home/chaolei.liu/data/tts/LibriTTS/train-clean-100/2391/145015/2391_145015_000016_000004.wav|She was, however, an early observer, and it may be reasonably supposed that some of the incidents and feelings which are so vividly painted in the Mansfield Park theatricals are due to her recollections of these entertainments.
/hpc_stor03/sjtu_home/chaolei.liu/data/tts/LibriTTS/train-clean-100/6848/76049/6848_76049_000003_000006.wav|With her fortune and his--you could buy the world.
/hpc_stor03/sjtu_home/chaolei.liu/data/tts/LibriTTS/train-clean-100/8630/305212/8630_305212_000013_000006.wav|She had passed away smiling, with their hands in hers, and the name of Jesus on her lips.
/hpc_stor03/sjtu_home/chaolei.liu/data/tts/LibriTTS/train-clean-100/5808/48608/5808_48608_000017_000005.wav|I threw the reins on the mule's shoulders and gave myself up to regrets and melancholy thoughts, whilst she fared on with me to the eastward of Baghdad.
/hpc_stor03/sjtu_home/chaolei.liu/data/tts/LibriTTS/train-clean-100/2843/152918/2843_152918_000024_000002.wav|It took, nevertheless, a remarkably short time to cover the distance we had explored on the previous evening; before we knew it, we were at Hell's Gate.
/hpc_stor03/sjtu_home/chaolei.liu/data/tts/LibriTTS/train-clean-100/60/121082/60_121082_000069_000000.wav|"""Why do you wish to know?"" asked Cavalcanti."
/hpc_stor03/sjtu_home/chaolei.liu/data/tts/LibriTTS/train-clean-100/8747/293952/8747_293952_000097_000002.wav|Lucy thought--but it matters little what she thought.
/hpc_stor03/sjtu_home/chaolei.liu/data/tts/LibriTTS/train-clean-100/6531/61334/6531_61334_000000_000002.wav|"Then the shepherd hears a warning voice which comes and goes like the wind, saying: ""If the horn is blown once again, the world will be upset altogether""."
/hpc_stor03/sjtu_home/chaolei.liu/data/tts/LibriTTS/train-clean-100/6272/70168/6272_70168_000050_000010.wav|I took one of the brass lamps, proposing to go to bed.
/hpc_stor03/sjtu_home/chaolei.liu/data/tts/LibriTTS/train-clean-100/87/121553/87_121553_000008_000000.wav|And as are spanned athwart a tender cloud Two rainbows parallel and like in colour, When Juno to her handmaid gives command,
/hpc_stor03/sjtu_home/chaolei.liu/data/tts/LibriTTS/train-clean-100/6415/111615/6415_111615_000009_000002.wav|If you are to make steady column-topers out of your readers, your daily dose must, as far as possible, average up to that same prescription.
/hpc_stor03/sjtu_home/chaolei.liu/data/tts/LibriTTS/train-clean-100/4640/19187/4640_19187_000021_000000.wav|About two o'clock in the morning, they reckoned up their strength.
/hpc_stor03/sjtu_home/chaolei.liu/data/tts/LibriTTS/train-clean-100/83/9960/83_9960_000046_000003.wav|"I tied that paw for him."""
/hpc_stor03/sjtu_home/chaolei.liu/data/tts/LibriTTS/train-clean-100/3436/172162/3436_172162_000013_000000.wav|At nightfall they arrived at a castle and the lady thereof came out at the head of her damsels to welcome Sir Gawain.
/hpc_stor03/sjtu_home/chaolei.liu/data/tts/LibriTTS/train-clean-100/6064/56165/6064_56165_000048_000000.wav|"""Well, I wish myself that our English instructor hadn't such a fondness for reading themes to us that the girls have written."
/hpc_stor03/sjtu_home/chaolei.liu/data/tts/LibriTTS/train-clean-100/6563/285357/6563_285357_000006_000000.wav|Another craft was built, larger than its predecessors, and equipped with two motors developing 170 horse-power.
/hpc_stor03/sjtu_home/chaolei.liu/data/tts/LibriTTS/train-clean-100/196/122159/196_122159_000009_000002.wav|Say a minute--half a minute.
/hpc_stor03/sjtu_home/chaolei.liu/data/tts/LibriTTS/train-clean-100/1594/135914/1594_135914_000032_000005.wav|Ganem's face was bathed with them, as well as his mother's and sisters; and Fetnah let fall abundance.
/hpc_stor03/sjtu_home/chaolei.liu/data/tts/LibriTTS/train-clean-100/5456/24741/5456_24741_000016_000005.wav|Thus every man will follow this or that train of thought, according as he has been in the habit of conjoining and associating the mental images of things in this or that manner.
/hpc_stor03/sjtu_home/chaolei.liu/data/tts/LibriTTS/train-clean-100/307/127535/307_127535_000013_000000.wav|"""Step up, lad,"" cried Silver."
/hpc_stor03/sjtu_home/chaolei.liu/data/tts/LibriTTS/train-clean-100/6081/41997/6081_41997_000018_000001.wav|"""Now I think of it, I did notice something strange."
/hpc_stor03/sjtu_home/chaolei.liu/data/tts/LibriTTS/train-clean-100/6000/55211/6000_55211_000062_000000.wav|Alice Greggory turned as if stung.
/hpc_stor03/sjtu_home/chaolei.liu/data/tts/LibriTTS/train-clean-100/6925/80680/6925_80680_000006_000002.wav|It was only a jackal.'
/hpc_stor03/sjtu_home/chaolei.liu/data/tts/LibriTTS/train-clean-100/8123/275209/8123_275209_000036_000001.wav|"Look at my long green body and these endless legs, and then talk to me about having wings and a painted feathery coat! Fool!--"""
/hpc_stor03/sjtu_home/chaolei.liu/data/tts/LibriTTS/train-clean-100/5652/19215/5652_19215_000013_000000.wav|Nevertheless, she continued to call Jean Valjean: Father.
/hpc_stor03/sjtu_home/chaolei.liu/data/tts/LibriTTS/train-clean-100/1034/121119/1034_121119_000028_000001.wav|She had not long to wait; directly afterwards the door was opened wide enough to admit her, and when she had passed through, it was again shut.
/hpc_stor03/sjtu_home/chaolei.liu/data/tts/LibriTTS/train-clean-100/6385/34655/6385_34655_000008_000002.wav|There were attics, richly and brightly furnished; burnished recesses shining with Dutch tiles and Portuguese azulejos.
/hpc_stor03/sjtu_home/chaolei.liu/data/tts/LibriTTS/train-clean-100/6019/3185/6019_3185_000027_000008.wav|There she had been placed by the host; and everybody knew why.
/hpc_stor03/sjtu_home/chaolei.liu/data/tts/LibriTTS/train-clean-100/1235/135884/1235_135884_000007_000002.wav|Though I knew not the calf was my son, yet I could not forbear being moved at the sight of him.
/hpc_stor03/sjtu_home/chaolei.liu/data/tts/LibriTTS/train-clean-100/4680/16041/4680_16041_000004_000003.wav|"Marius thrust aside the bar which had so often allowed him to pass, emerged from the garden, and said: ""I will go."""
/hpc_stor03/sjtu_home/chaolei.liu/data/tts/LibriTTS/train-clean-100/250/142276/250_142276_000015_000016.wav|His spirits were always tender and gentle, readily affected by any small piece of intelligence concerning the welfare of others.
/hpc_stor03/sjtu_home/chaolei.liu/data/tts/LibriTTS/train-clean-100/7800/283492/7800_283492_000059_000002.wav|"But I snapped him before he turned and trotted off!"""
/hpc_stor03/sjtu_home/chaolei.liu/data/tts/LibriTTS/train-clean-100/3214/167602/3214_167602_000014_000002.wav|Dron was of this opinion, but as soon as he expressed it Karp and others attacked their ex-Elder.
/hpc_stor03/sjtu_home/chaolei.liu/data/tts/LibriTTS/train-clean-100/7312/92432/7312_92432_000012_000000.wav|I am, Madame, very respectfully,
/hpc_stor03/sjtu_home/chaolei.liu/data/tts/LibriTTS/train-clean-100/4267/78186/4267_78186_000007_000010.wav|"""Black eyes,--let me see,--ah, mama's eyes, too, and black hair also; as I am alive, you are mama's own boy, the very image of mama."" ""Do be seated, gentlemen,"" said Mrs. Pugwash."
/hpc_stor03/sjtu_home/chaolei.liu/data/tts/LibriTTS/train-clean-100/4051/10927/4051_10927_000022_000000.wav|"""Well, I'm listening to what's to come,"" she said, calmly and ironically; ""and indeed I listen with interest, for I should like to understand what's the matter."""
/hpc_stor03/sjtu_home/chaolei.liu/data/tts/LibriTTS/train-clean-100/2817/142380/2817_142380_000001_000000.wav|The Eve of the Trial
/hpc_stor03/sjtu_home/chaolei.liu/data/tts/LibriTTS/train-clean-100/7447/91187/7447_91187_000021_000001.wav|In the sonatas and concertos he sees the princely Pole bravely carrying his banner amid classical currents.
/hpc_stor03/sjtu_home/chaolei.liu/data/tts/LibriTTS/train-clean-100/8226/274369/8226_274369_000036_000001.wav|"The speaker, falling on his knee, prudently replied, ""I have, sir, neither eyes to see nor tongue to speak in this place, but as the house is pleased to direct me, whose servant I am."
/hpc_stor03/sjtu_home/chaolei.liu/data/tts/LibriTTS/train-clean-100/3664/11714/3664_11714_000032_000000.wav|"""The second,"" said Savonarola, ""is that you give back the property of others which you have unjustly confiscated and kept."""
/hpc_stor03/sjtu_home/chaolei.liu/data/tts/LibriTTS/train-clean-100/3259/158083/3259_158083_000022_000002.wav|"But their minds were too full of the political aspect of our offense to conceal it. ""The truth of the situation is that the court has not been given power to meet it,"" the judge lamented."
/hpc_stor03/sjtu_home/chaolei.liu/data/tts/LibriTTS/train-clean-100/460/172359/460_172359_000079_000000.wav|"""And now look at 'em,"" Jeff went on."
/hpc_stor03/sjtu_home/chaolei.liu/data/tts/LibriTTS/train-clean-100/887/123289/887_123289_000029_000000.wav|"""In the simplest way possible."
/hpc_stor03/sjtu_home/chaolei.liu/data/tts/LibriTTS/train-clean-100/7517/100429/7517_100429_000005_000001.wav|But indoors it is so easy to drop into a sofa after breakfast, and, once there with all the papers, to be disinclined to leave it till lunch-time.
/hpc_stor03/sjtu_home/chaolei.liu/data/tts/LibriTTS/train-clean-100/412/126975/412_126975_000054_000002.wav|The pantomime was utterly chaotic, yet not contemptible; there ran through it a rage of improvisation which came chiefly from Crook the clown.
/hpc_stor03/sjtu_home/chaolei.liu/data/tts/LibriTTS/train-clean-100/2384/152900/2384_152900_000021_000009.wav|It came from the district of Jaederen.
/hpc_stor03/sjtu_home/chaolei.liu/data/tts/LibriTTS/train-clean-100/4088/158077/4088_158077_000096_000002.wav|"To know that we were no longer wanted at the gates of the White House and that the police were no longer our ""friends"" was enough for the mob mind."
/hpc_stor03/sjtu_home/chaolei.liu/data/tts/LibriTTS/train-clean-100/481/123720/481_123720_000006_000001.wav|This Zverkov had been all the time at school with me too.
/hpc_stor03/sjtu_home/chaolei.liu/data/tts/LibriTTS/train-clean-100/4788/91208/4788_91208_000009_000006.wav|The work of deduction is the interpretation of these formulas, and therefore, strictly speaking, is not inferential at all.
/hpc_stor03/sjtu_home/chaolei.liu/data/tts/LibriTTS/train-clean-100/1970/26100/1970_26100_000022_000000.wav|The coroner thought a moment, then turned to me.
/hpc_stor03/sjtu_home/chaolei.liu/data/tts/LibriTTS/train-clean-100/103/1241/103_1241_000020_000000.wav|"""Oh, I can carry it,"" the child responded cheerfully."
/hpc_stor03/sjtu_home/chaolei.liu/data/tts/LibriTTS/train-clean-100/8098/275181/8098_275181_000030_000003.wav|As I ran, two or three dull whacks came to my ear.
/hpc_stor03/sjtu_home/chaolei.liu/data/tts/LibriTTS/train-clean-100/8580/287364/8580_287364_000014_000005.wav|"We must get rid of him, or he may wreck the Red Cloud!"""
/hpc_stor03/sjtu_home/chaolei.liu/data/tts/LibriTTS/train-clean-100/5678/43303/5678_43303_000001_000003.wav|She asked the girl to read to her sometimes, and listened unblenching to whatever was offered her; she attended in the kitchen daily, organised varieties of food, and appeared interested in all that concerned her son.
/hpc_stor03/sjtu_home/chaolei.liu/data/tts/LibriTTS/train-clean-100/8063/274112/8063_274112_000113_000000.wav|"""Tell me how you console yourself."""
/hpc_stor03/sjtu_home/chaolei.liu/data/tts/LibriTTS/train-clean-100/7859/102519/7859_102519_000017_000001.wav|But they were soon to find out that they had erred in submitting to the exile, and should have resisted him at all hazards. Justinian came back in a relentless mood, bent on nothing but revenging his mutilated nose and his ten years of exile.
/hpc_stor03/sjtu_home/chaolei.liu/data/tts/LibriTTS/train-clean-100/374/180299/374_180299_000024_000001.wav|So much I had heard one day when Prudence had said to Marguerite that she had something very important to tell her, and I had listened at the door of the room into which they had shut themselves.
/hpc_stor03/sjtu_home/chaolei.liu/data/tts/LibriTTS/train-clean-100/3242/67153/3242_67153_000016_000006.wav|Jim kept at this for three or four months, until his feet began to hurt him, I guess, and then he was out of a job again.
/hpc_stor03/sjtu_home/chaolei.liu/data/tts/LibriTTS/train-clean-100/4898/28461/4898_28461_000010_000010.wav|The tops of some of them were almost covered with dense clusters of yellow and brown cones.
/hpc_stor03/sjtu_home/chaolei.liu/data/tts/LibriTTS/train-clean-100/6367/65536/6367_65536_000023_000002.wav|Stephen came to it, a stout grizzled farmer, with a chubby boy on his shoulder.
/hpc_stor03/sjtu_home/chaolei.liu/data/tts/LibriTTS/train-clean-100/2836/5354/2836_5354_000042_000000.wav|"""It is very well,"" Pierre responded; and departed to do it."
/hpc_stor03/sjtu_home/chaolei.liu/data/tts/LibriTTS/train-clean-100/403/126855/403_126855_000036_000001.wav|"Walk over--all of you--hurry!"""
/hpc_stor03/sjtu_home/chaolei.liu/data/tts/LibriTTS/train-clean-100/118/47824/118_47824_000006_000002.wav|That's why I've come to wake you up.
/hpc_stor03/sjtu_home/chaolei.liu/data/tts/LibriTTS/train-clean-100/7178/34644/7178_34644_000045_000000.wav|He began to speak, like one who speaks unconsciously.
/hpc_stor03/sjtu_home/chaolei.liu/data/tts/LibriTTS/train-clean-100/19/227/19_227_000012_000000.wav|John Thorpe had first misled him.
/hpc_stor03/sjtu_home/chaolei.liu/data/tts/LibriTTS/train-clean-100/1355/39947/1355_39947_000020_000007.wav|The child needs sleep and fresh air and healthful food more than anything else, if his mind is active.
/hpc_stor03/sjtu_home/chaolei.liu/data/tts/LibriTTS/train-clean-100/1898/145724/1898_145724_000011_000004.wav|Now farewell, and heaven prosper your undertaking.' She handed him the little bell, and there disappeared hut and all, as though the earth had swallowed her up.
/hpc_stor03/sjtu_home/chaolei.liu/data/tts/LibriTTS/train-clean-100/2514/149482/2514_149482_000004_000005.wav|This was exactly, goodness knew, what he wanted to be; but he had never had it so largely and freely--SO supernaturally simply, for that matter--imputed to him as of easy achievement.
/hpc_stor03/sjtu_home/chaolei.liu/data/tts/LibriTTS/train-clean-100/8238/274553/8238_274553_000012_000004.wav|This I could discern by the studied hair-splitting farrago of his rejoinder.
/hpc_stor03/sjtu_home/chaolei.liu/data/tts/LibriTTS/train-clean-100/6437/66173/6437_66173_000032_000001.wav|I remember that Binny Wallace wanted to give me his silver pencil-case.
/hpc_stor03/sjtu_home/chaolei.liu/data/tts/LibriTTS/train-clean-100/1334/135589/1334_135589_000015_000000.wav|The Prince of Conde now had the command of the Spanish forces in the Netherlands; and Edward, with his friends, followed his fortunes, and gained his good-will: they were rapidly promoted.
/hpc_stor03/sjtu_home/chaolei.liu/data/tts/LibriTTS/train-clean-100/4362/15663/4362_15663_000006_000004.wav|Jerome accompanied me a little distance above camp and indicated the way as well as he could in the darkness.
/hpc_stor03/sjtu_home/chaolei.liu/data/tts/LibriTTS/train-clean-100/6880/216547/6880_216547_000051_000010.wav|I believe, then, that you have handled property as Rousseau, eighty years ago, handled letters, with a magnificent and poetical display of wit and knowledge.
/hpc_stor03/sjtu_home/chaolei.liu/data/tts/LibriTTS/train-clean-100/4340/15220/4340_15220_000064_000000.wav|Ben spoke very decidedly; and, taking Billy's arm, away they went, leaving poor Bab and Sanch to watch them out of sight, one sobbing, the other whining dismally.
/hpc_stor03/sjtu_home/chaolei.liu/data/tts/LibriTTS/train-clean-100/27/123349/27_123349_000008_000006.wav|Some suspected persons were arrested.
/hpc_stor03/sjtu_home/chaolei.liu/data/tts/LibriTTS/train-clean-100/3879/173592/3879_173592_000033_000004.wav|The sentries on the bluff challenged, and received no answer.
/hpc_stor03/sjtu_home/chaolei.liu/data/tts/LibriTTS/train-clean-100/6078/54007/6078_54007_000057_000000.wav|You can guess whether or not that was music to the Fiddler's ears.
/hpc_stor03/sjtu_home/chaolei.liu/data/tts/LibriTTS/train-clean-100/3830/12535/3830_12535_000020_000001.wav|But I cautioned them to expect some snow and much hard work.
/hpc_stor03/sjtu_home/chaolei.liu/data/tts/LibriTTS/train-clean-100/2436/2476/2436_2476_000029_000002.wav|An American--a quiet, blond fellow of thirty-five or forty.
/hpc_stor03/sjtu_home/chaolei.liu/data/tts/LibriTTS/train-clean-100/322/124146/322_124146_000024_000000.wav|Not yet, however, in spite of her disappointment in her husband, did Mrs. Bennet give up the point.
/hpc_stor03/sjtu_home/chaolei.liu/data/tts/LibriTTS/train-clean-100/458/126290/458_126290_000004_000003.wav|Let me go out today, and you look after the house by yourself.' 'Yes, yes,' answered the mouse, 'by all means go, and if you get anything very good to eat, think of me.
/hpc_stor03/sjtu_home/chaolei.liu/data/tts/LibriTTS/train-clean-100/8797/294123/8797_294123_000008_000002.wav|Green things were growing--young onions--and the man who was weeding them paused from his labour long enough to sell me a handful.
/hpc_stor03/sjtu_home/chaolei.liu/data/tts/LibriTTS/train-clean-100/7505/258964/7505_258964_000021_000003.wav|Agents of the same kind may diminish in number, either absolutely or relatively.
/hpc_stor03/sjtu_home/chaolei.liu/data/tts/LibriTTS/train-clean-100/2182/181183/2182_181183_000019_000001.wav|He pointed to the picture, under which was written:
/hpc_stor03/sjtu_home/chaolei.liu/data/tts/LibriTTS/train-clean-100/3440/171006/3440_171006_000033_000001.wav|And with a graceful good-night to the company, the little girl left the room.
/hpc_stor03/sjtu_home/chaolei.liu/data/tts/LibriTTS/train-clean-100/3486/166446/3486_166446_000087_000000.wav|In the distance I saw a sapphire spark; knew it for Norhala's home.
/hpc_stor03/sjtu_home/chaolei.liu/data/tts/LibriTTS/train-clean-100/1069/133699/1069_133699_000027_000001.wav|"That's what I wish to be sure of."""
/hpc_stor03/sjtu_home/chaolei.liu/data/tts/LibriTTS/train-clean-100/4441/76250/4441_76250_000036_000000.wav|"""What rights do you mean?"""
/hpc_stor03/sjtu_home/chaolei.liu/data/tts/LibriTTS/train-clean-100/1098/133695/1098_133695_000014_000004.wav|When they reached home they usually found tea had been served on the lawn and that Mrs. Touchett had not shrunk from the extremity of handing her husband his cup.
/hpc_stor03/sjtu_home/chaolei.liu/data/tts/LibriTTS/train-clean-100/4137/11702/4137_11702_000091_000003.wav|"He came to stay with you and he never----"""
/hpc_stor03/sjtu_home/chaolei.liu/data/tts/LibriTTS/train-clean-100/8051/119902/8051_119902_000021_000001.wav|France has recently put her whole people on a rigorous ration which limits them to two-thirds of the amount of bread that they have been accustomed to.
/hpc_stor03/sjtu_home/chaolei.liu/data/tts/LibriTTS/train-clean-100/78/368/78_368_000012_000003.wav|Melancholy followed, but by degrees I gained a clear conception of my miseries and situation and was then released from my prison.
/hpc_stor03/sjtu_home/chaolei.liu/data/tts/LibriTTS/train-clean-100/3374/298032/3374_298032_000012_000000.wav|Finally I became conscious that it was now nearly over.
/hpc_stor03/sjtu_home/chaolei.liu/data/tts/LibriTTS/train-clean-100/6147/34605/6147_34605_000020_000001.wav|She is vexed at the memory, yet proud of it.
/hpc_stor03/sjtu_home/chaolei.liu/data/tts/LibriTTS/train-clean-100/1040/133433/1040_133433_000100_000000.wav|"""Yes! which did you like best of all?"""
/hpc_stor03/sjtu_home/chaolei.liu/data/tts/LibriTTS/train-clean-100/1624/142933/1624_142933_000024_000000.wav|Redcoat heard the rustle of Peter's feet among the dry leaves and at once began to flap and flutter in an effort to fly away, but he could not get off the ground.
/hpc_stor03/sjtu_home/chaolei.liu/data/tts/LibriTTS/train-clean-100/426/122822/426_122822_000044_000003.wav|As for Anthony Pye, why need you care if he does dislike you?
/hpc_stor03/sjtu_home/chaolei.liu/data/tts/LibriTTS/train-clean-100/1246/124550/1246_124550_000025_000002.wav|A rich farming-center in New Jersey, off the railroad, furiously pious, ruled by old men, unbelievably ignorant old men, sitting about the grocery talking of James G. Blaine.
/hpc_stor03/sjtu_home/chaolei.liu/data/tts/LibriTTS/train-clean-100/7226/86964/7226_86964_000020_000001.wav|It's all in gettin' the bellers to work even like.
/hpc_stor03/sjtu_home/chaolei.liu/data/tts/LibriTTS/train-clean-100/8324/286682/8324_286682_000033_000000.wav|"""I don't know,"" answered the young Mink, ""but you are so wise that I thought you might know some way."" He began to feel discouraged, and to think that the Bachelor's offer didn't mean very much after all."
/hpc_stor03/sjtu_home/chaolei.liu/data/tts/LibriTTS/train-clean-100/2893/139310/2893_139310_000038_000002.wav|Most of the faces were flushed, but many were ghastly white.
/hpc_stor03/sjtu_home/chaolei.liu/data/tts/LibriTTS/train-clean-100/5514/19193/5514_19193_000008_000008.wav|"It is a thing unheard of that a man should be as cold as ice and as bold as fire."""
/hpc_stor03/sjtu_home/chaolei.liu/data/tts/LibriTTS/train-clean-100/1578/140045/1578_140045_000045_000000.wav|A sudden light broke upon Rebecca's darkness.
/hpc_stor03/sjtu_home/chaolei.liu/data/tts/LibriTTS/train-clean-100/4214/7146/4214_7146_000016_000001.wav|Our potato crop is very good this year.
/hpc_stor03/sjtu_home/chaolei.liu/data/tts/LibriTTS/train-clean-100/1992/141719/1992_141719_000013_000001.wav|Some conquer'd two of their Antagonists, and others were so far successful as to get the better of three.
/hpc_stor03/sjtu_home/chaolei.liu/data/tts/LibriTTS/train-clean-100/3982/182255/3982_182255_000058_000001.wav|"Our reward lay merely in the fact of selling it to them."""
/hpc_stor03/sjtu_home/chaolei.liu/data/tts/LibriTTS/train-clean-100/2007/132570/2007_132570_000043_000003.wav|I have a punishment which you think not of; it is terrible!
/hpc_stor03/sjtu_home/chaolei.liu/data/tts/LibriTTS/train-clean-100/8975/270782/8975_270782_000019_000004.wav|None of these limitations exist in the beginning, but are gradually built up in the course of development and education.
/hpc_stor03/sjtu_home/chaolei.liu/data/tts/LibriTTS/train-clean-100/4830/25898/4830_25898_000028_000004.wav|Have a drop of water!
/hpc_stor03/sjtu_home/chaolei.liu/data/tts/LibriTTS/train-clean-100/2952/410/2952_410_000019_000001.wav|In the holy sutras it is written that those strongest in wrong-doing can become, by power of good resolve, the strongest in right-doing.
/hpc_stor03/sjtu_home/chaolei.liu/data/tts/LibriTTS/train-clean-100/6454/93938/6454_93938_000033_000000.wav|I turned across the railroad tracks, and cut in behind some freight-cars that were standing on a siding.
/hpc_stor03/sjtu_home/chaolei.liu/data/tts/LibriTTS/train-clean-100/8465/246942/8465_246942_000004_000007.wav|It flees to its kind for shelter from itself.
/hpc_stor03/sjtu_home/chaolei.liu/data/tts/LibriTTS/train-clean-100/2092/145706/2092_145706_000029_000002.wav|The poor youth himself was heart-broken, and cursed the hour he had crossed the boundary of the King's domain.
/hpc_stor03/sjtu_home/chaolei.liu/data/tts/LibriTTS/train-clean-100/1963/142776/1963_142776_000013_000000.wav|THE CRAYFISH.--This is one of those fishes that were highly esteemed by the ancients.
/hpc_stor03/sjtu_home/chaolei.liu/data/tts/LibriTTS/train-clean-100/8468/286673/8468_286673_000018_000000.wav|"""You do not want to,"" said his mother, ""but you will not be with us long unless you learn to keep up with the rest."
/hpc_stor03/sjtu_home/chaolei.liu/data/tts/LibriTTS/train-clean-100/1737/142397/1737_142397_000027_000007.wav|Humanity would have rejected it with scorn, Nature, everywhere singing in the same key, recognised and accepted it without a flicker of dissent.
/hpc_stor03/sjtu_home/chaolei.liu/data/tts/LibriTTS/train-clean-100/1455/134435/1455_134435_000014_000007.wav|When he awoke at dawn the barnyard back of the house also awoke.
/hpc_stor03/sjtu_home/chaolei.liu/data/tts/LibriTTS/train-clean-100/911/128684/911_128684_000020_000004.wav|If we mean by physical nature whatever lies beyond the surface of our bodies, these attributes are inert throughout the whole extent of physical nature.
/hpc_stor03/sjtu_home/chaolei.liu/data/tts/LibriTTS/train-clean-100/3857/182315/3857_182315_000022_000003.wav|Which group, we'd have wondered, would ever contrive to rule all the rest?
/hpc_stor03/sjtu_home/chaolei.liu/data/tts/LibriTTS/train-clean-100/1116/137572/1116_137572_000015_000003.wav|It is an empty honor, for the one who bends but does not break will readily develop the fine art of influencing the headstrong one.
/hpc_stor03/sjtu_home/chaolei.liu/data/tts/LibriTTS/train-clean-100/8838/298545/8838_298545_000019_000002.wav|What blessed safety-valve was this through which his jangled nerves might find some outlet.
/hpc_stor03/sjtu_home/chaolei.liu/data/tts/LibriTTS/train-clean-100/4397/15678/4397_15678_000013_000003.wav|Orange lilies are plentiful, and handsome shining mats of the kinnikinic, sprinkled with bright scarlet berries.
/hpc_stor03/sjtu_home/chaolei.liu/data/tts/LibriTTS/train-clean-100/730/359/730_359_000011_000002.wav|I perceived that the words they spoke sometimes produced pleasure or pain, smiles or sadness, in the minds and countenances of the hearers.
/hpc_stor03/sjtu_home/chaolei.liu/data/tts/LibriTTS/train-clean-100/3168/173565/3168_173565_000011_000000.wav|"""Couldn't one get a book?"" he asked."
/hpc_stor03/sjtu_home/chaolei.liu/data/tts/LibriTTS/train-clean-100/298/126790/298_126790_000102_000000.wav|"""I agree with you as a whole; but as matter is infinitely divisible, so no case exists without an exception."
/hpc_stor03/sjtu_home/chaolei.liu/data/tts/LibriTTS/train-clean-100/2911/7601/2911_7601_000013_000010.wav|I thought the heart must burst.
/hpc_stor03/sjtu_home/chaolei.liu/data/tts/LibriTTS/train-clean-100/7780/274562/7780_274562_000004_000004.wav|His bride was the loveliest and most devoted of women.
/hpc_stor03/sjtu_home/chaolei.liu/data/tts/LibriTTS/train-clean-100/1867/154075/1867_154075_000076_000000.wav|"""Once we're outside of the house, Mark,"" said Ronicky Doone, ""I don't ask no favors."
/hpc_stor03/sjtu_home/chaolei.liu/data/tts/LibriTTS/train-clean-100/5390/24512/5390_24512_000028_000001.wav|The first wall fell, then the second and the third, until the Roman soldiers, now as mad as the Jews themselves, burst into the Holy City, hewing down the defenceless people at every step.
/hpc_stor03/sjtu_home/chaolei.liu/data/tts/LibriTTS/train-clean-100/3526/176653/3526_176653_000064_000001.wav|"""JOHN Hale, except to my friends."" He looked hard at the old man."
/hpc_stor03/sjtu_home/chaolei.liu/data/tts/LibriTTS/train-clean-100/4014/186176/4014_186176_000008_000001.wav|I was groping my way along when I thought I heard steps just ahead of me.
/hpc_stor03/sjtu_home/chaolei.liu/data/tts/LibriTTS/train-clean-100/5778/12761/5778_12761_000012_000001.wav|Charles Towns, who had not yet recovered his mind, went to swim in the river, as if it was summer, and the stream placid, when it was a cold mountain torrent foaming among the rocks. We were happy to see Derosier appear in the evening.
/hpc_stor03/sjtu_home/chaolei.liu/data/tts/LibriTTS/train-clean-100/2691/156750/2691_156750_000010_000001.wav|Nights, she set her shoes handy, so that she could dress quickly when summoned to the sick; and dawn of day often marked her home-coming.
/hpc_stor03/sjtu_home/chaolei.liu/data/tts/LibriTTS/train-clean-100/7511/102419/7511_102419_000017_000002.wav|I looked back, expecting to see Elizabeth all smiles, but if you will believe me the foolish girl was sobbing as if her heart was broken.
/hpc_stor03/sjtu_home/chaolei.liu/data/tts/LibriTTS/train-clean-100/5750/100289/5750_100289_000023_000001.wav|He was the son of a Sioux woman and a military officer.
/hpc_stor03/sjtu_home/chaolei.liu/data/tts/LibriTTS/train-clean-100/5163/18515/5163_18515_000055_000002.wav|"And they look as hard as a drum."""
/hpc_stor03/sjtu_home/chaolei.liu/data/tts/LibriTTS/train-clean-100/4481/17498/4481_17498_000039_000000.wav|"""That's it!"" said Uncle John."
/hpc_stor03/sjtu_home/chaolei.liu/data/tts/LibriTTS/train-clean-100/6529/62554/6529_62554_000039_000000.wav|"""Captain,"" said Pencroft one day, it was the 8th of November, ""now that our fortifications are finished, it would be a good thing if we tried the range of our guns."""
/hpc_stor03/sjtu_home/chaolei.liu/data/tts/LibriTTS/train-clean-100/5104/33406/5104_33406_000046_000001.wav|They took horses and cattle with them, and all kinds of tools and food.
/hpc_stor03/sjtu_home/chaolei.liu/data/tts/LibriTTS/train-clean-100/198/126831/198_126831_000029_000003.wav|"Or else Uncle Roger is trying to fool us."""
/hpc_stor03/sjtu_home/chaolei.liu/data/tts/LibriTTS/train-clean-100/3112/9555/3112_9555_000007_000006.wav|My father's clients deserted him.
/hpc_stor03/sjtu_home/chaolei.liu/data/tts/LibriTTS/train-clean-100/8770/295465/8770_295465_000022_000002.wav|When the pages came too slowly the boy pulled his father's coat-tail, piping up in a muffled, excited tone:
/hpc_stor03/sjtu_home/chaolei.liu/data/tts/LibriTTS/train-clean-100/4195/17507/4195_17507_000058_000000.wav|"""A little, perhaps, Mr. Merrick; but it is unimportant."
/hpc_stor03/sjtu_home/chaolei.liu/data/tts/LibriTTS/train-clean-100/2289/152258/2289_152258_000021_000003.wav|He spoke in the market and other public places.
/hpc_stor03/sjtu_home/chaolei.liu/data/tts/LibriTTS/train-clean-100/1363/139304/1363_139304_000019_000005.wav|He heard some indistinct shrill cry, and abruptly these three men began laughing.
/hpc_stor03/sjtu_home/chaolei.liu/data/tts/LibriTTS/train-clean-100/7190/90542/7190_90542_000098_000000.wav|From somewhere at the back of the shed he pushed forward a block of wood, and, standing on this, he fixed something to the short chain I had noted yesterday.
/hpc_stor03/sjtu_home/chaolei.liu/data/tts/LibriTTS/train-clean-100/5393/19219/5393_19219_000043_000005.wav|Cosette and Marius were passing through one of those egotistical and blessed moments when no other faculty is left to a person than that of receiving happiness.
/hpc_stor03/sjtu_home/chaolei.liu/data/tts/LibriTTS/train-clean-100/2159/179154/2159_179154_000014_000005.wav|"He sarcastically asked him if he ""didn't want the earth."""
/hpc_stor03/sjtu_home/chaolei.liu/data/tts/LibriTTS/train-clean-100/1088/134318/1088_134318_000019_000000.wav|"""Oh!"" said the other glaring at the unoffending Fisher, ""that's very good of him."
/hpc_stor03/sjtu_home/chaolei.liu/data/tts/LibriTTS/train-clean-100/150/126112/150_126112_000042_000001.wav|"You must sit and look at me, else I shall not be able to keep up."""
/hpc_stor03/sjtu_home/chaolei.liu/data/tts/LibriTTS/train-clean-100/8108/280354/8108_280354_000005_000003.wav|He could not believe that he had lost her for ever, but prayed day and night without ceasing to the gods above to restore her to him.
/hpc_stor03/sjtu_home/chaolei.liu/data/tts/LibriTTS/train-clean-100/6836/61803/6836_61803_000029_000000.wav|He feels that there is no chance of escape; that he is standing by the side of his coffin--on the edge of an Eternity too terrible to contemplate.
/hpc_stor03/sjtu_home/chaolei.liu/data/tts/LibriTTS/train-clean-100/5703/47198/5703_47198_000064_000003.wav|No doubt, she thought, when the ship stopped and they felt better, they would be more disposed to a sentimentality like hers.
/hpc_stor03/sjtu_home/chaolei.liu/data/tts/LibriTTS/train-clean-100/5022/29411/5022_29411_000088_000000.wav|"""Remember what I told you at the spring,"" she answered."
/hpc_stor03/sjtu_home/chaolei.liu/data/tts/LibriTTS/train-clean-100/332/128985/332_128985_000026_000001.wav|Under the brutality, the cruelty, the dishonesty, and the recklessness of the sea-robbers of those days, there was nearly always meanness and cowardice.
/hpc_stor03/sjtu_home/chaolei.liu/data/tts/LibriTTS/train-clean-100/587/54108/587_54108_000093_000000.wav|But in the dark his lamb's eyes were mysteriously bright.
/hpc_stor03/sjtu_home/chaolei.liu/data/tts/LibriTTS/train-clean-100/8095/274345/8095_274345_000023_000004.wav|They were sensible, that the present war was very lately the result of their own importunate applications and entreaties, and that they had solemnly engaged to support their sovereign in the management of it.
/hpc_stor03/sjtu_home/chaolei.liu/data/tts/LibriTTS/train-clean-100/8014/112602/8014_112602_000014_000001.wav|But there was a more shapely shoe, made of fully tanned leather, having serviceable sole and heel, and often ornamented with patterns stamped in.
/hpc_stor03/sjtu_home/chaolei.liu/data/tts/LibriTTS/train-clean-100/200/126784/200_126784_000091_000001.wav|On getting sufficiently near, however, to a body of horse of more than double his own number, to distinguish countenances, Lawton plunged his rowels into his charger, and in a moment he was by the side of his commander.
/hpc_stor03/sjtu_home/chaolei.liu/data/tts/LibriTTS/train-clean-100/8609/283227/8609_283227_000010_000001.wav|There was a little chapel down a lane leading from the main street of the village, in which there was service three times every Sunday.
/hpc_stor03/sjtu_home/chaolei.liu/data/tts/LibriTTS/train-clean-100/7794/295947/7794_295947_000021_000001.wav|He was married, and this union had brought him one son, who had reached his tenth year, but had been attacked by a strange disease which defied all the physicians' skill and drugs.
/hpc_stor03/sjtu_home/chaolei.liu/data/tts/LibriTTS/train-clean-100/1183/133255/1183_133255_000060_000001.wav|The best physicians in America could do nothing for him.
/hpc_stor03/sjtu_home/chaolei.liu/data/tts/LibriTTS/train-clean-100/1263/138246/1263_138246_000046_000001.wav|"Well, before another quarter of an hour you will have to count nine thousand dollars to the president; four thousand because the Columbiad will not burst, and five thousand because the projectile will rise more than six miles in the air."""
/hpc_stor03/sjtu_home/chaolei.liu/data/tts/LibriTTS/train-clean-100/4297/13006/4297_13006_000023_000000.wav|"""I think I should have consulted you before I did that."
/hpc_stor03/sjtu_home/chaolei.liu/data/tts/LibriTTS/train-clean-100/2196/174172/2196_174172_000002_000013.wav|Think its time to droop.
/hpc_stor03/sjtu_home/chaolei.liu/data/tts/LibriTTS/train-clean-100/3607/29116/3607_29116_000051_000000.wav|"""Yes, Balloon is a man of parts, there is no denying it"""
/hpc_stor03/sjtu_home/chaolei.liu/data/tts/LibriTTS/train-clean-100/8312/279791/8312_279791_000010_000000.wav|"""I see that you are in league with demons; but your father shall judge you;"" and, very much frightened, the queen left her, and went to hold counsel with Troutina as to what was to be done."
/hpc_stor03/sjtu_home/chaolei.liu/data/tts/LibriTTS/train-clean-100/125/121124/125_121124_000057_000000.wav|"""You do not doubt it?"""
/hpc_stor03/sjtu_home/chaolei.liu/data/tts/LibriTTS/train-clean-100/6818/76332/6818_76332_000005_000000.wav|Mrs. Collingwood remained a long time up-stairs,--so long, indeed, that the girls began to be rather uneasy, fearing that she had fainted, or perhaps was ill, or overcome--they knew not what.
/hpc_stor03/sjtu_home/chaolei.liu/data/tts/LibriTTS/train-clean-100/2989/138035/2989_138035_000021_000001.wav|The other two of the company, the peasants, without dismounting from their asses, served as spectators of the mortal tragedy.
/hpc_stor03/sjtu_home/chaolei.liu/data/tts/LibriTTS/train-clean-100/1553/140048/1553_140048_000015_000001.wav|"That child grows younger every year, instead of older--wise child!"""
/hpc_stor03/sjtu_home/chaolei.liu/data/tts/LibriTTS/train-clean-100/1447/17506/1447_17506_000055_000000.wav|"""Well then, girls, what do you say to a stroll around the village?"" asked their uncle."
/hpc_stor03/sjtu_home/chaolei.liu/data/tts/LibriTTS/train-clean-100/5463/39174/5463_39174_000010_000000.wav|"""And are you a great scholar?"" asked Lucy, drawing the child to her."
/hpc_stor03/sjtu_home/chaolei.liu/data/tts/LibriTTS/train-clean-100/201/122255/201_122255_000021_000001.wav|I am no thief, but an honest craftsman.
/hpc_stor03/sjtu_home/chaolei.liu/data/tts/LibriTTS/train-clean-100/6476/96661/6476_96661_000013_000001.wav|On the night of the day he had helped to bring them down Jason had a dream.
/hpc_stor03/sjtu_home/chaolei.liu/data/tts/LibriTTS/train-clean-100/254/27760/254_27760_000006_000003.wav|All day he slept in the servants' kitchen or trifled with the cooks.
/hpc_stor03/sjtu_home/chaolei.liu/data/tts/LibriTTS/train-clean-100/2518/154826/2518_154826_000017_000000.wav|'Come,' said Elzevir, 'give me a charge or two, and there is half a crown for thee.' And he took the coin out of his pocket and showed it.
/hpc_stor03/sjtu_home/chaolei.liu/data/tts/LibriTTS/train-clean-100/5789/57195/5789_57195_000024_000001.wav|He stood for awhile scratching his head as he thought of it.
/hpc_stor03/sjtu_home/chaolei.liu/data/tts/LibriTTS/train-clean-100/4406/16883/4406_16883_000001_000002.wav|Two canoes full they had carried over; the next turn I myself was to go.
/hpc_stor03/sjtu_home/chaolei.liu/data/tts/LibriTTS/train-clean-100/32/21625/32_21625_000026_000000.wav|The dam was there still.
/hpc_stor03/sjtu_home/chaolei.liu/data/tts/LibriTTS/train-clean-100/4859/26870/4859_26870_000017_000002.wav|The whole summer, from spring sowing to harvest, he was busy with the work on his farm.
/hpc_stor03/sjtu_home/chaolei.liu/data/tts/LibriTTS/train-clean-100/1743/142913/1743_142913_000032_000001.wav|"""What do you suppose I want of two homes?"
/hpc_stor03/sjtu_home/chaolei.liu/data/tts/LibriTTS/train-clean-100/446/123502/446_123502_000012_000001.wav|A word from the leader of the party stilled their clamor, and we proceeded at a trot across the plaza to the entrance of as magnificent an edifice as mortal eye has rested upon.
/hpc_stor03/sjtu_home/chaolei.liu/data/tts/LibriTTS/train-clean-100/831/130739/831_130739_000010_000007.wav|The right leg would be found to be bruised in a marvellous manner all about and under the knee, and particularly on the interior aspect of the knee.
/hpc_stor03/sjtu_home/chaolei.liu/data/tts/LibriTTS/train-clean-100/909/131045/909_131045_000018_000001.wav|Unless the exclusion be perpetual, there will be no pretense to infer the first advantage.
/hpc_stor03/sjtu_home/chaolei.liu/data/tts/LibriTTS/train-clean-100/4853/29413/4853_29413_000045_000003.wav|Had we any proof to justify us?
/hpc_stor03/sjtu_home/chaolei.liu/data/tts/LibriTTS/train-clean-100/6209/34601/6209_34601_000045_000001.wav|The man could not have raised himself on tiptoe.
/hpc_stor03/sjtu_home/chaolei.liu/data/tts/LibriTTS/train-clean-100/302/123516/302_123516_000030_000001.wav|Presently they came in contact with a small chain at the end of which dangled a number of keys.
/hpc_stor03/sjtu_home/chaolei.liu/data/tts/LibriTTS/train-clean-100/669/129074/669_129074_000013_000002.wav|When a traveller talks to you perpetually about the splendour of his luggage, which he does not happen to have with him, my son, beware of that traveller!
/hpc_stor03/sjtu_home/chaolei.liu/data/tts/LibriTTS/train-clean-100/5867/48852/5867_48852_000078_000002.wav|"I would have loved you dearly as my son; and I will love you now."" Then she put up her lips and kissed his face."
/hpc_stor03/sjtu_home/chaolei.liu/data/tts/LibriTTS/train-clean-100/7278/246956/7278_246956_000012_000001.wav|Imagine St. Paul having a prevision of how he would be misunderstood, AND HEEDING IT!--what would then have become of all those his most magnificent outbursts?
/hpc_stor03/sjtu_home/chaolei.liu/data/tts/LibriTTS/train-clean-100/211/122425/211_122425_000012_000001.wav|"Let us see, for you know, my dear Captain, a judge must hear both sides."""
/hpc_stor03/sjtu_home/chaolei.liu/data/tts/LibriTTS/train-clean-100/229/130880/229_130880_000101_000000.wav|"""In fact,"" I said, ""Mr."
/hpc_stor03/sjtu_home/chaolei.liu/data/tts/LibriTTS/train-clean-100/5561/39621/5561_39621_000071_000000.wav|After this brief reply ensued a long interval of silence, broken only by the convulsive beating of the heel of the young man on the floor.
/hpc_stor03/sjtu_home/chaolei.liu/data/tts/LibriTTS/train-clean-100/7059/77897/7059_77897_000004_000000.wav|"""I saw that they both made fun of it,"" said Annie."
/hpc_stor03/sjtu_home/chaolei.liu/data/tts/LibriTTS/train-clean-100/625/132118/625_132118_000016_000003.wav|In the poise of his little curl-crowned head did there not sit all that wild pride of being which his father had hardly crushed in his own heart?
/hpc_stor03/sjtu_home/chaolei.liu/data/tts/LibriTTS/train-clean-100/226/122538/226_122538_000022_000000.wav|"""Oh, thank you, my good fellow,"" said Jane, putting the plate on the seat, while she dived into her pocket."
/hpc_stor03/sjtu_home/chaolei.liu/data/tts/LibriTTS/train-clean-100/3235/28452/3235_28452_000013_000001.wav|I wanted to take both with me, but, no, I could not.
/hpc_stor03/sjtu_home/chaolei.liu/data/tts/LibriTTS/train-clean-100/89/219/89_219_000002_000002.wav|"""But we have a charming morning after it,"" she added, desiring to get rid of the subject; ""and storms and sleeplessness are nothing when they are over."
/hpc_stor03/sjtu_home/chaolei.liu/data/tts/LibriTTS/train-clean-100/3983/5371/3983_5371_000033_000001.wav|Look at the two, and contrast them.
/hpc_stor03/sjtu_home/chaolei.liu/data/tts/LibriTTS/train-clean-100/2416/152139/2416_152139_000039_000001.wav|"""That accounts for the mask."
/hpc_stor03/sjtu_home/chaolei.liu/data/tts/LibriTTS/train-clean-100/8419/286676/8419_286676_000020_000000.wav|"""It isn't,"" said the Adder decidedly."
/hpc_stor03/sjtu_home/chaolei.liu/data/tts/LibriTTS/train-clean-100/5322/7678/5322_7678_000007_000001.wav|But despite the dog's company everything around him seemed still more dreary.
/hpc_stor03/sjtu_home/chaolei.liu/data/tts/LibriTTS/train-clean-100/7635/105409/7635_105409_000065_000000.wav|"""There is a creek in a direct line from the 'Chat Gris'?"""
/hpc_stor03/sjtu_home/chaolei.liu/data/tts/LibriTTS/train-clean-100/7302/86814/7302_86814_000014_000000.wav|"""You see some one pays me a visit."
/hpc_stor03/sjtu_home/chaolei.liu/data/tts/LibriTTS/train-clean-100/4160/14187/4160_14187_000055_000000.wav|After my colleague retired, which he did quite early, I sat for a long time pondering upon this singular case in which I found myself involved. And the more I thought about it the more puzzled I became.
/hpc_stor03/sjtu_home/chaolei.liu/data/tts/LibriTTS/train-clean-100/8088/284756/8088_284756_000137_000001.wav|The white figure of the girl shot onward through the scarlet flood.
/hpc_stor03/sjtu_home/chaolei.liu/data/tts/LibriTTS/train-clean-100/4018/107338/4018_107338_000029_000000.wav|"""My father's downfall!"" said Sybil."
/hpc_stor03/sjtu_home/chaolei.liu/data/tts/LibriTTS/train-clean-100/1502/122615/1502_122615_000017_000004.wav|The former was rather depressed, than remarkable for the bearing of the natives; and the latter was such as was commonly worn by the ordinary men of the nation.
/hpc_stor03/sjtu_home/chaolei.liu/data/tts/LibriTTS/train-clean-100/7113/86041/7113_86041_000039_000000.wav|Thereupon he caught up a great stone, and would have hurled it at the magpie, if it had not at that moment uttered the name of the princess.
/hpc_stor03/sjtu_home/chaolei.liu/data/tts/LibriTTS/train-clean-100/405/130894/405_130894_000057_000002.wav|At last these words escaped his lips:
/hpc_stor03/sjtu_home/chaolei.liu/data/tts/LibriTTS/train-clean-100/7402/59171/7402_59171_000022_000002.wav|And, even at this, it is not infallible.
/hpc_stor03/sjtu_home/chaolei.liu/data/tts/LibriTTS/train-clean-100/696/93314/696_93314_000058_000000.wav|That roused the Lover, as it was meant to do.
/hpc_stor03/sjtu_home/chaolei.liu/data/tts/LibriTTS/train-clean-100/7264/92310/7264_92310_000020_000002.wav|Many are directly ordered by him.
/hpc_stor03/sjtu_home/chaolei.liu/data/tts/LibriTTS/train-clean-100/39/121914/39_121914_000029_000001.wav|"I wish you may not catch cold."""
/hpc_stor03/sjtu_home/chaolei.liu/data/tts/LibriTTS/train-clean-100/7078/271888/7078_271888_000021_000002.wav|As I seated myself, and she poured me out a liqueur, I caught her glancing furtively at me under her long lashes.
/hpc_stor03/sjtu_home/chaolei.liu/data/tts/LibriTTS/train-clean-100/40/121026/40_121026_000219_000001.wav|I am seized with a terrible, perhaps mortal illness; I can feel that the paroxysm is fast approaching.
/hpc_stor03/sjtu_home/chaolei.liu/data/tts/LibriTTS/train-clean-100/7067/76048/7067_76048_000068_000010.wav|That's what she was,--a companion.
/hpc_stor03/sjtu_home/chaolei.liu/data/tts/LibriTTS/train-clean-100/1841/150351/1841_150351_000001_000000.wav|The explorers and early settlers found a native race occupying nearly every portion of our continent.
/hpc_stor03/sjtu_home/chaolei.liu/data/tts/LibriTTS/train-clean-100/5339/14134/5339_14134_000047_000000.wav|'No, I shan't,' he replied, shortly.
/hpc_stor03/sjtu_home/chaolei.liu/data/tts/LibriTTS/train-clean-100/3240/131232/3240_131232_000038_000002.wav|Gray snake, about a foot long.
/hpc_stor03/sjtu_home/chaolei.liu/data/tts/LibriTTS/train-clean-100/2136/5140/2136_5140_000032_000001.wav|Two or three of them crossed in the course of my early life, like magic-lantern figures, the disk of my very circumscribed observation.
/hpc_stor03/sjtu_home/chaolei.liu/data/tts/LibriTTS/train-clean-100/2391/145015/2391_145015_000031_000001.wav|This dance presented a great show of enjoyment, but it was not without its peculiar troubles.
/hpc_stor03/sjtu_home/chaolei.liu/data/tts/LibriTTS/train-clean-100/6848/76049/6848_76049_000005_000005.wav|He fought against it as a possibility.
/hpc_stor03/sjtu_home/chaolei.liu/data/tts/LibriTTS/train-clean-100/8630/305212/8630_305212_000006_000002.wav|She had used to be violent and headstrong like himself, resentful and implacable in her dislikes, but now she was more like Monica than like him.
/hpc_stor03/sjtu_home/chaolei.liu/data/tts/LibriTTS/train-clean-100/2843/152918/2843_152918_000017_000009.wav|To advance in that direction, then, was hopeless, but that was no great matter, since our way was to the south.
/hpc_stor03/sjtu_home/chaolei.liu/data/tts/LibriTTS/train-clean-100/60/121082/60_121082_000031_000001.wav|"You must have discovered a mine, or else become a stockbroker."""
/hpc_stor03/sjtu_home/chaolei.liu/data/tts/LibriTTS/train-clean-100/8747/293952/8747_293952_000009_000001.wav|I never saw a more attached couple.
/hpc_stor03/sjtu_home/chaolei.liu/data/tts/LibriTTS/train-clean-100/6531/61334/6531_61334_000049_000000.wav|King Joram went out himself to meet the famous charioteer, but turned to flee when he discovered that he came as an enemy.
/hpc_stor03/sjtu_home/chaolei.liu/data/tts/LibriTTS/train-clean-100/6272/70171/6272_70171_000017_000000.wav|"""I think they would grumble, and admire."
/hpc_stor03/sjtu_home/chaolei.liu/data/tts/LibriTTS/train-clean-100/87/121553/87_121553_000012_000000.wav|After the dance, and other grand rejoicings, Both of the singing, and the flaming forth Effulgence with effulgence blithe and tender,
/hpc_stor03/sjtu_home/chaolei.liu/data/tts/LibriTTS/train-clean-100/6415/100596/6415_100596_000058_000002.wav|"It was as plain as printing."""
/hpc_stor03/sjtu_home/chaolei.liu/data/tts/LibriTTS/train-clean-100/4640/19187/4640_19187_000039_000003.wav|I have picked out the shakos of the fifth of the line, and the standard-bearers of the sixth legion.
/hpc_stor03/sjtu_home/chaolei.liu/data/tts/LibriTTS/train-clean-100/83/9960/83_9960_000059_000000.wav|"""Do what you please with me."" He was disarmed."
/hpc_stor03/sjtu_home/chaolei.liu/data/tts/LibriTTS/train-clean-100/3436/172162/3436_172162_000012_000000.wav|Now at this time carts were little used except for carrying offal and for conveying criminals to execution.
/hpc_stor03/sjtu_home/chaolei.liu/data/tts/LibriTTS/train-clean-100/6064/300880/6064_300880_000075_000000.wav|"""I'll tell you,"" proffered the obliging and innocent Mr. Murphy."
/hpc_stor03/sjtu_home/chaolei.liu/data/tts/LibriTTS/train-clean-100/6563/63821/6563_63821_000003_000006.wav|He could show you a newspaper of almost every month--nay, almost every week, since newspapers were first published in America.
/hpc_stor03/sjtu_home/chaolei.liu/data/tts/LibriTTS/train-clean-100/196/122159/196_122159_000011_000016.wav|And, anyhow, if I had stuck to the ship I would have done my best to be saved.
/hpc_stor03/sjtu_home/chaolei.liu/data/tts/LibriTTS/train-clean-100/1594/135914/1594_135914_000037_000002.wav|I take you to wife; and by that means shall punish Zobeide, who shall become the first cause of your good fortune, as she was of your past sufferings.
/hpc_stor03/sjtu_home/chaolei.liu/data/tts/LibriTTS/train-clean-100/5456/62043/5456_62043_000032_000000.wav|"""Hallo yourself!"" answered a squeaking female voice, which came from a woman with a petticoat over her shoulders in place of a shawl."
/hpc_stor03/sjtu_home/chaolei.liu/data/tts/LibriTTS/train-clean-100/307/127539/307_127539_000017_000001.wav|But just then--crack! crack!
/hpc_stor03/sjtu_home/chaolei.liu/data/tts/LibriTTS/train-clean-100/6081/41998/6081_41998_000001_000000.wav|"When a mysterious crime has been perpetrated, or a great catastrophe has happened, and the identity of the victims has not been established, ""a great day"" invariably follows at the Morgue."
/hpc_stor03/sjtu_home/chaolei.liu/data/tts/LibriTTS/train-clean-100/6000/55211/6000_55211_000064_000000.wav|"""Alice, Alice, my love!"" protested the sweet-faced cripple, agitatedly."
/hpc_stor03/sjtu_home/chaolei.liu/data/tts/LibriTTS/train-clean-100/6925/80680/6925_80680_000005_000000.wav|'Listen to that tiger!' remarked the king.
/hpc_stor03/sjtu_home/chaolei.liu/data/tts/LibriTTS/train-clean-100/8123/275193/8123_275193_000004_000003.wav|At the time of which I am writing, his ship carried quite a collection of tame birds and four-footed favorites.
/hpc_stor03/sjtu_home/chaolei.liu/data/tts/LibriTTS/train-clean-100/5652/39938/5652_39938_000003_000001.wav|Too often he is entirely unconscious of the sources of trouble or else he has social reasons to deceive the world and himself, and ultimately the physician.
/hpc_stor03/sjtu_home/chaolei.liu/data/tts/LibriTTS/train-clean-100/1034/121119/1034_121119_000012_000000.wav|"""Do you intend opening the door?"" said the baroness."
/hpc_stor03/sjtu_home/chaolei.liu/data/tts/LibriTTS/train-clean-100/6385/34669/6385_34669_000023_000011.wav|The decks, fore and aft, were, as we have already said, without bulwarks.
/hpc_stor03/sjtu_home/chaolei.liu/data/tts/LibriTTS/train-clean-100/6019/3185/6019_3185_000012_000001.wav|I knew familiarly all the parties who were concerned in it, either as sufferers or as agents.
/hpc_stor03/sjtu_home/chaolei.liu/data/tts/LibriTTS/train-clean-100/1235/135884/1235_135884_000010_000001.wav|"""I come,"" said he, ""to communicate to you a piece of intelligence, for which I hope you will return me thanks."
/hpc_stor03/sjtu_home/chaolei.liu/data/tts/LibriTTS/train-clean-100/4680/16026/4680_16026_000133_000000.wav|"""Have you the key to the gate, Thenardier?"""
/hpc_stor03/sjtu_home/chaolei.liu/data/tts/LibriTTS/train-clean-100/250/142286/250_142286_000005_000002.wav|I only wanted you exactly to understand about it.'
/hpc_stor03/sjtu_home/chaolei.liu/data/tts/LibriTTS/train-clean-100/7800/283478/7800_283478_000032_000000.wav|Frank smiled, but he did not look displeased.
/hpc_stor03/sjtu_home/chaolei.liu/data/tts/LibriTTS/train-clean-100/3214/167602/3214_167602_000045_000001.wav|"""Don't catch up against it!"
/hpc_stor03/sjtu_home/chaolei.liu/data/tts/LibriTTS/train-clean-100/7312/92432/7312_92432_000009_000008.wav|After a few words more, I took my departure, the hour she named having nearly arrived.
/hpc_stor03/sjtu_home/chaolei.liu/data/tts/LibriTTS/train-clean-100/4267/72637/4267_72637_000025_000000.wav|We were coming home from evensong, Kitty and I. (I am anticipating, for she was still 'Miss Schuyler' then, but never mind.) We were walking through the fields, while Mrs. Benedict and Aunt Celia were driving.
/hpc_stor03/sjtu_home/chaolei.liu/data/tts/LibriTTS/train-clean-100/4051/11217/4051_11217_000007_000000.wav|"""My young friends,"" quietly replied Jason, ""I do not wonder that you think the dragon very terrible."
/hpc_stor03/sjtu_home/chaolei.liu/data/tts/LibriTTS/train-clean-100/2817/142380/2817_142380_000027_000000.wav|Adam was silent: the last words had called up a vivid image of the past, and Mr. Irwine left him to his thoughts, while he spoke to Bartle Massey about old Mr. Donnithorne's funeral and other matters of an indifferent kind.
/hpc_stor03/sjtu_home/chaolei.liu/data/tts/LibriTTS/train-clean-100/7447/91187/7447_91187_000008_000005.wav|It has been said of him that he had a sad heart but a joyful mind.
/hpc_stor03/sjtu_home/chaolei.liu/data/tts/LibriTTS/train-clean-100/8226/274369/8226_274369_000011_000002.wav|Beale, a tailor, informed the commons that, walking in the fields, he had hearkened to the discourse of certain persons unknown to him, and had heard them talk of a most dangerous conspiracy.
/hpc_stor03/sjtu_home/chaolei.liu/data/tts/LibriTTS/train-clean-100/3664/11714/3664_11714_000021_000002.wav|When he perceived him, Lorenzo dei Medici, reading in his marble brow the inflexibility of a statue, fell back on his bed, breathing a sigh so profound that one might have supposed it was his last.
/hpc_stor03/sjtu_home/chaolei.liu/data/tts/LibriTTS/train-clean-100/460/172357/460_172357_000004_000005.wav|By this process my brothers and I were inevitably driven off the land, and have become professors, business men, and engineers, instead of being able to grow up as farm labourers.
/hpc_stor03/sjtu_home/chaolei.liu/data/tts/LibriTTS/train-clean-100/887/123290/887_123290_000015_000000.wav|I made a movement intended to express resignation.
/hpc_stor03/sjtu_home/chaolei.liu/data/tts/LibriTTS/train-clean-100/7517/100429/7517_100429_000006_000004.wav|"Won't you come too?"" And with any luck she comes."
/hpc_stor03/sjtu_home/chaolei.liu/data/tts/LibriTTS/train-clean-100/412/126975/412_126975_000054_000005.wav|At abrupt intervals in the outrageous performance he would hurl himself in full costume at the piano and bang out some popular music equally absurd and appropriate.
/hpc_stor03/sjtu_home/chaolei.liu/data/tts/LibriTTS/train-clean-100/2384/152900/2384_152900_000010_000005.wav|First the reindeer-skins had to be bought in a raw state, and this was done for me by Mr. Zappfe at Tromsoe, Karasjok, and Kaatokeino.
/hpc_stor03/sjtu_home/chaolei.liu/data/tts/LibriTTS/train-clean-100/4088/158077/4088_158077_000111_000001.wav|Were not the District Commissioners who gave orders to prepare the cells the direct appointees of President Wilson?
/hpc_stor03/sjtu_home/chaolei.liu/data/tts/LibriTTS/train-clean-100/481/123720/481_123720_000044_000026.wav|At last my wretched little clock hissed out five.
/hpc_stor03/sjtu_home/chaolei.liu/data/tts/LibriTTS/train-clean-100/4788/94904/4788_94904_000006_000001.wav|There are others in which it possibly might exist, but in which some other form of government would be preferable.
/hpc_stor03/sjtu_home/chaolei.liu/data/tts/LibriTTS/train-clean-100/1970/28415/1970_28415_000055_000001.wav|When you failed them, you failed me.
/hpc_stor03/sjtu_home/chaolei.liu/data/tts/LibriTTS/train-clean-100/103/1241/103_1241_000032_000001.wav|But it isn't--it's firmly fastened at one end.
/hpc_stor03/sjtu_home/chaolei.liu/data/tts/LibriTTS/train-clean-100/8098/278252/8098_278252_000022_000001.wav|I have tramped nearly twenty miles without stopping to warm or eat; and I resolved to let the next fellow have the same dose I have been taking half-hourly all day.
/hpc_stor03/sjtu_home/chaolei.liu/data/tts/LibriTTS/train-clean-100/8580/287364/8580_287364_000015_000002.wav|"I think we had better--"" the lad paused, and again listened to the wireless message. ""Father says Eradicate saw the man have a gun, so we must be careful,"" the young inventor translated the dots and dashes."
/hpc_stor03/sjtu_home/chaolei.liu/data/tts/LibriTTS/train-clean-100/5678/43302/5678_43302_000027_000000.wav|He was pleased, too, that he honestly had done his best to save the man. Even in that moment of sudden and acute pain he had cried out for a fair trial; but he had been too late.
/hpc_stor03/sjtu_home/chaolei.liu/data/tts/LibriTTS/train-clean-100/8063/274116/8063_274116_000034_000001.wav|While this was going on, the three men, Porthos especially, ate and drank gloriously,--it was wonderful to see them.
/hpc_stor03/sjtu_home/chaolei.liu/data/tts/LibriTTS/train-clean-100/7859/102519/7859_102519_000022_000001.wav|The new emperor was a mere man of pleasure, and spent his time in personal enjoyment, letting affairs of state slide on as best they might.
/hpc_stor03/sjtu_home/chaolei.liu/data/tts/LibriTTS/train-clean-100/374/180299/374_180299_000023_000002.wav|Marguerite could not be without me.
/hpc_stor03/sjtu_home/chaolei.liu/data/tts/LibriTTS/train-clean-100/3242/67153/3242_67153_000018_000000.wav|Jim made two trips without selling enough to keep them working overtime at the factory, and then he came into my office with a long story about how we were doing it all wrong.
/hpc_stor03/sjtu_home/chaolei.liu/data/tts/LibriTTS/train-clean-100/4898/28461/4898_28461_000017_000003.wav|I found, however, that this was impossible in such a place. I therefore tied his arms to his sides with my suspenders and necktie, to prevent as much as possible inflammation from movement.
/hpc_stor03/sjtu_home/chaolei.liu/data/tts/LibriTTS/train-clean-100/6367/65536/6367_65536_000007_000006.wav|It had been a foolish whim to come at all--foolish, because the object of his quest was not to be found there or elsewhere.
/hpc_stor03/sjtu_home/chaolei.liu/data/tts/LibriTTS/train-clean-100/2836/5355/2836_5355_000025_000000.wav|The hectic flushed into her thin cheeks, but her voice sounded calm as before.
/hpc_stor03/sjtu_home/chaolei.liu/data/tts/LibriTTS/train-clean-100/403/216/403_216_000029_000005.wav|He cannot think this--and you may be sure that he would not have you think it.
/hpc_stor03/sjtu_home/chaolei.liu/data/tts/LibriTTS/train-clean-100/118/47824/118_47824_000121_000000.wav|There were more dark-clothed men in the hall.
/hpc_stor03/sjtu_home/chaolei.liu/data/tts/LibriTTS/train-clean-100/7178/34644/7178_34644_000106_000005.wav|You believe yourself to be one of the people; you belong to the peerage.
/hpc_stor03/sjtu_home/chaolei.liu/data/tts/LibriTTS/train-clean-100/6181/216552/6181_216552_000028_000000.wav|Yes, of our civil State, as you have made it; a State which, at first, was despotism, then monarchy, then aristocracy, today democracy, and always tyranny.
/hpc_stor03/sjtu_home/chaolei.liu/data/tts/LibriTTS/train-clean-100/19/198/19_198_000000_000000.wav|This is a LibriVox recording.
/hpc_stor03/sjtu_home/chaolei.liu/data/tts/LibriTTS/train-clean-100/1355/39947/1355_39947_000022_000006.wav|Yet while thoroughness demands concentration in one direction, society must with the same earnestness insist on well-rounded general education and continuity of general interests through life.
/hpc_stor03/sjtu_home/chaolei.liu/data/tts/LibriTTS/train-clean-100/1898/145715/1898_145715_000013_000000.wav|Now this Locrinos was a cruel monster who devoured everyone he came across, and especially enjoyed a chance of catching and eating any young girls.
/hpc_stor03/sjtu_home/chaolei.liu/data/tts/LibriTTS/train-clean-100/2514/149482/2514_149482_000007_000003.wav|Her companion, at the last moment, had been indisposed--positively not well enough, and so had packed her off, insistently, with excuses, with wild regrets.
/hpc_stor03/sjtu_home/chaolei.liu/data/tts/LibriTTS/train-clean-100/8238/274553/8238_274553_000008_000000.wav|I remember the buzz of curiosity which his advent excited within the college precincts on the night of the twenty-fifth of June.
/hpc_stor03/sjtu_home/chaolei.liu/data/tts/LibriTTS/train-clean-100/6437/66173/6437_66173_000030_000004.wav|"And if you do fight, fight it out; and don't give in while you can stand and see."""
/hpc_stor03/sjtu_home/chaolei.liu/data/tts/LibriTTS/train-clean-100/1334/135589/1334_135589_000006_000002.wav|"Can you procure any of your countrymen?"""
/hpc_stor03/sjtu_home/chaolei.liu/data/tts/LibriTTS/train-clean-100/4362/15663/4362_15663_000008_000006.wav|I seemed to be walking and wallowing in a cloud; but, holding steadily onward, by half-past ten o'clock I had gained the highest summit.
/hpc_stor03/sjtu_home/chaolei.liu/data/tts/LibriTTS/train-clean-100/1926/143879/1926_143879_000005_000002.wav|She was alone on this occasion, in one of the smaller of the numerous rooms devoted by Mrs. Touchett to social uses, and there was that in her expression and attitude which would have suggested that she was expecting a visitor.
/hpc_stor03/sjtu_home/chaolei.liu/data/tts/LibriTTS/train-clean-100/3699/19401/3699_19401_000013_000000.wav|The hypothesis, like the rest of my father's, was plausible enough, and my uncle Toby had but a single word to object to it--in which Trim stood ready to second him--but my father had not drawn his conclusion--
/hpc_stor03/sjtu_home/chaolei.liu/data/tts/LibriTTS/train-clean-100/6880/216547/6880_216547_000058_000002.wav|Still further, it is necessary to show the method by which the new system will satisfy all the moral and political needs which induced the establishment of the first.
/hpc_stor03/sjtu_home/chaolei.liu/data/tts/LibriTTS/train-clean-100/4340/15220/4340_15220_000094_000001.wav|I thought of that, and planned how I'd fix it if I didn't find Ben.
/hpc_stor03/sjtu_home/chaolei.liu/data/tts/LibriTTS/train-clean-100/27/123349/27_123349_000001_000001.wav|It was determined that an attempt should be forthwith made on the western coast of Scotland, and that it should be promptly followed by a descent on England.
/hpc_stor03/sjtu_home/chaolei.liu/data/tts/LibriTTS/train-clean-100/3879/174923/3879_174923_000034_000002.wav|My father and my husband were both in the Cabinet, and you, young as you were, stood but one step below it.
/hpc_stor03/sjtu_home/chaolei.liu/data/tts/LibriTTS/train-clean-100/6078/54007/6078_54007_000012_000000.wav|Then what do you think St. Nicholas did?
/hpc_stor03/sjtu_home/chaolei.liu/data/tts/LibriTTS/train-clean-100/3830/12530/3830_12530_000040_000003.wav|When we fell asleep that night, it was without visions of new-found wealth.
/hpc_stor03/sjtu_home/chaolei.liu/data/tts/LibriTTS/train-clean-100/2436/2481/2436_2481_000007_000001.wav|He had a large heat-ray projector in his hand.
/hpc_stor03/sjtu_home/chaolei.liu/data/tts/LibriTTS/train-clean-100/322/124146/322_124146_000027_000001.wav|"""Pray do, my dear Miss Lucas,"" she added in a melancholy tone, ""for nobody is on my side, nobody takes part with me."
/hpc_stor03/sjtu_home/chaolei.liu/data/tts/LibriTTS/train-clean-100/458/126294/458_126294_000007_000000.wav|Early next morning the forester got up and went out hunting, and when he was gone the children were still in bed.
/hpc_stor03/sjtu_home/chaolei.liu/data/tts/LibriTTS/train-clean-100/8797/294123/8797_294123_000015_000005.wav|As yet, the Japanese business man has failed to understand this. When he has signed a time contract and when changing conditions cause him to lose by it, the Japanese merchant cannot understand why he should live up to his contract.
/hpc_stor03/sjtu_home/chaolei.liu/data/tts/LibriTTS/train-clean-100/7505/83618/7505_83618_000010_000004.wav|The dawn rises above the horizon as the snowy foam on the surface of a lake.
/hpc_stor03/sjtu_home/chaolei.liu/data/tts/LibriTTS/train-clean-100/2182/181183/2182_181183_000028_000000.wav|Mr. Hobbs could scarcely believe the evidence of his senses when he looked across the counter and saw Dick rush in with the paper in his hand.
/hpc_stor03/sjtu_home/chaolei.liu/data/tts/LibriTTS/train-clean-100/3440/171009/3440_171009_000113_000001.wav|"""Go and thank him: it is well worth it."""
/hpc_stor03/sjtu_home/chaolei.liu/data/tts/LibriTTS/train-clean-100/3486/166446/3486_166446_000019_000000.wav|And at last it was twin sister of Norhala who looked upon her from the face of Ruth!
/hpc_stor03/sjtu_home/chaolei.liu/data/tts/LibriTTS/train-clean-100/1069/133699/1069_133699_000003_000008.wav|"We shall never get on together therefore, and there's no use trying."""
/hpc_stor03/sjtu_home/chaolei.liu/data/tts/LibriTTS/train-clean-100/4441/76262/4441_76262_000069_000000.wav|"""Come along, let's be off,"" he said, spitting on the hearthstone."
/hpc_stor03/sjtu_home/chaolei.liu/data/tts/LibriTTS/train-clean-100/1098/133695/1098_133695_000012_000006.wav|Ralph had always taken for granted that his father would survive him--that his own name would be the first grimly called.
/hpc_stor03/sjtu_home/chaolei.liu/data/tts/LibriTTS/train-clean-100/4137/11702/4137_11702_000096_000000.wav|The King laughed good-humouredly.
/hpc_stor03/sjtu_home/chaolei.liu/data/tts/LibriTTS/train-clean-100/8051/119902/8051_119902_000027_000000.wav|Rationing may come yet, but any such system bristles with difficulties.
/hpc_stor03/sjtu_home/chaolei.liu/data/tts/LibriTTS/train-clean-100/233/155990/233_155990_000017_000004.wav|There were various mob outbreaks, especially in the Japanese cities; the police were roughly handled, and several Christian churches were burned, as reported to me by the American Minister.
/hpc_stor03/sjtu_home/chaolei.liu/data/tts/LibriTTS/train-clean-100/78/368/78_368_000006_000003.wav|As I heard it, the whole truth rushed into my mind, my arms dropped, the motion of every muscle and fibre was suspended; I could feel the blood trickling in my veins and tingling in the extremities of my limbs.
/hpc_stor03/sjtu_home/chaolei.liu/data/tts/LibriTTS/train-clean-100/3374/298025/3374_298025_000012_000002.wav|I gazed and enjoyed it all, the rich green, the white blossoms and the golden fruit.
/hpc_stor03/sjtu_home/chaolei.liu/data/tts/LibriTTS/train-clean-100/6147/34605/6147_34605_000022_000001.wav|You enjoy all the good things belonging to the official Episcopalian church, and later on you die, like Grotius, in the odour of Catholicity, having the glory of a mass being said for you by le Pere Petau.
/hpc_stor03/sjtu_home/chaolei.liu/data/tts/LibriTTS/train-clean-100/1040/133433/1040_133433_000115_000000.wav|He was a little boy, and she was grown up.
/hpc_stor03/sjtu_home/chaolei.liu/data/tts/LibriTTS/train-clean-100/1624/142933/1624_142933_000034_000000.wav|"""Can't you fly up just a little way so as to get off the ground?"" she cried anxiously."
/hpc_stor03/sjtu_home/chaolei.liu/data/tts/LibriTTS/train-clean-100/426/122821/426_122821_000053_000002.wav|I have my suspicions about that oldest Twin. I believe he'd be a pirate if he dared.
/hpc_stor03/sjtu_home/chaolei.liu/data/tts/LibriTTS/train-clean-100/1246/124550/1246_124550_000020_000003.wav|Kennicott had asserted that the villager's lack of courtesy is due to his poverty.
/hpc_stor03/sjtu_home/chaolei.liu/data/tts/LibriTTS/train-clean-100/7226/86965/7226_86965_000003_000000.wav|With our host, a glib and rapid talker in a swaggering tone, one could not but be much amused, as he exhibited a degree of self-appreciation that was decidedly refreshing.
/hpc_stor03/sjtu_home/chaolei.liu/data/tts/LibriTTS/train-clean-100/8324/286683/8324_286683_000006_000002.wav|In the winter they live mostly on roots.
/hpc_stor03/sjtu_home/chaolei.liu/data/tts/LibriTTS/train-clean-100/2893/139310/2893_139310_000037_000019.wav|Heads, shoulders, hands clutching weapons, all were swinging with those marching cadences.
/hpc_stor03/sjtu_home/chaolei.liu/data/tts/LibriTTS/train-clean-100/5514/19193/5514_19193_000057_000000.wav|Then he picked up his basket, replaced the cartridges which had fallen from it, without missing a single one, and, advancing towards the fusillade, set about plundering another cartridge-box.
/hpc_stor03/sjtu_home/chaolei.liu/data/tts/LibriTTS/train-clean-100/1578/140049/1578_140049_000043_000000.wav|"""It was a heavenly party,"" she cried, taking off her hat and cape."
/hpc_stor03/sjtu_home/chaolei.liu/data/tts/LibriTTS/train-clean-100/4214/7146/4214_7146_000058_000002.wav|I told her it was all a mistake and you weren't to blame, but she just simply didn't believe me.
/hpc_stor03/sjtu_home/chaolei.liu/data/tts/LibriTTS/train-clean-100/1992/141719/1992_141719_000012_000009.wav|The Esquires, who were the Attendants, ran to his Assistance, and with a Sneer remounted him.
/hpc_stor03/sjtu_home/chaolei.liu/data/tts/LibriTTS/train-clean-100/3982/178459/3982_178459_000044_000004.wav|It was always you that gave and I that took.
/hpc_stor03/sjtu_home/chaolei.liu/data/tts/LibriTTS/train-clean-100/2007/132570/2007_132570_000055_000000.wav|'Obey my order,' repeated Montoni.
/hpc_stor03/sjtu_home/chaolei.liu/data/tts/LibriTTS/train-clean-100/8975/270782/8975_270782_000018_000004.wav|On the other hand, it is interesting that this Oedipus-complex, cast out of life, was yielded up to poetry and given the freest play.
/hpc_stor03/sjtu_home/chaolei.liu/data/tts/LibriTTS/train-clean-100/4830/25898/4830_25898_000019_000003.wav|Peck was a glutton, eating everything she could find, and often making herself ill by gobbling too fast, and forgetting to eat a little gravel to help digest her food.
/hpc_stor03/sjtu_home/chaolei.liu/data/tts/LibriTTS/train-clean-100/2952/407/2952_407_000008_000007.wav|Only its legend remains; and in that legend it is called the Mugen-Kane, or Bell of Mugen.
/hpc_stor03/sjtu_home/chaolei.liu/data/tts/LibriTTS/train-clean-100/8425/292520/8425_292520_000012_000000.wav|The crowd thins, the players are alone; In their faith's raucous monotone, Loud with gaudy angels, tinsel cherubim, A drum pounds out the hymn.
/hpc_stor03/sjtu_home/chaolei.liu/data/tts/LibriTTS/train-clean-100/6454/120342/6454_120342_000036_000002.wav|We went to the grandest places in Boston, and we went to the meanest.
/hpc_stor03/sjtu_home/chaolei.liu/data/tts/LibriTTS/train-clean-100/4813/248638/4813_248638_000018_000014.wav|The next group to the right is in Lyndeboro.
/hpc_stor03/sjtu_home/chaolei.liu/data/tts/LibriTTS/train-clean-100/8465/246943/8465_246943_000019_000003.wav|Her physical being was wrenched from her control, and she must simply sit and wait until the power or influence, whichever it might be, should pass away.
/hpc_stor03/sjtu_home/chaolei.liu/data/tts/LibriTTS/train-clean-100/2092/145706/2092_145706_000034_000001.wav|The whole court went out to see the wonder, and their astonishment was great at the sight which met their eyes.
/hpc_stor03/sjtu_home/chaolei.liu/data/tts/LibriTTS/train-clean-100/1963/147036/1963_147036_000022_000000.wav|"""Who was it?"" he asked."
/hpc_stor03/sjtu_home/chaolei.liu/data/tts/LibriTTS/train-clean-100/8468/286673/8468_286673_000023_000001.wav|Next the other great animal took him and turned him over and rapped on his shells and stared at him.
/hpc_stor03/sjtu_home/chaolei.liu/data/tts/LibriTTS/train-clean-100/1737/142397/1737_142397_000020_000000.wav|"""Oh yes, there are, heaps and heaps,"" contradicted Edward."
/hpc_stor03/sjtu_home/chaolei.liu/data/tts/LibriTTS/train-clean-100/1455/138263/1455_138263_000029_000000.wav|"""Just so,"" said Barbicane, ""which for us has no meaning."""
/hpc_stor03/sjtu_home/chaolei.liu/data/tts/LibriTTS/train-clean-100/911/128684/911_128684_000014_000002.wav|So they remain equivocal; and, as the world goes, their equivocality is one of their great conveniences.
/hpc_stor03/sjtu_home/chaolei.liu/data/tts/LibriTTS/train-clean-100/3857/182315/3857_182315_000005_000002.wav|I take a jealous pride in my Simian ancestry.
/hpc_stor03/sjtu_home/chaolei.liu/data/tts/LibriTTS/train-clean-100/1116/132847/1116_132847_000009_000000.wav|Whenever they met they repeated their grievances, and at length Houarn's patience was exhausted, and one morning he came to Bellah and told her that he was going away to seek his fortune.
/hpc_stor03/sjtu_home/chaolei.liu/data/tts/LibriTTS/train-clean-100/8838/298545/8838_298545_000012_000004.wav|Am I to provide for them all? Or why should I make an exception in your favour?
/hpc_stor03/sjtu_home/chaolei.liu/data/tts/LibriTTS/train-clean-100/4397/15668/4397_15668_000009_000003.wav|People oftentimes travel far to see curious plants like the carnivorous darlingtonia, the fly-catcher, the walking fern, etc.
/hpc_stor03/sjtu_home/chaolei.liu/data/tts/LibriTTS/train-clean-100/730/359/730_359_000018_000000.wav|"""My mode of life in my hovel was uniform."
/hpc_stor03/sjtu_home/chaolei.liu/data/tts/LibriTTS/train-clean-100/3168/173564/3168_173564_000017_000002.wav|She put her head out into the damp night air, and the countess saw her slim neck shaking with sobs and throbbing against the window frame.
/hpc_stor03/sjtu_home/chaolei.liu/data/tts/LibriTTS/train-clean-100/2910/131096/2910_131096_000007_000001.wav|In vain then did that royal shepherd, whose judgment was approved by Jove himself, give me the palm of beauty over my illustrious rivals, Pallas and Juno.
/hpc_stor03/sjtu_home/chaolei.liu/data/tts/LibriTTS/train-clean-100/298/126790/298_126790_000016_000000.wav|"""Why,"" returned the housekeeper, hesitating a little, ""I thought we were as good as so."
/hpc_stor03/sjtu_home/chaolei.liu/data/tts/LibriTTS/train-clean-100/2911/12359/2911_12359_000008_000002.wav|But professional wine tasters are forbidden any cheese between sips.
/hpc_stor03/sjtu_home/chaolei.liu/data/tts/LibriTTS/train-clean-100/7780/274562/7780_274562_000013_000002.wav|I repeat that the principle here expressed, is incontrovertible; but there may be something even beyond it.
/hpc_stor03/sjtu_home/chaolei.liu/data/tts/LibriTTS/train-clean-100/1867/154075/1867_154075_000032_000001.wav|Now he pushed it open and stepped out.
/hpc_stor03/sjtu_home/chaolei.liu/data/tts/LibriTTS/train-clean-100/839/130898/839_130898_000046_000001.wav|It seemed to be searching for a locality that it had some trouble finding. At noon Captain Nemo himself came to take our bearings. He didn't address a word to me.
/hpc_stor03/sjtu_home/chaolei.liu/data/tts/LibriTTS/train-clean-100/5390/24512/5390_24512_000004_000001.wav|15.) But He saw that, even from a human standpoint, the nation could not be helped in this way, and that the Jews would only rebel against the Romans to their destruction.
/hpc_stor03/sjtu_home/chaolei.liu/data/tts/LibriTTS/train-clean-100/3526/176651/3526_176651_000013_000008.wav|His face was smooth and looked different, as did his throat and his hands.
/hpc_stor03/sjtu_home/chaolei.liu/data/tts/LibriTTS/train-clean-100/4014/186183/4014_186183_000032_000001.wav|Whatever the morrow might bring, the night promised to be fairly quiet, while each side took account of stock and made necessary repairs, or altered their plans to meet the new situation.
/hpc_stor03/sjtu_home/chaolei.liu/data/tts/LibriTTS/train-clean-100/5778/54535/5778_54535_000016_000001.wav|"I dare say that quite often when it was said: ""James McNeill Whistler is growing rude and cross,"" the real truth of the matter was that James McNeill Whistler was hungry and worried."
/hpc_stor03/sjtu_home/chaolei.liu/data/tts/LibriTTS/train-clean-100/2691/156750/2691_156750_000027_000002.wav|"A sweet voice answered, ""Coming!"""
/hpc_stor03/sjtu_home/chaolei.liu/data/tts/LibriTTS/train-clean-100/7511/102420/7511_102420_000026_000000.wav|The men worked as fast as they could at the elk, and we helped as much as we could, but it was dark before we reached camp.
/hpc_stor03/sjtu_home/chaolei.liu/data/tts/LibriTTS/train-clean-100/5750/100289/5750_100289_000019_000008.wav|Representative Carter of Oklahoma is also an Indian.
/hpc_stor03/sjtu_home/chaolei.liu/data/tts/LibriTTS/train-clean-100/5163/39921/5163_39921_000047_000001.wav|"""I have the negative still, you know."""
/hpc_stor03/sjtu_home/chaolei.liu/data/tts/LibriTTS/train-clean-100/4481/17498/4481_17498_000038_000000.wav|"The ""we"" is explained by stating that the Major held an important position in the great banking house--a position Mr. Merrick had secured for him some months previously."
/hpc_stor03/sjtu_home/chaolei.liu/data/tts/LibriTTS/train-clean-100/8629/261139/8629_261139_000043_000003.wav|When I came to myself, and that must have been very soon, I found that the blow of which I had been such a horrified witness had not yet proved fatal.
/hpc_stor03/sjtu_home/chaolei.liu/data/tts/LibriTTS/train-clean-100/6529/62554/6529_62554_000083_000001.wav|They were not to attack them, but were to be on their guard.
/hpc_stor03/sjtu_home/chaolei.liu/data/tts/LibriTTS/train-clean-100/5104/33406/5104_33406_000032_000002.wav|While they sat, a stranger came into the hall.
/hpc_stor03/sjtu_home/chaolei.liu/data/tts/LibriTTS/train-clean-100/198/209/198_209_000012_000001.wav|"If she felt such confidence in my good intentions, and could suppose it to be only a mistake, why should you be so ready to take offence?"""
/hpc_stor03/sjtu_home/chaolei.liu/data/tts/LibriTTS/train-clean-100/3112/9554/3112_9554_000010_000009.wav|He could not rid his mind of the fact that he had a story already in the course of publication, but which he had not yet completed.
/hpc_stor03/sjtu_home/chaolei.liu/data/tts/LibriTTS/train-clean-100/8770/295463/8770_295463_000010_000000.wav|It came at a terrible time in the progress of the war, when everything seemed to be going against the Union.
/hpc_stor03/sjtu_home/chaolei.liu/data/tts/LibriTTS/train-clean-100/4195/186238/4195_186238_000070_000000.wav|"""And so am I, Patsy."""
/hpc_stor03/sjtu_home/chaolei.liu/data/tts/LibriTTS/train-clean-100/2289/152253/2289_152253_000020_000005.wav|At first the Huns seemed to be winning.
/hpc_stor03/sjtu_home/chaolei.liu/data/tts/LibriTTS/train-clean-100/1363/139304/1363_139304_000016_000000.wav|His mind was still a surging perplexity.
/hpc_stor03/sjtu_home/chaolei.liu/data/tts/LibriTTS/train-clean-100/7190/90542/7190_90542_000078_000000.wav|The shed, with its slanting roof, served to block a narrow, overgrown path between two precipitous chalk walls.
/hpc_stor03/sjtu_home/chaolei.liu/data/tts/LibriTTS/train-clean-100/5393/19218/5393_19218_000037_000005.wav|They stand, sit, lie, with their knees drawn up in a knot, and their legs hanging.
/hpc_stor03/sjtu_home/chaolei.liu/data/tts/LibriTTS/train-clean-100/1088/134315/1088_134315_000089_000000.wav|"""No, I don't think that would be advisable."
/hpc_stor03/sjtu_home/chaolei.liu/data/tts/LibriTTS/train-clean-100/150/132655/150_132655_000018_000000.wav|"""Hold your tongue,"" answered the Dervish."
/hpc_stor03/sjtu_home/chaolei.liu/data/tts/LibriTTS/train-clean-100/8108/280359/8108_280359_000005_000000.wav|Then he tried to escape the watchful eye by disguising himself under various shapes.
/hpc_stor03/sjtu_home/chaolei.liu/data/tts/LibriTTS/train-clean-100/6836/61804/6836_61804_000013_000002.wav|Such, in reality, was Sir Maurice Gerald--erst known as Maurice the mustanger!
/hpc_stor03/sjtu_home/chaolei.liu/data/tts/LibriTTS/train-clean-100/5022/29411/5022_29411_000002_000006.wav|The meanest of all human infirmities is also the most universal; and the name of it is Self-esteem.
/hpc_stor03/sjtu_home/chaolei.liu/data/tts/LibriTTS/train-clean-100/332/128985/332_128985_000008_000004.wav|There is nothing horrible that has ever been written or told about the buccaneer life, which could not have been told about Roc, the Brazilian.
/hpc_stor03/sjtu_home/chaolei.liu/data/tts/LibriTTS/train-clean-100/587/54108/587_54108_000047_000001.wav|As they approached the river, the faint susurra came to them, mingled with the sound of a guitar and some one singing in the distance.
/hpc_stor03/sjtu_home/chaolei.liu/data/tts/LibriTTS/train-clean-100/8095/274345/8095_274345_000021_000004.wav|His discourse to the parliament was full of simplicity and cordiality.
/hpc_stor03/sjtu_home/chaolei.liu/data/tts/LibriTTS/train-clean-100/8014/112586/8014_112586_000010_000002.wav|This book, so far as it finds its way among the two classes above mentioned, will, I fancy, open their eyes.
/hpc_stor03/sjtu_home/chaolei.liu/data/tts/LibriTTS/train-clean-100/200/124140/200_124140_000020_000001.wav|Mrs. Bennet, who fancied she had gained a complete victory over him, continued her triumph.
/hpc_stor03/sjtu_home/chaolei.liu/data/tts/LibriTTS/train-clean-100/8609/262281/8609_262281_000015_000000.wav|"""Miss Channing, mamma says she shall take one of us to the missionary meeting, whichever you choose to fix upon."
/hpc_stor03/sjtu_home/chaolei.liu/data/tts/LibriTTS/train-clean-100/7794/295955/7794_295955_000002_000010.wav|"The old woman replied: ""God help you, my son!"""
/hpc_stor03/sjtu_home/chaolei.liu/data/tts/LibriTTS/train-clean-100/1183/128659/1183_128659_000025_000001.wav|If two persons, while walking, divide so as to pass an obstruction one on one side and one on the other, they will quarrel.
/hpc_stor03/sjtu_home/chaolei.liu/data/tts/LibriTTS/train-clean-100/1263/139804/1263_139804_000011_000003.wav|But compared to our customs, the news is very scarce.
/hpc_stor03/sjtu_home/chaolei.liu/data/tts/LibriTTS/train-clean-100/4297/13009/4297_13009_000014_000006.wav|When it was first known that the Duke of Omnium had consented to make the attempt, they had both on one side and the other been loud in his praise, going so far as to say that he was the only man in England who could do the work.
/hpc_stor03/sjtu_home/chaolei.liu/data/tts/LibriTTS/train-clean-100/2196/170379/2196_170379_000011_000001.wav|Physiologically, Wolberg believes that hypnosis represents an inhibition of the higher cortical centers, and a limitation of sensory channels such as takes place in sleep.
/hpc_stor03/sjtu_home/chaolei.liu/data/tts/LibriTTS/train-clean-100/3607/29116/3607_29116_000008_000001.wav|He's a fine man, a very fine man. I don't know any man in congress I'd sooner go to for help in any Christian work.
/hpc_stor03/sjtu_home/chaolei.liu/data/tts/LibriTTS/train-clean-100/8312/279791/8312_279791_000009_000000.wav|"""You see, madam,"" said Florina, ""even the spirits of the air take pity upon me."""
/hpc_stor03/sjtu_home/chaolei.liu/data/tts/LibriTTS/train-clean-100/125/121124/125_121124_000097_000001.wav|"""I must visit him,"" he said, ""and obtain some pious grant from him."""
/hpc_stor03/sjtu_home/chaolei.liu/data/tts/LibriTTS/train-clean-100/6818/68772/6818_68772_000018_000001.wav|"Let's think it over carefully before we act."""
/hpc_stor03/sjtu_home/chaolei.liu/data/tts/LibriTTS/train-clean-100/2989/138035/2989_138035_000035_000007.wav|The spices of different kinds did not seem to have been bought by the pound but by the quarter, and all lay open to view in a great chest.
/hpc_stor03/sjtu_home/chaolei.liu/data/tts/LibriTTS/train-clean-100/1553/140047/1553_140047_000002_000000.wav|Just before Thanksgiving the affairs of the Simpsons reached what might have been called a crisis, even in their family, which had been born and reared in a state of adventurous poverty and perilous uncertainty.
/hpc_stor03/sjtu_home/chaolei.liu/data/tts/LibriTTS/train-clean-100/1447/17506/1447_17506_000014_000001.wav|The Count clung to Louise's side, but also tried to make himself agreeable to her cousins.
/hpc_stor03/sjtu_home/chaolei.liu/data/tts/LibriTTS/train-clean-100/7367/86737/7367_86737_000131_000002.wav|The names of all, including Carlini, were placed in a hat, and the youngest of the band drew forth a ticket; the ticket bore the name of Diovolaccio.
/hpc_stor03/sjtu_home/chaolei.liu/data/tts/LibriTTS/train-clean-100/5463/39173/5463_39173_000021_000000.wav|"""The house will not be furnished, will it, Mark?"" said his wife."
/hpc_stor03/sjtu_home/chaolei.liu/data/tts/LibriTTS/train-clean-100/201/122255/201_122255_000020_000001.wav|Who art thou that comest ranging Sherwood's paths?
/hpc_stor03/sjtu_home/chaolei.liu/data/tts/LibriTTS/train-clean-100/6476/57446/6476_57446_000021_000002.wav|Since that time she has been fretting and pining and starving for love.
/hpc_stor03/sjtu_home/chaolei.liu/data/tts/LibriTTS/train-clean-100/254/27760/254_27760_000006_000006.wav|Beneath his deference and humbleness was hid the most inquisitorial maliciousness.
/hpc_stor03/sjtu_home/chaolei.liu/data/tts/LibriTTS/train-clean-100/2518/154825/2518_154825_000015_000003.wav|But if we fall, why, we shall fall together, and outwit their cunning.
/hpc_stor03/sjtu_home/chaolei.liu/data/tts/LibriTTS/train-clean-100/5789/57195/5789_57195_000013_000007.wav|"He wrote a scrawl to Dolly,--""I'll come,"" and, having sent it off by the messenger, tried to trust that there might yet be ground for hope."
/hpc_stor03/sjtu_home/chaolei.liu/data/tts/LibriTTS/train-clean-100/4406/16882/4406_16882_000007_000015.wav|"But to return: the Indians laid hold of us, pulling me one way, and the children another, and said, ""Come go along with us""; I told them they would kill me: they answered, if I were willing to go along with them, they would not hurt me."
/hpc_stor03/sjtu_home/chaolei.liu/data/tts/LibriTTS/train-clean-100/32/21634/32_21634_000017_000000.wav|"""What do you mean?"" Grandaddy Beaver asked."
/hpc_stor03/sjtu_home/chaolei.liu/data/tts/LibriTTS/train-clean-100/4859/26870/4859_26870_000017_000001.wav|He did not concern himself with the interests of his own class, and consequently some thought him proud and others thought him stupid.
/hpc_stor03/sjtu_home/chaolei.liu/data/tts/LibriTTS/train-clean-100/1743/142914/1743_142914_000021_000001.wav|"""If you had taken another step, Peter Rabbit, you would have stepped right on our eggs."
/hpc_stor03/sjtu_home/chaolei.liu/data/tts/LibriTTS/train-clean-100/446/123502/446_123502_000016_000003.wav|My captor merely strode up to the rostrum, the others making way for him as he advanced.
/hpc_stor03/sjtu_home/chaolei.liu/data/tts/LibriTTS/train-clean-100/831/130739/831_130739_000008_000006.wav|So, I say, he would have presented himself to your superficial observation.
/hpc_stor03/sjtu_home/chaolei.liu/data/tts/LibriTTS/train-clean-100/909/131041/909_131041_000016_000002.wav|It will not be too strong to say, that there will be a constant probability of seeing the station filled by characters pre-eminent for ability and virtue.
/hpc_stor03/sjtu_home/chaolei.liu/data/tts/LibriTTS/train-clean-100/4853/29413/4853_29413_000038_000001.wav|"""Do you think he saw through it?"
/hpc_stor03/sjtu_home/chaolei.liu/data/tts/LibriTTS/train-clean-100/26/496/26_496_000025_000001.wav|He described the shape, the posture, and the movement of it so exactly that it was the greatest matter of amazement to him in the world that everybody did not see it as well as he.
/hpc_stor03/sjtu_home/chaolei.liu/data/tts/LibriTTS/train-clean-100/6209/34601/6209_34601_000051_000003.wav|Worthless vagabond! in the streets at this hour!
/hpc_stor03/sjtu_home/chaolei.liu/data/tts/LibriTTS/train-clean-100/302/123516/302_123516_000026_000000.wav|My introduction to these cruel and bloodthirsty people was but an index to the scenes I witnessed almost daily while with them.
/hpc_stor03/sjtu_home/chaolei.liu/data/tts/LibriTTS/train-clean-100/669/129061/669_129061_000034_000000.wav|"""Serve him right,"" Macmurdo said."
/hpc_stor03/sjtu_home/chaolei.liu/data/tts/LibriTTS/train-clean-100/5867/48852/5867_48852_000011_000006.wav|But he hardly ventured to hope that he might be successful.
/hpc_stor03/sjtu_home/chaolei.liu/data/tts/LibriTTS/train-clean-100/7278/246956/7278_246956_000020_000003.wav|"So we judged it better put off till Tuesday."""
/hpc_stor03/sjtu_home/chaolei.liu/data/tts/LibriTTS/train-clean-100/211/122425/211_122425_000105_000000.wav|Louis XIII appeared, walking fast.
/hpc_stor03/sjtu_home/chaolei.liu/data/tts/LibriTTS/train-clean-100/229/130880/229_130880_000062_000000.wav|"""But,"" I went on, ""for secreting pearls, the ideal mollusk is the pearl oyster Meleagrina margaritifera, that valuable shellfish."
/hpc_stor03/sjtu_home/chaolei.liu/data/tts/LibriTTS/train-clean-100/5561/41616/5561_41616_000022_000002.wav|"She has disliked Miss Thompson from the first."""
/hpc_stor03/sjtu_home/chaolei.liu/data/tts/LibriTTS/train-clean-100/7059/77897/7059_77897_000027_000000.wav|"""It's very pretty of you to say so, Mrs. Munger,"" drawled Mrs. Wilmington. ""But I guess I must oppose the little invited dance and supper, on principle."
/hpc_stor03/sjtu_home/chaolei.liu/data/tts/LibriTTS/train-clean-100/226/122538/226_122538_000030_000001.wav|"""All fit and well, I can see."
/hpc_stor03/sjtu_home/chaolei.liu/data/tts/LibriTTS/train-clean-100/3235/28452/3235_28452_000011_000004.wav|Letters from my father and brother in Dawson had been received.
/hpc_stor03/sjtu_home/chaolei.liu/data/tts/LibriTTS/train-clean-100/89/218/89_218_000014_000017.wav|Till she had made herself mistress of its contents, however, she could have neither repose nor comfort; and with the sun's first rays she was determined to peruse it.
/hpc_stor03/sjtu_home/chaolei.liu/data/tts/LibriTTS/train-clean-100/3983/5371/3983_5371_000062_000000.wav|"""When the result of the accident was communicated to you, you made inquiry yourself into its truth, its details, I believe?"""
/hpc_stor03/sjtu_home/chaolei.liu/data/tts/LibriTTS/train-clean-100/2416/152139/2416_152139_000070_000002.wav|"""The way you'll fix it will be to write out a confession exonerating Moyne."""
/hpc_stor03/sjtu_home/chaolei.liu/data/tts/LibriTTS/train-clean-100/8419/293473/8419_293473_000010_000000.wav|It is true that the brother had the same kind of legs as his sister, but he did not have the same number.
/hpc_stor03/sjtu_home/chaolei.liu/data/tts/LibriTTS/train-clean-100/5322/7679/5322_7679_000002_000015.wav|Olenin was so surprised at the Chechen not being interested in him that he could only put it down to the man's stupidity or ignorance of Russian; so he turned to the scout, who also acted as interpreter.
/hpc_stor03/sjtu_home/chaolei.liu/data/tts/LibriTTS/train-clean-100/7635/105409/7635_105409_000116_000001.wav|Her heart was broken with cruel anguish.
/hpc_stor03/sjtu_home/chaolei.liu/data/tts/LibriTTS/train-clean-100/7302/86815/7302_86815_000050_000000.wav|"""No, I do not understand; what do you mean?"" stammered the unhappy woman, completely overwhelmed."
/hpc_stor03/sjtu_home/chaolei.liu/data/tts/LibriTTS/train-clean-100/4160/11549/4160_11549_000042_000002.wav|And now, perhaps, you had better tell the coachman to drive on.
/hpc_stor03/sjtu_home/chaolei.liu/data/tts/LibriTTS/train-clean-100/8088/284756/8088_284756_000191_000001.wav|Then he lifted his dark eyes to mine, and smiled, rather wearily.
/hpc_stor03/sjtu_home/chaolei.liu/data/tts/LibriTTS/train-clean-100/4018/107338/4018_107338_000026_000000.wav|"""But my father has not these fears; he is full of hope and exultation,"" said Sybil."
/hpc_stor03/sjtu_home/chaolei.liu/data/tts/LibriTTS/train-clean-100/1502/122615/1502_122615_000043_000011.wav|Then even Duncan knew it, by its restless and sidling attitudes, which kept the upper part of its form in constant motion, while the animal itself appeared seated, to be a bear.
/hpc_stor03/sjtu_home/chaolei.liu/data/tts/LibriTTS/train-clean-100/7113/86041/7113_86041_000020_000000.wav|'Dear queen of my heart,' answered he, 'I pray you to forgive my carelessness.
/hpc_stor03/sjtu_home/chaolei.liu/data/tts/LibriTTS/train-clean-100/7402/90848/7402_90848_000036_000002.wav|There was not a house, a road, or a path to be seen.
/hpc_stor03/sjtu_home/chaolei.liu/data/tts/LibriTTS/train-clean-100/696/93314/696_93314_000016_000000.wav|"""Oh, any good office--the Influential, if you like."
/hpc_stor03/sjtu_home/chaolei.liu/data/tts/LibriTTS/train-clean-100/7264/92316/7264_92316_000006_000001.wav|But such a Free Press in defence of religion (the pioneer of all the Free Press) arose in Ireland and in France and elsewhere.
/hpc_stor03/sjtu_home/chaolei.liu/data/tts/LibriTTS/train-clean-100/39/121914/39_121914_000047_000005.wav|What are you proud of?
/hpc_stor03/sjtu_home/chaolei.liu/data/tts/LibriTTS/train-clean-100/7078/271888/7078_271888_000022_000000.wav|She expressed pleasure at meeting me, remarking that she had read my last novel, and had been keenly interested in it.
/hpc_stor03/sjtu_home/chaolei.liu/data/tts/LibriTTS/train-clean-100/40/121026/40_121026_000090_000001.wav|"Ah, that would indeed be infamous."""
/hpc_stor03/sjtu_home/chaolei.liu/data/tts/LibriTTS/train-clean-100/7067/76048/7067_76048_000028_000000.wav|"""You really think,"" said Miss Grammont, ""that it would be possible to take this confused old world and reshape it, set it marching towards that new world of yours--of two hundred and fifty million fully developed, beautiful and happy people?"""
/hpc_stor03/sjtu_home/chaolei.liu/data/tts/LibriTTS/train-clean-100/1841/179183/1841_179183_000012_000001.wav|In any case, it is pleasant to have something to talk about that no one else has monopolized; it is like making a new path in the trackless woods, blazing the trail where no foot has pressed before.
/hpc_stor03/sjtu_home/chaolei.liu/data/tts/LibriTTS/train-clean-100/5339/14133/5339_14133_000018_000000.wav|Sylvia sat in the house-place, her back to the long low window, in order to have all the light the afternoon hour afforded for her work.
/hpc_stor03/sjtu_home/chaolei.liu/data/tts/LibriTTS/train-clean-100/3240/131231/3240_131231_000077_000000.wav|That, according to witnesses, the fall upon this small area occupied ten minutes.
/hpc_stor03/sjtu_home/chaolei.liu/data/tts/LibriTTS/train-clean-100/2136/5143/2136_5143_000032_000000.wav|'Come away, Madame,' I said, growing frightened, and feeling that if I were once, by any accident, to give way to the panic that was gathering round me, I should instantaneously lose all control of myself.
/hpc_stor03/sjtu_home/chaolei.liu/data/tts/LibriTTS/train-clean-100/2391/145015/2391_145015_000016_000003.wav|Jane was only twelve years old at the time of the earliest of these representations, and not more than fifteen when the last took place.
/hpc_stor03/sjtu_home/chaolei.liu/data/tts/LibriTTS/train-clean-100/6848/252323/6848_252323_000005_000000.wav|"""Musha, but I 'm glad,"" muttered one; ""he 'd be a great loss to us."""
/hpc_stor03/sjtu_home/chaolei.liu/data/tts/LibriTTS/train-clean-100/8630/305212/8630_305212_000011_000000.wav|There was neither discipline nor order in the schools.
/hpc_stor03/sjtu_home/chaolei.liu/data/tts/LibriTTS/train-clean-100/5808/48608/5808_48608_000005_000007.wav|"Never heard I of his like."" And he bade Ibrahim bin al-Mahdi bring him to court, that he might see him."
/hpc_stor03/sjtu_home/chaolei.liu/data/tts/LibriTTS/train-clean-100/2843/152918/2843_152918_000016_000004.wav|We kept it going, however, by using the utmost caution.
/hpc_stor03/sjtu_home/chaolei.liu/data/tts/LibriTTS/train-clean-100/60/121082/60_121082_000102_000000.wav|"""Come, come; enough of this,"" said Cavalcanti."
/hpc_stor03/sjtu_home/chaolei.liu/data/tts/LibriTTS/train-clean-100/8747/293952/8747_293952_000098_000000.wav|Julius, walking towards the Bower, was also angry with himself.
/hpc_stor03/sjtu_home/chaolei.liu/data/tts/LibriTTS/train-clean-100/6531/61334/6531_61334_000051_000000.wav|The time seemed ripe for Assyrian conquest.
/hpc_stor03/sjtu_home/chaolei.liu/data/tts/LibriTTS/train-clean-100/6272/70168/6272_70168_000019_000000.wav|"""I am afraid I make an idol of him, Cassy."""
/hpc_stor03/sjtu_home/chaolei.liu/data/tts/LibriTTS/train-clean-100/87/121553/87_121553_000179_000000.wav|Whence I, who mortal am, feel in myself This inequality; so give not thanks, Save in my heart, for this paternal welcome.
/hpc_stor03/sjtu_home/chaolei.liu/data/tts/LibriTTS/train-clean-100/6415/100596/6415_100596_000022_000000.wav|"""They forgot to put her in the catalogue."""
/hpc_stor03/sjtu_home/chaolei.liu/data/tts/LibriTTS/train-clean-100/4640/19188/4640_19188_000021_000002.wav|It is a question of women.
/hpc_stor03/sjtu_home/chaolei.liu/data/tts/LibriTTS/train-clean-100/83/9960/83_9960_000090_000000.wav|This was the signal like the signal for clearing the decks for action on board ship.
/hpc_stor03/sjtu_home/chaolei.liu/data/tts/LibriTTS/train-clean-100/3436/172162/3436_172162_000011_000008.wav|And they shot at him and smote his horse so that he fell.
/hpc_stor03/sjtu_home/chaolei.liu/data/tts/LibriTTS/train-clean-100/6064/300880/6064_300880_000022_000002.wav|"He'll do it to you when you go out."""
/hpc_stor03/sjtu_home/chaolei.liu/data/tts/LibriTTS/train-clean-100/6563/285357/6563_285357_000009_000006.wav|Here was a means of obtaining the mastery of the air: a formidable engine of invasion and aerial attack had been perfected.
/hpc_stor03/sjtu_home/chaolei.liu/data/tts/LibriTTS/train-clean-100/196/122152/196_122152_000006_000004.wav|This had not been a common affair, everything in it had been of the utmost importance, and fortunately he remembered everything.
/hpc_stor03/sjtu_home/chaolei.liu/data/tts/LibriTTS/train-clean-100/1594/135914/1594_135914_000036_000004.wav|The caliph was highly pleased with Ganem's reply, and assigned him a considerable pension.
/hpc_stor03/sjtu_home/chaolei.liu/data/tts/LibriTTS/train-clean-100/5456/62043/5456_62043_000000_000003.wav|A voyage from New Orleans to Vicksburg and back, including stoppages, generally entitled the officers and crew to a month's wages.
/hpc_stor03/sjtu_home/chaolei.liu/data/tts/LibriTTS/train-clean-100/307/127535/307_127535_000040_000002.wav|"""You lost the ship; I found the treasure."
/hpc_stor03/sjtu_home/chaolei.liu/data/tts/LibriTTS/train-clean-100/6081/42010/6081_42010_000021_000000.wav|"""But for that supposition, your words would have been meaningless?"""
/hpc_stor03/sjtu_home/chaolei.liu/data/tts/LibriTTS/train-clean-100/6000/55211/6000_55211_000051_000000.wav|"""My name is Henshaw, Miss--Greggory, I presume,"" he said quietly."
/hpc_stor03/sjtu_home/chaolei.liu/data/tts/LibriTTS/train-clean-100/6925/80680/6925_80680_000081_000000.wav|'In prison,' replied the farmer; 'if your majesty will clear this court of the jackals I will explain.'
/hpc_stor03/sjtu_home/chaolei.liu/data/tts/LibriTTS/train-clean-100/8123/275209/8123_275209_000021_000001.wav|"You are to feed them with cabbage-leaves."""
/hpc_stor03/sjtu_home/chaolei.liu/data/tts/LibriTTS/train-clean-100/5652/39938/5652_39938_000002_000003.wav|Moreover there the technique may be more complex and subtle.
/hpc_stor03/sjtu_home/chaolei.liu/data/tts/LibriTTS/train-clean-100/1034/121119/1034_121119_000045_000000.wav|"""You are too late, madame; the orders are issued."""
/hpc_stor03/sjtu_home/chaolei.liu/data/tts/LibriTTS/train-clean-100/6385/34655/6385_34655_000018_000011.wav|There were pleasant odours now and then, and he crossed currents of perfume, as though passing by invisible flowers.
/hpc_stor03/sjtu_home/chaolei.liu/data/tts/LibriTTS/train-clean-100/6019/3185/6019_3185_000030_000003.wav|That sight was more than could be borne by one who stood a little behind the group.
/hpc_stor03/sjtu_home/chaolei.liu/data/tts/LibriTTS/train-clean-100/1235/135884/1235_135884_000010_000003.wav|Yesterday, as I carried back the calf which you would not sacrifice, I perceived she laughed when she saw him, and in a moment after fell a weeping.
/hpc_stor03/sjtu_home/chaolei.liu/data/tts/LibriTTS/train-clean-100/4680/16026/4680_16026_000041_000007.wav|It's a long time since I've seen you!
/hpc_stor03/sjtu_home/chaolei.liu/data/tts/LibriTTS/train-clean-100/250/142276/250_142276_000015_000013.wav|Master Frederick had been her favorite and pride; and it was with a little softening of her dignified look and manner, that she went in weekly to arrange the chamber as carefully as if he might be coming home that very evening.
/hpc_stor03/sjtu_home/chaolei.liu/data/tts/LibriTTS/train-clean-100/7800/283478/7800_283478_000027_000001.wav|But then Frank says we were in the crowd that was fighting, and it wasn't fair that Mr. Chase, who was an innocent party, should suffer from our fun.
/hpc_stor03/sjtu_home/chaolei.liu/data/tts/LibriTTS/train-clean-100/3214/167606/3214_167606_000031_000000.wav|"""He's cook to some prince."""
/hpc_stor03/sjtu_home/chaolei.liu/data/tts/LibriTTS/train-clean-100/7312/92432/7312_92432_000008_000001.wav|Her heart and soul were in the cause for which those men had fought, and all was done that Woman could do to comfort them in their sufferings.
/hpc_stor03/sjtu_home/chaolei.liu/data/tts/LibriTTS/train-clean-100/4267/72637/4267_72637_000032_000000.wav|'Yes, he is gone--she is gone, darling.
/hpc_stor03/sjtu_home/chaolei.liu/data/tts/LibriTTS/train-clean-100/4051/11217/4051_11217_000021_000000.wav|"""Indeed, beautiful princess,"" answered Jason, ""if you will do me this service, I promise to be grateful to you my whole life long.""' Gazing at Medea, he beheld a wonderful intelligence in her face."
/hpc_stor03/sjtu_home/chaolei.liu/data/tts/LibriTTS/train-clean-100/2817/142371/2817_142371_000020_000000.wav|"""Not yet; I must see your dairy."
/hpc_stor03/sjtu_home/chaolei.liu/data/tts/LibriTTS/train-clean-100/7447/91186/7447_91186_000011_000001.wav|The style of Scarlatti is peculiarly the product of Italian love of beautiful tone, and what he wrote, though without depth of motive, kept well in view the technical possibilities of the harpsichord.
/hpc_stor03/sjtu_home/chaolei.liu/data/tts/LibriTTS/train-clean-100/8226/274369/8226_274369_000007_000005.wav|But the tide of popularity seized many, and carried them wide of the most established maxims of civil policy.
/hpc_stor03/sjtu_home/chaolei.liu/data/tts/LibriTTS/train-clean-100/3664/178355/3664_178355_000011_000002.wav|They proved to be a herd of cows and calves--which, by the way, are quicker in their movements than the bulls. We charged in among them, and I concluded my run with a score of eighteen, while Comstock killed fourteen.
/hpc_stor03/sjtu_home/chaolei.liu/data/tts/LibriTTS/train-clean-100/3259/158083/3259_158083_000015_000001.wav|Charles W. Barnes, Indianapolis. Oklahoma-Mrs.
/hpc_stor03/sjtu_home/chaolei.liu/data/tts/LibriTTS/train-clean-100/460/172359/460_172359_000044_000000.wav|"""She's at six,"" said Jeff, ""but I've got her."
/hpc_stor03/sjtu_home/chaolei.liu/data/tts/LibriTTS/train-clean-100/887/123289/887_123289_000049_000000.wav|"""An idea of my own, my lad."
/hpc_stor03/sjtu_home/chaolei.liu/data/tts/LibriTTS/train-clean-100/7517/100437/7517_100437_000006_000000.wav|For I am going to speak of another discovery; of a book which should be a classic, but is not; of a book of which nobody has heard unless through me.
/hpc_stor03/sjtu_home/chaolei.liu/data/tts/LibriTTS/train-clean-100/412/126975/412_126975_000023_000006.wav|In a nest of orange velvet lay like three eggs, three white and vivid diamonds that seemed to set the very air on fire all round them.
/hpc_stor03/sjtu_home/chaolei.liu/data/tts/LibriTTS/train-clean-100/2384/152900/2384_152900_000021_000011.wav|We also took dried milk from a firm in Wisconsin; this milk had an addition of malt and sugar, and was, in my opinion, excellent; it also kept good the whole time.
/hpc_stor03/sjtu_home/chaolei.liu/data/tts/LibriTTS/train-clean-100/4088/158077/4088_158077_000099_000004.wav|People could not be arrested for picketing.
/hpc_stor03/sjtu_home/chaolei.liu/data/tts/LibriTTS/train-clean-100/481/123719/481_123719_000002_000012.wav|And even more contemptible than that is my making this remark now.
/hpc_stor03/sjtu_home/chaolei.liu/data/tts/LibriTTS/train-clean-100/4788/94904/4788_94904_000008_000006.wav|At his hands, refuge and protection were sought from every part of the country against first one, then another of the immediate oppressors.
/hpc_stor03/sjtu_home/chaolei.liu/data/tts/LibriTTS/train-clean-100/1970/28415/1970_28415_000034_000000.wav|That was a hard question.
/hpc_stor03/sjtu_home/chaolei.liu/data/tts/LibriTTS/train-clean-100/103/1241/103_1241_000025_000016.wav|I wasn't a bit sick coming over in the boat.
/hpc_stor03/sjtu_home/chaolei.liu/data/tts/LibriTTS/train-clean-100/8580/287364/8580_287364_000013_000000.wav|"""Drop him overboard!"" cried Mr. Parker, in horror."
/hpc_stor03/sjtu_home/chaolei.liu/data/tts/LibriTTS/train-clean-100/5678/43301/5678_43301_000020_000000.wav|The second part was to be a panegyric of Braithwaite, treating him as the Precursor of a movement that even now had begun.
/hpc_stor03/sjtu_home/chaolei.liu/data/tts/LibriTTS/train-clean-100/8063/274115/8063_274115_000078_000000.wav|"""Because I don't know where it ends; and, also, because it is full of poachers."""
/hpc_stor03/sjtu_home/chaolei.liu/data/tts/LibriTTS/train-clean-100/7859/102518/7859_102518_000006_000001.wav|The Persian replied with the threat that he would put the Prophet in chains when he had leisure.
/hpc_stor03/sjtu_home/chaolei.liu/data/tts/LibriTTS/train-clean-100/374/180299/374_180299_000017_000000.wav|"""I shall take the whole house, and you can look after my place while I am away."""
/hpc_stor03/sjtu_home/chaolei.liu/data/tts/LibriTTS/train-clean-100/3242/67153/3242_67153_000024_000002.wav|The fellow who hasn't had the training may be just as smart, but he's apt to paw the air when he's reaching for ideas.
/hpc_stor03/sjtu_home/chaolei.liu/data/tts/LibriTTS/train-clean-100/4898/20016/4898_20016_000009_000001.wav|The whole party had so home-like an air, and appeared so engaged with their pleasant occupation, that, notwithstanding their quaint dress, Nathan only thought how much he should like to share their company.
/hpc_stor03/sjtu_home/chaolei.liu/data/tts/LibriTTS/train-clean-100/6367/74004/6367_74004_000007_000001.wav|She was over twenty and had graduated from it two years ago, but she was in all the social things that went on in the Academy; and all the unmarried professors, except the Old Fellow, were in love with her.
/hpc_stor03/sjtu_home/chaolei.liu/data/tts/LibriTTS/train-clean-100/2836/5355/2836_5355_000032_000000.wav|"""All the reparation in your power to make--all the reparation that the whole world can invent could not undo my sin."
/hpc_stor03/sjtu_home/chaolei.liu/data/tts/LibriTTS/train-clean-100/403/126855/403_126855_000041_000002.wav|"You are the first to see the famous 'Bridge of Apes.'"""
/hpc_stor03/sjtu_home/chaolei.liu/data/tts/LibriTTS/train-clean-100/118/47824/118_47824_000005_000000.wav|"""Those men?"" Bobby asked wearily."
/hpc_stor03/sjtu_home/chaolei.liu/data/tts/LibriTTS/train-clean-100/7178/34645/7178_34645_000007_000005.wav|Oh! you believe that effrontery is confined to abandoned women?
/hpc_stor03/sjtu_home/chaolei.liu/data/tts/LibriTTS/train-clean-100/6181/216552/6181_216552_000057_000000.wav|Possession alone produced all that.
/hpc_stor03/sjtu_home/chaolei.liu/data/tts/LibriTTS/train-clean-100/19/198/19_198_000010_000003.wav|"""Catherine grows quite a good-looking girl--she is almost pretty today,"" were words which caught her ears now and then; and how welcome were the sounds!"
/hpc_stor03/sjtu_home/chaolei.liu/data/tts/LibriTTS/train-clean-100/1355/39947/1355_39947_000007_000001.wav|It must be acknowledged that a method which has such powerful influence over the mind that it can secure ideas and emotions and impulses which the own will of the patient cannot produce, ought to be allowed only to those who are prepared for its skillful use.
/hpc_stor03/sjtu_home/chaolei.liu/data/tts/LibriTTS/train-clean-100/1898/145724/1898_145724_000024_000002.wav|As he sat thus lost in thought, he noticed an eagle flying over his head.
/hpc_stor03/sjtu_home/chaolei.liu/data/tts/LibriTTS/train-clean-100/2514/149482/2514_149482_000008_000001.wav|The ear of society?--they were talking, or almost, as if he had publicly paragraphed a modest young lady.
/hpc_stor03/sjtu_home/chaolei.liu/data/tts/LibriTTS/train-clean-100/8238/274553/8238_274553_000015_000003.wav|I can just remember the titles of some of the works.
/hpc_stor03/sjtu_home/chaolei.liu/data/tts/LibriTTS/train-clean-100/6437/66173/6437_66173_000025_000001.wav|Look at us as long as you may; for this is all you shall see of the combat. According to my thinking, the hospital teaches a better lesson than the battle-field.
/hpc_stor03/sjtu_home/chaolei.liu/data/tts/LibriTTS/train-clean-100/1334/135589/1334_135589_000028_000000.wav|"""Is it possible,"" thought Edward, ""that these can be the two girls in russet gowns, that I left at the cottage?"
/hpc_stor03/sjtu_home/chaolei.liu/data/tts/LibriTTS/train-clean-100/4362/15663/4362_15663_000006_000003.wav|Toward midnight I rolled myself in my blankets, slept an hour and a half, arose and ate more venison, tied two days' provisions to my belt, and set out for the summit, hoping to reach it ere the coming storm should fall.
/hpc_stor03/sjtu_home/chaolei.liu/data/tts/LibriTTS/train-clean-100/1926/147987/1926_147987_000014_000004.wav|My nose looked like a big blue plum, and one eye was swollen shut and hideously discolored.
/hpc_stor03/sjtu_home/chaolei.liu/data/tts/LibriTTS/train-clean-100/6880/216547/6880_216547_000032_000002.wav|It may be wrong for me to say it, but surely it is unfortunate for Christianity that it is true.
/hpc_stor03/sjtu_home/chaolei.liu/data/tts/LibriTTS/train-clean-100/4340/15220/4340_15220_000041_000000.wav|Down it jumped and Came fluttering up, much elated at being summoned by the captain of the sacred nine.
/hpc_stor03/sjtu_home/chaolei.liu/data/tts/LibriTTS/train-clean-100/27/123349/27_123349_000004_000002.wav|When Grey repeated with approbation what Wildman had said about Richmond and Richard, the well read and thoughtful Scot justly remarked that there was a great difference between the fifteenth century and the seventeenth.
/hpc_stor03/sjtu_home/chaolei.liu/data/tts/LibriTTS/train-clean-100/3879/173592/3879_173592_000022_000007.wav|With cries that imitated the yell of owls, the scream of cougars, and the howl of wolves, they ran up in successive bands, let fly their arrows, and instantly fell back, giving place to others.
/hpc_stor03/sjtu_home/chaolei.liu/data/tts/LibriTTS/train-clean-100/6078/54013/6078_54013_000012_000002.wav|On and on he travelled, until he came to the cross-roads and the stone cross of which the raven spoke, and there, sure enough, sat the traveller.
/hpc_stor03/sjtu_home/chaolei.liu/data/tts/LibriTTS/train-clean-100/3830/12529/3830_12529_000032_000001.wav|If she would show us how to cook the clams, we would buy some.
/hpc_stor03/sjtu_home/chaolei.liu/data/tts/LibriTTS/train-clean-100/2436/2481/2436_2481_000007_000005.wav|"Gregg, keep those passengers back!"""
/hpc_stor03/sjtu_home/chaolei.liu/data/tts/LibriTTS/train-clean-100/322/124146/322_124146_000018_000001.wav|We now come to the point.
/hpc_stor03/sjtu_home/chaolei.liu/data/tts/LibriTTS/train-clean-100/458/126305/458_126305_000010_000003.wav|The others were all obliged to retire to a distance, and when the peasant looked at the priest, he recognized the man who had been with the miller's wife.
/hpc_stor03/sjtu_home/chaolei.liu/data/tts/LibriTTS/train-clean-100/8797/294123/8797_294123_000016_000003.wav|Under a capable management he can be made to do anything.
/hpc_stor03/sjtu_home/chaolei.liu/data/tts/LibriTTS/train-clean-100/7505/83618/7505_83618_000009_000006.wav|Four personages, companions or sons, were closely connected with him.
/hpc_stor03/sjtu_home/chaolei.liu/data/tts/LibriTTS/train-clean-100/2182/181173/2182_181173_000034_000000.wav|Little Lord Fauntleroy leaned forward and waved the red handkerchief.
/hpc_stor03/sjtu_home/chaolei.liu/data/tts/LibriTTS/train-clean-100/3440/171009/3440_171009_000037_000000.wav|"""Elsie,"" he said, as he caught sight of his little daughter, ""go up to my dressing-room."""
/hpc_stor03/sjtu_home/chaolei.liu/data/tts/LibriTTS/train-clean-100/3486/166424/3486_166424_000085_000001.wav|I heard the shouts of their captains; they rushed.
/hpc_stor03/sjtu_home/chaolei.liu/data/tts/LibriTTS/train-clean-100/1069/133699/1069_133699_000049_000001.wav|"But his eyes asked it--and his handshake, when he bade me good-bye."""
/hpc_stor03/sjtu_home/chaolei.liu/data/tts/LibriTTS/train-clean-100/4441/76250/4441_76250_000074_000003.wav|No! Hold on! We'll postpone that!
/hpc_stor03/sjtu_home/chaolei.liu/data/tts/LibriTTS/train-clean-100/1098/133695/1098_133695_000019_000000.wav|"""Do you mean they're all like him?"""
/hpc_stor03/sjtu_home/chaolei.liu/data/tts/LibriTTS/train-clean-100/4137/11701/4137_11701_000072_000001.wav|By the by, how did that happen?
/hpc_stor03/sjtu_home/chaolei.liu/data/tts/LibriTTS/train-clean-100/8051/118101/8051_118101_000007_000007.wav|He resolved to spare no pains, to give himself no rest until they were both free.
/hpc_stor03/sjtu_home/chaolei.liu/data/tts/LibriTTS/train-clean-100/233/155990/233_155990_000007_000001.wav|I remember one representative of their number, who used to write little sonnets on behalf of the Mahdi and the Sudanese, these sonnets setting forth the need that the Sudan should be both independent and peaceful.
/hpc_stor03/sjtu_home/chaolei.liu/data/tts/LibriTTS/train-clean-100/78/369/78_369_000049_000000.wav|September 9th, the ice began to move, and roarings like thunder were heard at a distance as the islands split and cracked in every direction.
/hpc_stor03/sjtu_home/chaolei.liu/data/tts/LibriTTS/train-clean-100/3374/298025/3374_298025_000008_000001.wav|Nothing concerns him except to keep clean the sheen of his white pinions.
/hpc_stor03/sjtu_home/chaolei.liu/data/tts/LibriTTS/train-clean-100/6147/34605/6147_34605_000029_000004.wav|Gallantry found its convenience in a certain medley of ranks.
/hpc_stor03/sjtu_home/chaolei.liu/data/tts/LibriTTS/train-clean-100/1040/133433/1040_133433_000113_000000.wav|And then one night came the tragedy.
/hpc_stor03/sjtu_home/chaolei.liu/data/tts/LibriTTS/train-clean-100/1624/168623/1624_168623_000009_000001.wav|This is the worst species; hypocrisy enters into it.
/hpc_stor03/sjtu_home/chaolei.liu/data/tts/LibriTTS/train-clean-100/426/122822/426_122822_000042_000005.wav|"Oh, Marilla, I HAVE tried so hard to be patient and to win Anthony's liking . . . and now it has all gone for nothing."""
/hpc_stor03/sjtu_home/chaolei.liu/data/tts/LibriTTS/train-clean-100/1246/135815/1246_135815_000008_000000.wav|"""Of course he looks like a Squirrel, because he is one,"" said Old Mother Nature."
/hpc_stor03/sjtu_home/chaolei.liu/data/tts/LibriTTS/train-clean-100/8324/286681/8324_286681_000014_000002.wav|"They have large mouths, and teeth in their mouths, and they are always sticking out their lower jaws."""
/hpc_stor03/sjtu_home/chaolei.liu/data/tts/LibriTTS/train-clean-100/2893/139322/2893_139322_000022_000003.wav|"The Master is betrayed."" His voice was hoarse and a thin foam dropped from his ugly shouting mouth."
/hpc_stor03/sjtu_home/chaolei.liu/data/tts/LibriTTS/train-clean-100/5514/19192/5514_19192_000008_000000.wav|Another sign of the times was the anarchy mingled with governmentalism [the barbarous name of the correct party].
/hpc_stor03/sjtu_home/chaolei.liu/data/tts/LibriTTS/train-clean-100/1578/140049/1578_140049_000031_000000.wav|"""Yes, but WHOSE horse was it that took us to North Riverboro?"
/hpc_stor03/sjtu_home/chaolei.liu/data/tts/LibriTTS/train-clean-100/4214/7146/4214_7146_000028_000013.wav|Marilla said there was enough for another dinner and told me to set it on the pantry shelf and cover it.
/hpc_stor03/sjtu_home/chaolei.liu/data/tts/LibriTTS/train-clean-100/1992/141719/1992_141719_000014_000007.wav|Now, behold the two Chieftains upon their Legs, commencing a new Trial of Skill! where they seem'd to get the better of each other alternately; for both were strong, and both were active.
/hpc_stor03/sjtu_home/chaolei.liu/data/tts/LibriTTS/train-clean-100/3982/178459/3982_178459_000056_000022.wav|I told him just what I'd done; I asked his pardon, and I said I would not marry him.
/hpc_stor03/sjtu_home/chaolei.liu/data/tts/LibriTTS/train-clean-100/2007/149877/2007_149877_000054_000000.wav|"""You haven't anything on hand for the night, have you?"" added Hurstwood."
/hpc_stor03/sjtu_home/chaolei.liu/data/tts/LibriTTS/train-clean-100/8975/270782/8975_270782_000014_000000.wav|This relationship is without doubt the more favorable, even when looked at from the viewpoint of the child.
/hpc_stor03/sjtu_home/chaolei.liu/data/tts/LibriTTS/train-clean-100/4830/25898/4830_25898_000018_000004.wav|Alas, alas, for poor Strut! he leaned so far forward in his frantic effort to get a big crow out, that he toppled over and fell bump on the hard barn-floor, killing himself instantly.
/hpc_stor03/sjtu_home/chaolei.liu/data/tts/LibriTTS/train-clean-100/2952/407/2952_407_000006_000002.wav|And as she could not bear the shame, she drowned herself, after having written a farewell letter containing these words:--
/hpc_stor03/sjtu_home/chaolei.liu/data/tts/LibriTTS/train-clean-100/6454/93938/6454_93938_000015_000003.wav|Seeing through the device, the party had at once gone to this ranch, where the owner, Baldwin, mounted them, and it was their dust-cloud we had seen as they rode up to Ash Forks.
/hpc_stor03/sjtu_home/chaolei.liu/data/tts/LibriTTS/train-clean-100/4813/248638/4813_248638_000021_000002.wav|And those mills stand upon the site of the first grist mill in New England to be run by water power.
/hpc_stor03/sjtu_home/chaolei.liu/data/tts/LibriTTS/train-clean-100/2002/139469/2002_139469_000012_000001.wav|It was called an epidemic. But the grand question was still unsettled of how this epidemic was generated and increased.
/hpc_stor03/sjtu_home/chaolei.liu/data/tts/LibriTTS/train-clean-100/8465/246942/8465_246942_000005_000008.wav|Great God!--And here was the priest actually counselling what was worse than any suicide!
/hpc_stor03/sjtu_home/chaolei.liu/data/tts/LibriTTS/train-clean-100/2092/145706/2092_145706_000056_000000.wav|But the wolf on whose back Ferko sat, said to its rider, 'Go on!
/hpc_stor03/sjtu_home/chaolei.liu/data/tts/LibriTTS/train-clean-100/8468/294887/8468_294887_000023_000002.wav|As there was no time to be lost, I concluded to go over to New York, notwithstanding the doubtfulness of attempting to find them in so large a city.
/hpc_stor03/sjtu_home/chaolei.liu/data/tts/LibriTTS/train-clean-100/1737/146161/1737_146161_000000_000001.wav|This may either be done in Shetland or German wool, and is very pretty in black Shetland wool.
/hpc_stor03/sjtu_home/chaolei.liu/data/tts/LibriTTS/train-clean-100/1455/134435/1455_134435_000015_000011.wav|"""See, come here and look,"" cried the old man. ""Grandfather Jesse's white mare has torn the black stocking she wears on her foot."""
/hpc_stor03/sjtu_home/chaolei.liu/data/tts/LibriTTS/train-clean-100/911/130578/911_130578_000003_000003.wav|"He asked her what she was eating: ""Some pulse I got from the village headman,"" ""Give me a little to try"" he begged."
/hpc_stor03/sjtu_home/chaolei.liu/data/tts/LibriTTS/train-clean-100/3857/182315/3857_182315_000034_000004.wav|Raids, ferocious combats, and loot are part of an ant's regular life.
/hpc_stor03/sjtu_home/chaolei.liu/data/tts/LibriTTS/train-clean-100/1116/132851/1116_132851_000024_000001.wav|Perhaps I may tell you later.
/hpc_stor03/sjtu_home/chaolei.liu/data/tts/LibriTTS/train-clean-100/8838/298545/8838_298545_000000_000005.wav|The winter session was approaching.
/hpc_stor03/sjtu_home/chaolei.liu/data/tts/LibriTTS/train-clean-100/4397/15678/4397_15678_000003_000003.wav|Hungry at times and weary, he has corresponding enjoyment in eating and resting, and all the wilderness is home.
/hpc_stor03/sjtu_home/chaolei.liu/data/tts/LibriTTS/train-clean-100/730/358/730_358_000005_000000.wav|"""The moon had disappeared from the night, and again, with a lessened form, showed itself, while I still remained in the forest."
/hpc_stor03/sjtu_home/chaolei.liu/data/tts/LibriTTS/train-clean-100/3168/173564/3168_173564_000008_000000.wav|"""But you didn't see it!"""
/hpc_stor03/sjtu_home/chaolei.liu/data/tts/LibriTTS/train-clean-100/2910/131096/2910_131096_000033_000001.wav|"But a voice from the tower said to her, ""Why, poor unlucky girl, dost thou design to put an end to thy days in so dreadful a manner?"
/hpc_stor03/sjtu_home/chaolei.liu/data/tts/LibriTTS/train-clean-100/298/126791/298_126791_000040_000008.wav|Her hair was luxuriant, and as it was without the powder it was then the fashion to wear, it fell in raven blackness. A few of its locks had fallen on her cheek, giving its chilling whiteness by the contrast a more deadly character.
/hpc_stor03/sjtu_home/chaolei.liu/data/tts/LibriTTS/train-clean-100/2911/7601/2911_7601_000018_000006.wav|The ringing became more distinct:--It continued and became more distinct: I talked more freely to get rid of the feeling: but it continued and gained definiteness--until, at length, I found that the noise was not within my ears.
/hpc_stor03/sjtu_home/chaolei.liu/data/tts/LibriTTS/train-clean-100/7780/274562/7780_274562_000008_000001.wav|I mean the fact (which none but the ignorant dispute,) that no such combinations of scenery exist in Nature as the painter of genius has in his power to produce.
/hpc_stor03/sjtu_home/chaolei.liu/data/tts/LibriTTS/train-clean-100/1867/154071/1867_154071_000044_000001.wav|"""I'll smash every bone in his ugly head."""
/hpc_stor03/sjtu_home/chaolei.liu/data/tts/LibriTTS/train-clean-100/839/130898/839_130898_000017_000000.wav|"""Mercy, look at these cod!"" he said."
/hpc_stor03/sjtu_home/chaolei.liu/data/tts/LibriTTS/train-clean-100/5390/30096/5390_30096_000028_000001.wav|"The other fellows were too clever for my young friend, Joseph Wegg, and knocked out his patent."""
/hpc_stor03/sjtu_home/chaolei.liu/data/tts/LibriTTS/train-clean-100/3526/176651/3526_176651_000012_000013.wav|With the thought, she rose slowly to her feet, moved slowly to the cliff that dropped sheer ten feet aside from the trail, and stood there like a great scarlet flower in still air.
/hpc_stor03/sjtu_home/chaolei.liu/data/tts/LibriTTS/train-clean-100/4014/186176/4014_186176_000031_000000.wav|"""Oh, yes, you will,"" counseled Joe."
/hpc_stor03/sjtu_home/chaolei.liu/data/tts/LibriTTS/train-clean-100/5778/12761/5778_12761_000013_000006.wav|The voice grew rapidly nearer, ascending from the river, but when we expected to see him emerge, it ceased entirely.
/hpc_stor03/sjtu_home/chaolei.liu/data/tts/LibriTTS/train-clean-100/2691/156755/2691_156755_000017_000000.wav|She led me to a room that had pictures on the walls, and left me surrounded by toys.
/hpc_stor03/sjtu_home/chaolei.liu/data/tts/LibriTTS/train-clean-100/7511/102419/7511_102419_000023_000000.wav|Well, we felt powerfully reduced in numbers, but about three o'clock that afternoon we came upon Mr. Struble and Mr. Haynes waiting beside the road for us.
/hpc_stor03/sjtu_home/chaolei.liu/data/tts/LibriTTS/train-clean-100/5750/100289/5750_100289_000016_000002.wav|A large portrait of him adorns the parlor of the club, showing him as the naked Indian captive of about four years old.
/hpc_stor03/sjtu_home/chaolei.liu/data/tts/LibriTTS/train-clean-100/5163/39921/5163_39921_000036_000000.wav|"""No, thank you,"" said poor Esther."
/hpc_stor03/sjtu_home/chaolei.liu/data/tts/LibriTTS/train-clean-100/4481/17499/4481_17499_000028_000000.wav|His telegram to Elizabeth was characteristic:
/hpc_stor03/sjtu_home/chaolei.liu/data/tts/LibriTTS/train-clean-100/8629/261139/8629_261139_000044_000004.wav|Take them and let them pave your way to a better life.
/hpc_stor03/sjtu_home/chaolei.liu/data/tts/LibriTTS/train-clean-100/6529/62554/6529_62554_000058_000000.wav|Ayrton hesitated at first to reply, and Cyrus Harding regretted that Pencroft had so thoughtlessly put this question.
/hpc_stor03/sjtu_home/chaolei.liu/data/tts/LibriTTS/train-clean-100/5104/33407/5104_33407_000011_000000.wav|So he helped Leif fit out a boat and sent him off.
/hpc_stor03/sjtu_home/chaolei.liu/data/tts/LibriTTS/train-clean-100/198/209/198_209_000023_000000.wav|"""And what do you think I said?""--lowering his voice--""well done, general, said I; I am quite of your mind."""
/hpc_stor03/sjtu_home/chaolei.liu/data/tts/LibriTTS/train-clean-100/3112/9555/3112_9555_000021_000001.wav|My elder brother--Tom as I must call him in my narrative, though the world, I think, knows him best as Adolphus--was at Oxford. My father and I lived together, he having no means of living except what came from the farm.
/hpc_stor03/sjtu_home/chaolei.liu/data/tts/LibriTTS/train-clean-100/8770/295465/8770_295465_000024_000001.wav|It was a part of the little game they were constantly playing together.
/hpc_stor03/sjtu_home/chaolei.liu/data/tts/LibriTTS/train-clean-100/4195/186237/4195_186237_000037_000000.wav|Danny Reeves himself came instead, and made a nice little speech, saying that Patsy had always brought good luck to the place, and this dinner was his treat to welcome her home.
/hpc_stor03/sjtu_home/chaolei.liu/data/tts/LibriTTS/train-clean-100/2289/152253/2289_152253_000007_000000.wav|Many persons believed that he was a fortune-teller, so people often went to him to inquire what was to happen to them.
/hpc_stor03/sjtu_home/chaolei.liu/data/tts/LibriTTS/train-clean-100/1363/139304/1363_139304_000004_000000.wav|What a wonderfully complex thing!
/hpc_stor03/sjtu_home/chaolei.liu/data/tts/LibriTTS/train-clean-100/7190/90542/7190_90542_000097_000000.wav|As the flames brightened I watched his restless figure.
/hpc_stor03/sjtu_home/chaolei.liu/data/tts/LibriTTS/train-clean-100/5393/19218/5393_19218_000107_000001.wav|Here I'm concealed, no one knows that I'm here.
/hpc_stor03/sjtu_home/chaolei.liu/data/tts/LibriTTS/train-clean-100/1088/134315/1088_134315_000053_000000.wav|"Fisher took the card from the salver and read, ""Mr."
/hpc_stor03/sjtu_home/chaolei.liu/data/tts/LibriTTS/train-clean-100/150/126112/150_126112_000002_000001.wav|She did not care who the man was; that was nothing to her.
/hpc_stor03/sjtu_home/chaolei.liu/data/tts/LibriTTS/train-clean-100/8108/274318/8108_274318_000023_000000.wav|Then John Silence began to understand.
/hpc_stor03/sjtu_home/chaolei.liu/data/tts/LibriTTS/train-clean-100/5703/47198/5703_47198_000071_000000.wav|"""That very one,"" Juliet assured her, undaunted; and was arrayed in it, in spite of obvious disapproval."
/hpc_stor03/sjtu_home/chaolei.liu/data/tts/LibriTTS/train-clean-100/5022/29405/5022_29405_000103_000000.wav|Having traversed the short distance between the cottage and the wood, I remembered that I had left my walking-stick behind me, and returned to get it.
/hpc_stor03/sjtu_home/chaolei.liu/data/tts/LibriTTS/train-clean-100/332/128985/332_128985_000026_000000.wav|But this downfall of a hero simply shows that Esquemeling, although he was a member of the piratical body, and was proud to consider himself a buccaneer, did not understand the true nature of a pirate.
/hpc_stor03/sjtu_home/chaolei.liu/data/tts/LibriTTS/train-clean-100/587/54108/587_54108_000071_000001.wav|Against the black lace about her head her face shone like a cameo, her eyes were brown wells of starlight; she scarcely seemed to breathe, so still she sat, her slender hands loosely clasped in her lap.
/hpc_stor03/sjtu_home/chaolei.liu/data/tts/LibriTTS/train-clean-100/8014/280382/8014_280382_000007_000005.wav|So these three for a while stayed the first onset of the enemy; and the men of Rome meanwhile brake down the bridge.
/hpc_stor03/sjtu_home/chaolei.liu/data/tts/LibriTTS/train-clean-100/200/126784/200_126784_000045_000000.wav|"""Upon my word, you improve most rapidly in externals,"" added the trooper, preserving his muscles in inflexible gravity."
/hpc_stor03/sjtu_home/chaolei.liu/data/tts/LibriTTS/train-clean-100/8609/262281/8609_262281_000016_000002.wav|"Some of the anecdotes are beautiful."""
/hpc_stor03/sjtu_home/chaolei.liu/data/tts/LibriTTS/train-clean-100/7794/295947/7794_295947_000037_000004.wav|"Your son's illness could not be cured without a liver taken from a live fox, so to repay your kindness I killed my cub and took out its liver; then its sire, disguising himself as a messenger, brought it to your house."""
/hpc_stor03/sjtu_home/chaolei.liu/data/tts/LibriTTS/train-clean-100/1183/133255/1183_133255_000081_000000.wav|Guaranteed under the Food and Drug Act, June 30, 1906.
/hpc_stor03/sjtu_home/chaolei.liu/data/tts/LibriTTS/train-clean-100/1263/141777/1263_141777_000010_000001.wav|Now he was facing that survivor's camp.
/hpc_stor03/sjtu_home/chaolei.liu/data/tts/LibriTTS/train-clean-100/4297/13006/4297_13006_000061_000003.wav|"I am sure you believe me when I promise not to see him without your permission."""
/hpc_stor03/sjtu_home/chaolei.liu/data/tts/LibriTTS/train-clean-100/3607/29116/3607_29116_000047_000002.wav|And then Hicks went on, with a serious air,
/hpc_stor03/sjtu_home/chaolei.liu/data/tts/LibriTTS/train-clean-100/8312/279791/8312_279791_000028_000003.wav|The riot became so dangerous that Troutina and her mother fled away to the fairy Soussio.
/hpc_stor03/sjtu_home/chaolei.liu/data/tts/LibriTTS/train-clean-100/125/121124/125_121124_000069_000002.wav|How absurd--as if one crown were not as good as another.
/hpc_stor03/sjtu_home/chaolei.liu/data/tts/LibriTTS/train-clean-100/6818/68772/6818_68772_000024_000002.wav|"The most she can do is to report our movements to Mr. Hopkins, and there's no great harm in that."""
/hpc_stor03/sjtu_home/chaolei.liu/data/tts/LibriTTS/train-clean-100/2989/138035/2989_138035_000031_000004.wav|They won't give a pint of wine at the tavern for a good cast of the bar or a neat thrust of the sword.
/hpc_stor03/sjtu_home/chaolei.liu/data/tts/LibriTTS/train-clean-100/1553/140048/1553_140048_000029_000000.wav|"""What are you going to do with the magnificent profits you get from this business?"""
/hpc_stor03/sjtu_home/chaolei.liu/data/tts/LibriTTS/train-clean-100/1447/17506/1447_17506_000027_000000.wav|"""Yet you say you don't know the Ferralti family."""
/hpc_stor03/sjtu_home/chaolei.liu/data/tts/LibriTTS/train-clean-100/7367/86737/7367_86737_000125_000002.wav|Now, as I am not egotistical, we will return to our comrades and draw lots for her.'--'You have determined, then, to abandon her to the common law?' said Carlini.
/hpc_stor03/sjtu_home/chaolei.liu/data/tts/LibriTTS/train-clean-100/5463/39173/5463_39173_000050_000001.wav|"Miss Grantly will have a large fortune, I believe."""
/hpc_stor03/sjtu_home/chaolei.liu/data/tts/LibriTTS/train-clean-100/201/122255/201_122255_000008_000000.wav|Not far from the trysting tree was a great rock in which a chamber had been hewn, the entrance being barred by a massive oaken door two palms'-breadth in thickness, studded about with spikes, and fastened with a great padlock.
/hpc_stor03/sjtu_home/chaolei.liu/data/tts/LibriTTS/train-clean-100/6476/57446/6476_57446_000006_000001.wav|"I am living in a poor and humble house; but if your lordship, at your leisure, would honour me with a visit--"""
/hpc_stor03/sjtu_home/chaolei.liu/data/tts/LibriTTS/train-clean-100/2518/154826/2518_154826_000013_000000.wav|'Scaring rooks for Farmer Topp,' was the answer.
/hpc_stor03/sjtu_home/chaolei.liu/data/tts/LibriTTS/train-clean-100/5789/57158/5789_57158_000047_000000.wav|"""I didn't say so at all."""
/hpc_stor03/sjtu_home/chaolei.liu/data/tts/LibriTTS/train-clean-100/4406/16882/4406_16882_000021_000001.wav|Here I parted from my daughter Mary (whom I never saw again till I saw her in Dorchester, returned from captivity), and from four little cousins and neighbors, some of which I never saw afterward: the Lord only knows the end of them.
/hpc_stor03/sjtu_home/chaolei.liu/data/tts/LibriTTS/train-clean-100/32/21634/32_21634_000013_000000.wav|"""What are you going to do next?"" he asked."
/hpc_stor03/sjtu_home/chaolei.liu/data/tts/LibriTTS/train-clean-100/4859/26870/4859_26870_000025_000003.wav|The house was spacious and had rooms for the house serfs and apartments for visitors.
/hpc_stor03/sjtu_home/chaolei.liu/data/tts/LibriTTS/train-clean-100/1743/142913/1743_142913_000016_000000.wav|"""Did you find any old clothes of the Snake family?"" she demanded."
/hpc_stor03/sjtu_home/chaolei.liu/data/tts/LibriTTS/train-clean-100/446/123502/446_123502_000016_000001.wav|Again locking his arm in mine, we had proceeded into the audience chamber.
/hpc_stor03/sjtu_home/chaolei.liu/data/tts/LibriTTS/train-clean-100/831/130746/831_130746_000027_000001.wav|"""I'll chuck this infernal business!"
/hpc_stor03/sjtu_home/chaolei.liu/data/tts/LibriTTS/train-clean-100/909/131041/909_131041_000019_000006.wav|It is remarkable that in this, as in most other instances, the objection which is made would lie against the constitution of this State.
/hpc_stor03/sjtu_home/chaolei.liu/data/tts/LibriTTS/train-clean-100/4853/29413/4853_29413_000046_000000.wav|Gloody at once acknowledged that we had no proof.
/hpc_stor03/sjtu_home/chaolei.liu/data/tts/LibriTTS/train-clean-100/6209/34601/6209_34601_000068_000037.wav|You shark! how many teeth have you in your jaws?
/hpc_stor03/sjtu_home/chaolei.liu/data/tts/LibriTTS/train-clean-100/669/129074/669_129074_000004_000000.wav|So, pleased herself, she tried with all her might to please everybody; and we know that she was eminent and successful as a practitioner in the art of giving pleasure.
/hpc_stor03/sjtu_home/chaolei.liu/data/tts/LibriTTS/train-clean-100/5867/48852/5867_48852_000069_000000.wav|"""I cannot tell you so."
/hpc_stor03/sjtu_home/chaolei.liu/data/tts/LibriTTS/train-clean-100/7278/246956/7278_246956_000007_000004.wav|Would even her father require more of her than she had already done and endured?
/hpc_stor03/sjtu_home/chaolei.liu/data/tts/LibriTTS/train-clean-100/211/122442/211_122442_000009_000000.wav|"""And where is that letter?"""
/hpc_stor03/sjtu_home/chaolei.liu/data/tts/LibriTTS/train-clean-100/229/130880/229_130880_000004_000000.wav|Just then Captain Nemo and his chief officer appeared.
/hpc_stor03/sjtu_home/chaolei.liu/data/tts/LibriTTS/train-clean-100/5561/41616/5561_41616_000052_000000.wav|"""Oh, yes, girls, I intended telling you before this,"" replied Jessica. ""Just before the last half started, Miss Thompson and Miss Kane came in and walked to the other end of the gallery."
/hpc_stor03/sjtu_home/chaolei.liu/data/tts/LibriTTS/train-clean-100/7059/77897/7059_77897_000026_000000.wav|"""Yes,"" Mrs. Munger broke in; ""but they were not your beginnings, Mrs. Wilmington; they were your incidents--your accidents."""
/hpc_stor03/sjtu_home/chaolei.liu/data/tts/LibriTTS/train-clean-100/226/122538/226_122538_000021_000000.wav|The young porter, who still stood sentry at the door of Jane's compartment, dashed off to the refreshment room; and, just as the train began to move, handed a cup of steaming coffee and a plate of bread-and-butter in at the window.
/hpc_stor03/sjtu_home/chaolei.liu/data/tts/LibriTTS/train-clean-100/3235/28433/3235_28433_000005_000003.wav|"Paul"" to May twenty-sixth, and we left the dock on Saturday afternoon amid the cheers and hand-waving of thousands of people who had come to see the big boat off for Nome."
/hpc_stor03/sjtu_home/chaolei.liu/data/tts/LibriTTS/train-clean-100/89/218/89_218_000014_000007.wav|In the pause which succeeded, a sound like receding footsteps and the closing of a distant door struck on her affrighted ear.
/hpc_stor03/sjtu_home/chaolei.liu/data/tts/LibriTTS/train-clean-100/3983/5371/3983_5371_000017_000001.wav|But why wear colored glasses?
/hpc_stor03/sjtu_home/chaolei.liu/data/tts/LibriTTS/train-clean-100/2416/152139/2416_152139_000063_000012.wav|"She left you there for a moment to answer the door--and you--you""--Jimmie Dale's voice choked again--""you blot on God's earth, you slipped the money and ticket under the child's mattress!"""
/hpc_stor03/sjtu_home/chaolei.liu/data/tts/LibriTTS/train-clean-100/8419/293473/8419_293473_000004_000003.wav|When they were tired they went to sleep, and when they had slept enough they awakened.
/hpc_stor03/sjtu_home/chaolei.liu/data/tts/LibriTTS/train-clean-100/5322/7680/5322_7680_000037_000001.wav|"Our company is going before the holidays, and your ""hundred"" too.'"
/hpc_stor03/sjtu_home/chaolei.liu/data/tts/LibriTTS/train-clean-100/7635/105409/7635_105409_000113_000000.wav|He walked up to where Marguerite lay, and looked down into her face.
/hpc_stor03/sjtu_home/chaolei.liu/data/tts/LibriTTS/train-clean-100/7302/86815/7302_86815_000016_000000.wav|The next day, Monday, was the first sitting of the assizes.
/hpc_stor03/sjtu_home/chaolei.liu/data/tts/LibriTTS/train-clean-100/4160/11549/4160_11549_000035_000001.wav|It was very foolish, of course, but she felt as if something painful was going to happen, and nothing on earth could prevent it.
/hpc_stor03/sjtu_home/chaolei.liu/data/tts/LibriTTS/train-clean-100/8088/284756/8088_284756_000031_000000.wav|The pool--and its occupant.
/hpc_stor03/sjtu_home/chaolei.liu/data/tts/LibriTTS/train-clean-100/4018/107338/4018_107338_000014_000006.wav|"I thought, whatever might be the result, it must be a satisfaction to Gerard at last to see this man of whom he has talked and thought so much--and so we are here."""
/hpc_stor03/sjtu_home/chaolei.liu/data/tts/LibriTTS/train-clean-100/1502/122615/1502_122615_000025_000000.wav|"""Did my young men take his scalp?"""
/hpc_stor03/sjtu_home/chaolei.liu/data/tts/LibriTTS/train-clean-100/405/130895/405_130895_000036_000002.wav|Here seals and otters could indulge in a sumptuous meal, mixing meat from fish with vegetables from the sea, like the English with their Irish stews.
/hpc_stor03/sjtu_home/chaolei.liu/data/tts/LibriTTS/train-clean-100/7402/90848/7402_90848_000055_000000.wav|"""What is the matter, my good woman?"" said the King."
/hpc_stor03/sjtu_home/chaolei.liu/data/tts/LibriTTS/train-clean-100/7264/92310/7264_92310_000004_000002.wav|He might himself have suffered acute physical pain through the imprudent absorption of one of those quack drugs.
/hpc_stor03/sjtu_home/chaolei.liu/data/tts/LibriTTS/train-clean-100/39/121914/39_121914_000016_000002.wav|All looked up to them.
/hpc_stor03/sjtu_home/chaolei.liu/data/tts/LibriTTS/train-clean-100/7078/271888/7078_271888_000114_000000.wav|Dick's popularity steadily increased; lucrative commissions poured in upon him, and he settled down to such hard, methodical work, that I began to think he had forgotten the woman who had enmeshed him.
/hpc_stor03/sjtu_home/chaolei.liu/data/tts/LibriTTS/train-clean-100/40/222/40_222_000038_000000.wav|"""You think it is all for ambition, then?"
/hpc_stor03/sjtu_home/chaolei.liu/data/tts/LibriTTS/train-clean-100/7067/76048/7067_76048_000043_000000.wav|"""We have a right to life--and happiness."
/hpc_stor03/sjtu_home/chaolei.liu/data/tts/LibriTTS/train-clean-100/1841/159771/1841_159771_000010_000003.wav|But he seldom gave any unsought advice.
/hpc_stor03/sjtu_home/chaolei.liu/data/tts/LibriTTS/train-clean-100/5339/14133/5339_14133_000037_000001.wav|And, perhaps, the elder man was not unprepared for the communication that followed.
/hpc_stor03/sjtu_home/chaolei.liu/data/tts/LibriTTS/train-clean-100/3240/131232/3240_131232_000038_000001.wav|It then came to life.
/hpc_stor03/sjtu_home/chaolei.liu/data/tts/LibriTTS/train-clean-100/2136/5140/2136_5140_000015_000002.wav|At the sight the fountains of my grief reopened, and I cried bitterly, repeating, 'Oh! mamma, mamma, little mamma!' and so went on weeping and calling wildly on the deaf and the silent.
/hpc_stor03/sjtu_home/chaolei.liu/data/tts/LibriTTS/train-clean-100/2391/145015/2391_145015_000026_000002.wav|A pianoforte, or rather a spinnet or harpsichord, was by no means a necessary appendage.
/hpc_stor03/sjtu_home/chaolei.liu/data/tts/LibriTTS/train-clean-100/6848/76049/6848_76049_000023_000002.wav|It was a little sleepy place now, looking out dreamily over beautiful views.
/hpc_stor03/sjtu_home/chaolei.liu/data/tts/LibriTTS/train-clean-100/8630/305213/8630_305213_000006_000003.wav|The hospitals, for instance, were entirely in their hands. They were small as yet, built according to the needs of the moment from the funds of the faithful, and held but few patients.
/hpc_stor03/sjtu_home/chaolei.liu/data/tts/LibriTTS/train-clean-100/5808/54425/5808_54425_000025_000002.wav|It made him think of Maudie.
/hpc_stor03/sjtu_home/chaolei.liu/data/tts/LibriTTS/train-clean-100/2843/152918/2843_152918_000011_000002.wav|"Poor beasts, they have toiled hard to get the sledges forward to-day."" But the day did not turn out so badly after all, as we worked our way out of this uncertainty and found out what was behind the pitch-dark clouds."
/hpc_stor03/sjtu_home/chaolei.liu/data/tts/LibriTTS/train-clean-100/60/121082/60_121082_000043_000001.wav|"""If I had been wearing a handkerchief like yours on my head, rags on my back, and worn-out shoes on my feet, you would not have known me."""
/hpc_stor03/sjtu_home/chaolei.liu/data/tts/LibriTTS/train-clean-100/8747/293952/8747_293952_000140_000003.wav|Miss Berengaria turned to Beryl.
/hpc_stor03/sjtu_home/chaolei.liu/data/tts/LibriTTS/train-clean-100/6531/61334/6531_61334_000046_000002.wav|Jehoram, who had married Athaliah, a royal princess of Israel, was dead.
/hpc_stor03/sjtu_home/chaolei.liu/data/tts/LibriTTS/train-clean-100/6272/70191/6272_70191_000014_000000.wav|"""Keep it; but don't work on it any more."" And I put it away."
/hpc_stor03/sjtu_home/chaolei.liu/data/tts/LibriTTS/train-clean-100/87/121553/87_121553_000254_000000.wav|"Nor by division was vermilion made."""
/hpc_stor03/sjtu_home/chaolei.liu/data/tts/LibriTTS/train-clean-100/6415/116629/6415_116629_000017_000010.wav|Dietrich puts in more money every time.
/hpc_stor03/sjtu_home/chaolei.liu/data/tts/LibriTTS/train-clean-100/4640/19187/4640_19187_000035_000003.wav|They had no more doubt as to their success than as to their cause.
/hpc_stor03/sjtu_home/chaolei.liu/data/tts/LibriTTS/train-clean-100/3436/172162/3436_172162_000014_000007.wav|He followed the lady to her castle and ate voraciously of her supper, but was quite impenetrable to all her amorous advances.
/hpc_stor03/sjtu_home/chaolei.liu/data/tts/LibriTTS/train-clean-100/6064/56165/6064_56165_000072_000002.wav|But I do think he might have better friends.
/hpc_stor03/sjtu_home/chaolei.liu/data/tts/LibriTTS/train-clean-100/6563/285357/6563_285357_000009_000008.wav|"The Count was hailed by his august master as ""The greatest German of the twentieth century,"" and in this appreciation the populace wholeheartedly concurred."
/hpc_stor03/sjtu_home/chaolei.liu/data/tts/LibriTTS/train-clean-100/196/122150/196_122150_000006_000001.wav|Nothing offered just then, and, while waiting, he associated naturally with the men of his calling in the port.
/hpc_stor03/sjtu_home/chaolei.liu/data/tts/LibriTTS/train-clean-100/1594/135914/1594_135914_000005_000003.wav|What melancholy return have you received for your care and respect?
/hpc_stor03/sjtu_home/chaolei.liu/data/tts/LibriTTS/train-clean-100/5456/62014/5456_62014_000008_000000.wav|"""You chillen is wusser dan night owls,"" said the old woman."
/hpc_stor03/sjtu_home/chaolei.liu/data/tts/LibriTTS/train-clean-100/307/127535/307_127535_000042_000003.wav|And now, shipmates, this black spot?
/hpc_stor03/sjtu_home/chaolei.liu/data/tts/LibriTTS/train-clean-100/6081/41998/6081_41998_000027_000001.wav|"""In that case,"" said he, ""I have a letter for you, written by your comrade, who was obliged to go away. Here it is."""
/hpc_stor03/sjtu_home/chaolei.liu/data/tts/LibriTTS/train-clean-100/6000/55211/6000_55211_000029_000001.wav|"""I don't like to--with these,"" she explained, tapping the crutches at her side."
/hpc_stor03/sjtu_home/chaolei.liu/data/tts/LibriTTS/train-clean-100/8123/275209/8123_275209_000013_000000.wav|"""What a time the Lark has been gone!"" she cried, at last."
/hpc_stor03/sjtu_home/chaolei.liu/data/tts/LibriTTS/train-clean-100/5652/39938/5652_39938_000022_000002.wav|There is no one for whom there is not a chance for work in our social fabric.
/hpc_stor03/sjtu_home/chaolei.liu/data/tts/LibriTTS/train-clean-100/1034/121119/1034_121119_000014_000000.wav|"""Who am I? You know me well enough."""
/hpc_stor03/sjtu_home/chaolei.liu/data/tts/LibriTTS/train-clean-100/6385/34655/6385_34655_000012_000006.wav|Then a crossway, with rooms on every side.
/hpc_stor03/sjtu_home/chaolei.liu/data/tts/LibriTTS/train-clean-100/6019/3185/6019_3185_000026_000004.wav|Nor was any ridicule thus incurred; for the costliness of the entertainment was understood to be an expression of OFFICIAL pride, done in honor of the city, not as an effort of personal display.
/hpc_stor03/sjtu_home/chaolei.liu/data/tts/LibriTTS/train-clean-100/1235/135884/1235_135884_000009_000003.wav|I let the knife fall, and told my wife positively that I would have another calf to sacrifice, and not that.
/hpc_stor03/sjtu_home/chaolei.liu/data/tts/LibriTTS/train-clean-100/4680/16042/4680_16042_000020_000023.wav|Hence the necessity of tocsins and wars.
/hpc_stor03/sjtu_home/chaolei.liu/data/tts/LibriTTS/train-clean-100/250/142276/250_142276_000005_000002.wav|His face returned into its lines of habitual anxiety.
/hpc_stor03/sjtu_home/chaolei.liu/data/tts/LibriTTS/train-clean-100/7800/283478/7800_283478_000043_000001.wav|Will left them shying a few snowballs at a tin can Bluff had set on a fence-post.
/hpc_stor03/sjtu_home/chaolei.liu/data/tts/LibriTTS/train-clean-100/3214/167602/3214_167602_000005_000000.wav|But on glancing at Rostov's face Ilyin stopped short.
/hpc_stor03/sjtu_home/chaolei.liu/data/tts/LibriTTS/train-clean-100/7312/92432/7312_92432_000009_000000.wav|On the 29th of June, the bombardment from the French camp was very heavy, shells and grenades falling in every part of the city.
/hpc_stor03/sjtu_home/chaolei.liu/data/tts/LibriTTS/train-clean-100/4267/72637/4267_72637_000024_000002.wav|She sat on the end of a seat in the nave, and there was a capped and gowned crowd of university students in the transept.
/hpc_stor03/sjtu_home/chaolei.liu/data/tts/LibriTTS/train-clean-100/4051/11217/4051_11217_000020_000002.wav|"If you will trust to me, I can instruct you how to tame the fiery bulls, and sow the dragon's teeth, and get the Golden Fleece."""
/hpc_stor03/sjtu_home/chaolei.liu/data/tts/LibriTTS/train-clean-100/2817/142380/2817_142380_000006_000001.wav|"I have done everything now, however--everything that can be done to-night, at least. Let us all sit down."""
/hpc_stor03/sjtu_home/chaolei.liu/data/tts/LibriTTS/train-clean-100/7447/91186/7447_91186_000027_000001.wav|It was his chosen comrade.
/hpc_stor03/sjtu_home/chaolei.liu/data/tts/LibriTTS/train-clean-100/8226/274369/8226_274369_000031_000002.wav|Their trunks, chambers, and studies were sealed and locked.
/hpc_stor03/sjtu_home/chaolei.liu/data/tts/LibriTTS/train-clean-100/3664/11714/3664_11714_000030_000000.wav|"""The first,"" said Savonarola, ""is that you feel a complete faith in the power and the mercy of God."""
/hpc_stor03/sjtu_home/chaolei.liu/data/tts/LibriTTS/train-clean-100/3259/158083/3259_158083_000018_000000.wav|There were exceptionally dramatic figures in this group.
/hpc_stor03/sjtu_home/chaolei.liu/data/tts/LibriTTS/train-clean-100/460/172359/460_172359_000031_000002.wav|He knew what it was to eat flour-baked dampers under the lee side of a canoe propped among the underbrush, and to drink the last drop of whiskey within fifty miles.
/hpc_stor03/sjtu_home/chaolei.liu/data/tts/LibriTTS/train-clean-100/887/123289/887_123289_000034_000002.wav|It seemed to me impossible that the terrible wreck of the raft should not have destroyed everything on board.
/hpc_stor03/sjtu_home/chaolei.liu/data/tts/LibriTTS/train-clean-100/7517/100429/7517_100429_000004_000003.wav|"""A lot of rain in the night,"" says Brown."
/hpc_stor03/sjtu_home/chaolei.liu/data/tts/LibriTTS/train-clean-100/2384/152900/2384_152900_000014_000005.wav|I want the ski to be a part of oneself, so that one always has full command of them.
/hpc_stor03/sjtu_home/chaolei.liu/data/tts/LibriTTS/train-clean-100/4088/158077/4088_158077_000096_000000.wav|News had spread through the city that the pickets were to be arrested.
/hpc_stor03/sjtu_home/chaolei.liu/data/tts/LibriTTS/train-clean-100/481/123720/481_123720_000005_000003.wav|I had not been treated like that even at school, though they all hated me.
/hpc_stor03/sjtu_home/chaolei.liu/data/tts/LibriTTS/train-clean-100/4788/91208/4788_91208_000009_000001.wav|He demonstrated that the general type of reasoning is neither from generals to particulars, nor from particulars to generals, but from particulars to particulars.
/hpc_stor03/sjtu_home/chaolei.liu/data/tts/LibriTTS/train-clean-100/1970/26100/1970_26100_000019_000000.wav|"""Still, the fact that the tree is where it is, makes the theory plausible."""
/hpc_stor03/sjtu_home/chaolei.liu/data/tts/LibriTTS/train-clean-100/103/1241/103_1241_000027_000007.wav|Would you rather I didn't talk?
/hpc_stor03/sjtu_home/chaolei.liu/data/tts/LibriTTS/train-clean-100/8098/278252/8098_278252_000020_000000.wav|I was mad enough to unload my Winchester.
/hpc_stor03/sjtu_home/chaolei.liu/data/tts/LibriTTS/train-clean-100/8580/287363/8580_287363_000037_000000.wav|Finally, after several hours of work, the wireless was in shape to send and receive messages.
/hpc_stor03/sjtu_home/chaolei.liu/data/tts/LibriTTS/train-clean-100/5678/43302/5678_43302_000076_000006.wav|Not many speeches were made on the subject; it had been found inadvisable.
/hpc_stor03/sjtu_home/chaolei.liu/data/tts/LibriTTS/train-clean-100/8063/274112/8063_274112_000086_000000.wav|"""Very well, monsieur, I accept it; for I know that when you give your word of honor, it is sacred."""
/hpc_stor03/sjtu_home/chaolei.liu/data/tts/LibriTTS/train-clean-100/7859/102519/7859_102519_000006_000000.wav|While the emperor's financial expedients were making him hated by the moneyed classes, he was rendering himself no less unpopular in the army.
/hpc_stor03/sjtu_home/chaolei.liu/data/tts/LibriTTS/train-clean-100/3242/67153/3242_67153_000003_000003.wav|The first are all theory; the second are all practice.
/hpc_stor03/sjtu_home/chaolei.liu/data/tts/LibriTTS/train-clean-100/4898/28461/4898_28461_000015_000001.wav|About half an hour before sunset, when we were near a cluster of crumbling pinnacles that formed the summit, I had ceased to feel anxiety about the mountaineering strength and skill of my companion, and pushed rapidly on.
/hpc_stor03/sjtu_home/chaolei.liu/data/tts/LibriTTS/train-clean-100/6367/65536/6367_65536_000033_000005.wav|"You have lived here in the old valley all these years?"""
/hpc_stor03/sjtu_home/chaolei.liu/data/tts/LibriTTS/train-clean-100/2836/5355/2836_5355_000081_000001.wav|"""I should have said my late husband."
/hpc_stor03/sjtu_home/chaolei.liu/data/tts/LibriTTS/train-clean-100/403/128339/403_128339_000011_000001.wav|It was nothing that the decree bore date since his return to France.
/hpc_stor03/sjtu_home/chaolei.liu/data/tts/LibriTTS/train-clean-100/118/47824/118_47824_000058_000003.wav|Your presence in the private staircase was the last straw.
/hpc_stor03/sjtu_home/chaolei.liu/data/tts/LibriTTS/train-clean-100/7178/34645/7178_34645_000011_000003.wav|He who whispers to the emperor.
/hpc_stor03/sjtu_home/chaolei.liu/data/tts/LibriTTS/train-clean-100/6181/216552/6181_216552_000049_000004.wav|His old opinions cannot be taken for articles of faith.
/hpc_stor03/sjtu_home/chaolei.liu/data/tts/LibriTTS/train-clean-100/19/198/19_198_000007_000000.wav|THIS little work was finished in the year 1803, and intended for immediate publication.
/hpc_stor03/sjtu_home/chaolei.liu/data/tts/LibriTTS/train-clean-100/1355/39947/1355_39947_000012_000007.wav|For instance, I have steadily refused requests of students and others to use hypnotism for the purpose of overcoming merely bad habits, such as the habit of biting the nails.
/hpc_stor03/sjtu_home/chaolei.liu/data/tts/LibriTTS/train-clean-100/1898/145724/1898_145724_000024_000000.wav|But no sooner had they reached the grass than she vanished.
/hpc_stor03/sjtu_home/chaolei.liu/data/tts/LibriTTS/train-clean-100/2514/149482/2514_149482_000013_000004.wav|"""Oh it's precisely my point that Mr. Densher CAN'T have had vast opportunities."" And then she smiled at him."
/hpc_stor03/sjtu_home/chaolei.liu/data/tts/LibriTTS/train-clean-100/8238/274553/8238_274553_000011_000002.wav|He contrived to bear, however, among a particular set at the university, a reputation for deep metaphysical thinking, and, I believe, for some logical talent.
/hpc_stor03/sjtu_home/chaolei.liu/data/tts/LibriTTS/train-clean-100/6437/66172/6437_66172_000004_000001.wav|Each of the elect wore a copper cent (some occult association being established between a cent apiece and a centipedes suspended by a string round his neck).
/hpc_stor03/sjtu_home/chaolei.liu/data/tts/LibriTTS/train-clean-100/1334/135589/1334_135589_000080_000000.wav|"""Have you seen the intendant, Humphrey?"""
/hpc_stor03/sjtu_home/chaolei.liu/data/tts/LibriTTS/train-clean-100/4362/15663/4362_15663_000008_000002.wav|I frequently sank to my armpits between buried blocks of loose lava, but generally only to my knees.
/hpc_stor03/sjtu_home/chaolei.liu/data/tts/LibriTTS/train-clean-100/1926/147979/1926_147979_000029_000003.wav|I walked home with Antonia.
/hpc_stor03/sjtu_home/chaolei.liu/data/tts/LibriTTS/train-clean-100/3699/19401/3699_19401_000022_000000.wav|'Twas a Beguine, said my uncle Toby.
/hpc_stor03/sjtu_home/chaolei.liu/data/tts/LibriTTS/train-clean-100/6880/216547/6880_216547_000033_000001.wav|Literary hope and faith I have none. The nineteenth century is, in my eyes, a genesic era, in which new principles are elaborated, but in which nothing that is written shall endure.
/hpc_stor03/sjtu_home/chaolei.liu/data/tts/LibriTTS/train-clean-100/4340/15220/4340_15220_000058_000000.wav|"""Don't you bother; we don't want any girls tagging after us,"" said Sam, walking off to escape the annoyance."
/hpc_stor03/sjtu_home/chaolei.liu/data/tts/LibriTTS/train-clean-100/27/123349/27_123349_000006_000007.wav|Spies had been set about him.
/hpc_stor03/sjtu_home/chaolei.liu/data/tts/LibriTTS/train-clean-100/3879/174923/3879_174923_000033_000008.wav|In truth the burden of idleness has now fallen upon him so heavily that he cannot shake it off.
/hpc_stor03/sjtu_home/chaolei.liu/data/tts/LibriTTS/train-clean-100/6078/54013/6078_54013_000044_000003.wav|The servant, who had travelled so long and so far, could see it plainly from where he stood, and he did not need to be told that it was the fruit of happiness.
/hpc_stor03/sjtu_home/chaolei.liu/data/tts/LibriTTS/train-clean-100/3830/12529/3830_12529_000045_000003.wav|We had not stopped to study the Indian character.
/hpc_stor03/sjtu_home/chaolei.liu/data/tts/LibriTTS/train-clean-100/2436/2481/2436_2481_000064_000000.wav|"""I'm all right."" I told them what had happened."
/hpc_stor03/sjtu_home/chaolei.liu/data/tts/LibriTTS/train-clean-100/322/124146/322_124146_000029_000008.wav|Nobody can tell what I suffer!
/hpc_stor03/sjtu_home/chaolei.liu/data/tts/LibriTTS/train-clean-100/458/126290/458_126290_000004_000005.wav|She went straight to the church, stole to the pot of fat, began to lick at it, and licked the top of the fat off.
/hpc_stor03/sjtu_home/chaolei.liu/data/tts/LibriTTS/train-clean-100/8797/294123/8797_294123_000015_000003.wav|So far as the business man is concerned he has grasped far more clearly the Western code of business, the Western ethics of business, than has the Japanese.
/hpc_stor03/sjtu_home/chaolei.liu/data/tts/LibriTTS/train-clean-100/7505/83618/7505_83618_000005_000000.wav|"""From night to light, From night to heavenly light;"""
/hpc_stor03/sjtu_home/chaolei.liu/data/tts/LibriTTS/train-clean-100/2182/181173/2182_181173_000007_000001.wav|This plainly embarrassed his lordship a little, but he bore himself bravely.
/hpc_stor03/sjtu_home/chaolei.liu/data/tts/LibriTTS/train-clean-100/3440/171009/3440_171009_000142_000000.wav|"""Is it half-past nine already, papa?"" she asked."
/hpc_stor03/sjtu_home/chaolei.liu/data/tts/LibriTTS/train-clean-100/3486/166424/3486_166424_000029_000000.wav|"""Quick, Mart!"" I shouted up the shattered stairway."
/hpc_stor03/sjtu_home/chaolei.liu/data/tts/LibriTTS/train-clean-100/1069/133699/1069_133699_000018_000000.wav|And this was the only reward that Ralph got for his compliment.
/hpc_stor03/sjtu_home/chaolei.liu/data/tts/LibriTTS/train-clean-100/4441/76250/4441_76250_000023_000001.wav|"Do you think she meant it?"""
/hpc_stor03/sjtu_home/chaolei.liu/data/tts/LibriTTS/train-clean-100/1098/133695/1098_133695_000023_000001.wav|"""But I needn't ask that,"" he said, ""since you've been handling the oars."""
/hpc_stor03/sjtu_home/chaolei.liu/data/tts/LibriTTS/train-clean-100/4137/11701/4137_11701_000005_000000.wav|"""I feel I don't want to hurt anybody to-day."""
/hpc_stor03/sjtu_home/chaolei.liu/data/tts/LibriTTS/train-clean-100/8051/118101/8051_118101_000009_000002.wav|"Chaskey is about twenty-four years of age, quite black, medium size, sound body and intelligent appearance, nevertheless he resembled a ""farm hand"" in every particular."
/hpc_stor03/sjtu_home/chaolei.liu/data/tts/LibriTTS/train-clean-100/233/155990/233_155990_000030_000002.wav|At any rate nothing useful can be done unless with the clear recognition that we object to putting peace second to righteousness.
/hpc_stor03/sjtu_home/chaolei.liu/data/tts/LibriTTS/train-clean-100/78/369/78_369_000066_000000.wav|"""After the murder of Clerval I returned to Switzerland, heart-broken and overcome."
/hpc_stor03/sjtu_home/chaolei.liu/data/tts/LibriTTS/train-clean-100/3374/298032/3374_298032_000008_000002.wav|I hated everything earthly and was glad to see it all punished and destroyed.
/hpc_stor03/sjtu_home/chaolei.liu/data/tts/LibriTTS/train-clean-100/6147/34605/6147_34605_000006_000001.wav|She was very tall--too tall.
/hpc_stor03/sjtu_home/chaolei.liu/data/tts/LibriTTS/train-clean-100/1040/133433/1040_133433_000061_000000.wav|"When she expressed a doubtful hope that Tinker Bell would be glad to see her he said, ""Who is Tinker Bell?"""
/hpc_stor03/sjtu_home/chaolei.liu/data/tts/LibriTTS/train-clean-100/1624/168623/1624_168623_000003_000004.wav|Her big face, dotted with red blotches, presented the appearance of a skimmer.
/hpc_stor03/sjtu_home/chaolei.liu/data/tts/LibriTTS/train-clean-100/426/122822/426_122822_000042_000004.wav|I can't forget the expression in Paul Irving's eyes . . . he looked so surprised and disappointed.
/hpc_stor03/sjtu_home/chaolei.liu/data/tts/LibriTTS/train-clean-100/1246/124550/1246_124550_000030_000001.wav|Not individuals but institutions are the enemies, and they most afflict the disciples who the most generously serve them.
/hpc_stor03/sjtu_home/chaolei.liu/data/tts/LibriTTS/train-clean-100/7226/86965/7226_86965_000005_000000.wav|"""Were you wounded, sir?"" asked W----, sympathetically."
/hpc_stor03/sjtu_home/chaolei.liu/data/tts/LibriTTS/train-clean-100/8324/286683/8324_286683_000005_000004.wav|The Wild Ducks who nested in the sedges, were quite willing that the young Muskrats should play with their children, and the Mud Hens were not afraid of them.
/hpc_stor03/sjtu_home/chaolei.liu/data/tts/LibriTTS/train-clean-100/2893/139310/2893_139310_000030_000005.wav|But why these things should be so he could not understand.
/hpc_stor03/sjtu_home/chaolei.liu/data/tts/LibriTTS/train-clean-100/5514/19192/5514_19192_000014_000001.wav|He was killed by the cannon, that is to say, by order.
/hpc_stor03/sjtu_home/chaolei.liu/data/tts/LibriTTS/train-clean-100/1578/6379/1578_6379_000031_000000.wav|"""Where on earth did you get it, Patty?"""
/hpc_stor03/sjtu_home/chaolei.liu/data/tts/LibriTTS/train-clean-100/4214/7146/4214_7146_000053_000002.wav|I suppose she thinks you've done it for a silly joke or something of that sort.
/hpc_stor03/sjtu_home/chaolei.liu/data/tts/LibriTTS/train-clean-100/1992/141719/1992_141719_000016_000007.wav|He grew quite out of Patience at last, and cut his Way thro' the insulting Mob, with his Rival's Sabre; but he did not know what Measures to pursue, or how to rectify so gross a Mistake.
/hpc_stor03/sjtu_home/chaolei.liu/data/tts/LibriTTS/train-clean-100/3982/182255/3982_182255_000049_000000.wav|"""It's a splendid movement!"" said Mr. Fyshe (he was a leading shareholder and director of the Citizens' Light), ""what a splendid thing to think that we shan't have to deal for our new franchise with a set of corrupt rapscallions like these present aldermen."
/hpc_stor03/sjtu_home/chaolei.liu/data/tts/LibriTTS/train-clean-100/2007/132570/2007_132570_000010_000000.wav|'What, were they disputing, then?' said Emily.
/hpc_stor03/sjtu_home/chaolei.liu/data/tts/LibriTTS/train-clean-100/8975/270782/8975_270782_000016_000000.wav|It is not to be wondered at that in the case of a large number of people the dream discloses the wish for the removal of the parents, especially the parent of the same sex.
/hpc_stor03/sjtu_home/chaolei.liu/data/tts/LibriTTS/train-clean-100/4830/25904/4830_25904_000015_000003.wav|I'm very sure he winked at me, as if enjoying the joke, and kept poking his trunk into my pocket, hoping to find something eatable.
/hpc_stor03/sjtu_home/chaolei.liu/data/tts/LibriTTS/train-clean-100/2952/408/2952_408_000021_000003.wav|"When he had done so, the hermit humbly bowed down before him, exclaiming:--""Ah!"
/hpc_stor03/sjtu_home/chaolei.liu/data/tts/LibriTTS/train-clean-100/6454/107462/6454_107462_000011_000000.wav|"""Who told you, Mr. Deasey, sir?"" Or ""Where did you get the letter?"""
/hpc_stor03/sjtu_home/chaolei.liu/data/tts/LibriTTS/train-clean-100/4813/248638/4813_248638_000010_000007.wav|Here is the old, old garden, and although the ephemeral blossoms of the present springtime shine brightly forth, the box, full twenty feet high, speaks of another epoch.
/hpc_stor03/sjtu_home/chaolei.liu/data/tts/LibriTTS/train-clean-100/2002/139469/2002_139469_000014_000002.wav|When foreign distresses came to be felt by us through the channels of commerce, we set ourselves to apply remedies.
/hpc_stor03/sjtu_home/chaolei.liu/data/tts/LibriTTS/train-clean-100/8465/246947/8465_246947_000017_000003.wav|Leopold did not move. Terror laid hold of her heart.
/hpc_stor03/sjtu_home/chaolei.liu/data/tts/LibriTTS/train-clean-100/2092/145706/2092_145706_000042_000001.wav|The day passed slowly, and with the evening came the little mouse and said, 'Now there is not a single stalk of corn left in any field; they are all collected in one big heap on the hill out there.'
/hpc_stor03/sjtu_home/chaolei.liu/data/tts/LibriTTS/train-clean-100/1963/142393/1963_142393_000009_000001.wav|Adam could never cease to mourn over that mystery of human sorrow which had been brought so close to him; he could never thank God for another's misery.
/hpc_stor03/sjtu_home/chaolei.liu/data/tts/LibriTTS/train-clean-100/8468/286673/8468_286673_000004_000001.wav|Then the Slow Little Turtle came hurrying over the sand with a rather cross look in his eyes and putting his feet down a little harder than he needed to--quite as though he were out of patience about something.
/hpc_stor03/sjtu_home/chaolei.liu/data/tts/LibriTTS/train-clean-100/1737/146161/1737_146161_000000_000002.wav|Cast on 3 stitches; increase at the beginning of each row till you have 12.
/hpc_stor03/sjtu_home/chaolei.liu/data/tts/LibriTTS/train-clean-100/1455/134435/1455_134435_000020_000007.wav|"""Make a sign to me, God,"" he cried."
/hpc_stor03/sjtu_home/chaolei.liu/data/tts/LibriTTS/train-clean-100/911/128684/911_128684_000022_000003.wav|The 'interesting' aspects of things are thus not wholly inert physically, though they be active only in these small corners of physical nature which our bodies occupy.
/hpc_stor03/sjtu_home/chaolei.liu/data/tts/LibriTTS/train-clean-100/3857/182315/3857_182315_000037_000000.wav|Even if such a race had somehow achieved self-consciousness and reason, would they have been able therewith to rule their instincts, or to stop work long enough to examine themselves, or the universe, or to dream of any noble development?
/hpc_stor03/sjtu_home/chaolei.liu/data/tts/LibriTTS/train-clean-100/1116/132851/1116_132851_000008_000000.wav|The young man glanced up in surprise, and asked who was there.
/hpc_stor03/sjtu_home/chaolei.liu/data/tts/LibriTTS/train-clean-100/8838/298545/8838_298545_000008_000000.wav|"""The fees, Dr. Oldacre, would amount to about sixty pounds."""
/hpc_stor03/sjtu_home/chaolei.liu/data/tts/LibriTTS/train-clean-100/4397/15678/4397_15678_000006_000009.wav|It is now near to all the world and is in possession of a share of the best of all that civilization has to offer, while on some of the lines of advancement it is at the front.
/hpc_stor03/sjtu_home/chaolei.liu/data/tts/LibriTTS/train-clean-100/730/359/730_359_000006_000003.wav|If such lovely creatures were miserable, it was less strange that I, an imperfect and solitary being, should be wretched.
/hpc_stor03/sjtu_home/chaolei.liu/data/tts/LibriTTS/train-clean-100/3168/173565/3168_173565_000019_000003.wav|He remembered that he had now a new source of happiness and that this happiness had something to do with the Gospels.
/hpc_stor03/sjtu_home/chaolei.liu/data/tts/LibriTTS/train-clean-100/2910/131096/2910_131096_000018_000000.wav|So, calling Zephyr, she acquainted him with her husband's commands, and he, promptly obedient, soon brought them across the mountain down to their sister's valley.
/hpc_stor03/sjtu_home/chaolei.liu/data/tts/LibriTTS/train-clean-100/298/126791/298_126791_000043_000000.wav|The meeting between the brother and sister was warm, but, by an effort on the part of the lady, more composed than her previous agitation had given reason to expect.
/hpc_stor03/sjtu_home/chaolei.liu/data/tts/LibriTTS/train-clean-100/2911/7601/2911_7601_000017_000004.wav|I took my visitors all over the house.
/hpc_stor03/sjtu_home/chaolei.liu/data/tts/LibriTTS/train-clean-100/7780/274562/7780_274562_000005_000008.wav|Men knew not what to imagine.
/hpc_stor03/sjtu_home/chaolei.liu/data/tts/LibriTTS/train-clean-100/1867/154075/1867_154075_000055_000002.wav|"You came for that?"" Suddenly he laughed heartily, but there was a tremor of emotion in that laughter."
/hpc_stor03/sjtu_home/chaolei.liu/data/tts/LibriTTS/train-clean-100/839/130898/839_130898_000040_000002.wav|Then we returned to the locality where the 1863 accident had taken place.
/hpc_stor03/sjtu_home/chaolei.liu/data/tts/LibriTTS/train-clean-100/5390/24512/5390_24512_000049_000001.wav|Every sheet of parchment must contain an equal number of lines, and the breadth of each column had to be thirty letters wide.
/hpc_stor03/sjtu_home/chaolei.liu/data/tts/LibriTTS/train-clean-100/3526/176653/3526_176653_000048_000001.wav|The fisherman looked around and was almost startled by the fierce gaze of his questioner.
/hpc_stor03/sjtu_home/chaolei.liu/data/tts/LibriTTS/train-clean-100/4014/186183/4014_186183_000049_000001.wav|Well, the officer being a pretty good pilot, we decided to have that machine.
/hpc_stor03/sjtu_home/chaolei.liu/data/tts/LibriTTS/train-clean-100/2691/156755/2691_156755_000015_000000.wav|To impress us more fully with the importance of that event, grandma had Georgia and me stand up on our cellar floor and learn to make that deferential bow, she by turns, taking the parts of the Frau Wirthin, the Emperor, and the Empress.
/hpc_stor03/sjtu_home/chaolei.liu/data/tts/LibriTTS/train-clean-100/7511/102420/7511_102420_000011_000001.wav|To our right rose mile after mile of red cliffs. As the last of the quaking asp leaves have fallen, there were no golden groves.
/hpc_stor03/sjtu_home/chaolei.liu/data/tts/LibriTTS/train-clean-100/5750/100289/5750_100289_000014_000000.wav|Some of us have entered upon every known professional career, such as medicine, law, the ministry, education and the sciences, politics and higher business management, art and literature.
/hpc_stor03/sjtu_home/chaolei.liu/data/tts/LibriTTS/train-clean-100/5163/39921/5163_39921_000016_000001.wav|And Mrs. Charley knows it too, although she can't prove it--more's the pity!
/hpc_stor03/sjtu_home/chaolei.liu/data/tts/LibriTTS/train-clean-100/4481/17498/4481_17498_000008_000000.wav|"The author is pleased to be able to present a sequel to ""Aunt Jane's Nieces,"" the book which was received with so much favor last year."
/hpc_stor03/sjtu_home/chaolei.liu/data/tts/LibriTTS/train-clean-100/8629/261139/8629_261139_000037_000002.wav|If you want my money, take it; if you want my life, I will give it to you with my own hand.
/hpc_stor03/sjtu_home/chaolei.liu/data/tts/LibriTTS/train-clean-100/6529/62556/6529_62556_000019_000000.wav|Herbert was deadly pale, and his pulse so feeble that Spilett only felt it beat at long intervals, as if it was on the point of stopping.
/hpc_stor03/sjtu_home/chaolei.liu/data/tts/LibriTTS/train-clean-100/5104/33406/5104_33406_000042_000001.wav|Word of what Eric meant to do got out, and men laughed and said:
/hpc_stor03/sjtu_home/chaolei.liu/data/tts/LibriTTS/train-clean-100/198/209/198_209_000011_000003.wav|"She was very much vexed, and meant to make her apology as soon as possible."""
/hpc_stor03/sjtu_home/chaolei.liu/data/tts/LibriTTS/train-clean-100/3112/9555/3112_9555_000017_000011.wav|And a worse thing came than the stoppage of the supplies from the shopkeepers. Every boy had a shilling a week pocket-money, which we called battels, and which was advanced to us out of the pocket of the second master.
/hpc_stor03/sjtu_home/chaolei.liu/data/tts/LibriTTS/train-clean-100/8770/295465/8770_295465_000030_000001.wav|Some of the people gasped, as they had done when they saw Tad waving the Confederate flag at the window.
/hpc_stor03/sjtu_home/chaolei.liu/data/tts/LibriTTS/train-clean-100/4195/186237/4195_186237_000016_000001.wav|"""Did you get nothing out of Jane Merrick's estate?"""
/hpc_stor03/sjtu_home/chaolei.liu/data/tts/LibriTTS/train-clean-100/2289/152257/2289_152257_000015_000000.wav|About ten miles from Carthage he met a large army led by the brother of Gelimer.
/hpc_stor03/sjtu_home/chaolei.liu/data/tts/LibriTTS/train-clean-100/1363/139304/1363_139304_000019_000001.wav|Beyond and remote were vast and vague architectural forms.
/hpc_stor03/sjtu_home/chaolei.liu/data/tts/LibriTTS/train-clean-100/7190/90543/7190_90543_000012_000000.wav|This was the story I told to Professor Quarles and his granddaughter. I went to him at once, feeling that the case was just one of those in which his theoretical method was likely to be useful.
/hpc_stor03/sjtu_home/chaolei.liu/data/tts/LibriTTS/train-clean-100/5393/19219/5393_19219_000047_000066.wav|This craft was discovered in the days of the terrestrial paradise.
/hpc_stor03/sjtu_home/chaolei.liu/data/tts/LibriTTS/train-clean-100/1088/134315/1088_134315_000009_000000.wav|Kara folded the letter and inserted it in its envelope.
/hpc_stor03/sjtu_home/chaolei.liu/data/tts/LibriTTS/train-clean-100/150/126112/150_126112_000029_000000.wav|"""Well?"" said she, without looking round."
/hpc_stor03/sjtu_home/chaolei.liu/data/tts/LibriTTS/train-clean-100/8108/274318/8108_274318_000011_000000.wav|And John Silence, the soul with the good, unselfish motive, held his own against the dark discarnate woman whose motive was pure evil, and whose soul was on the side of the Dark Powers.
/hpc_stor03/sjtu_home/chaolei.liu/data/tts/LibriTTS/train-clean-100/6836/61804/6836_61804_000006_000000.wav|Do not reproach the young Creole, because this passion was paramount in her soul.
/hpc_stor03/sjtu_home/chaolei.liu/data/tts/LibriTTS/train-clean-100/5703/47198/5703_47198_000058_000000.wav|"""I have been abroad during a considerable period,"" replied the person she addressed, a stern-looking Scotchwoman who did not appear anxious to enter into conversation."
/hpc_stor03/sjtu_home/chaolei.liu/data/tts/LibriTTS/train-clean-100/5022/29411/5022_29411_000029_000001.wav|"""I've got burdens on my mind,"" he explained, ""or I should have thought of it too."" Having done justice to his own abilities, he bustled out."
/hpc_stor03/sjtu_home/chaolei.liu/data/tts/LibriTTS/train-clean-100/332/128985/332_128985_000012_000000.wav|When the pirate captain and his companions were brought before the Governor, he made no pretence of putting them to trial.
/hpc_stor03/sjtu_home/chaolei.liu/data/tts/LibriTTS/train-clean-100/587/54108/587_54108_000077_000000.wav|"""I do not care to be Absalomed; where were your eyes, Ruth?"" she complained, as Kemp pushed out with a happy, apologetic laugh."
/hpc_stor03/sjtu_home/chaolei.liu/data/tts/LibriTTS/train-clean-100/8095/274345/8095_274345_000028_000000.wav|However the ill humor of the commons might have been increased by these considerations, we are not to suppose them the sole motives.
/hpc_stor03/sjtu_home/chaolei.liu/data/tts/LibriTTS/train-clean-100/8014/112602/8014_112602_000001_000001.wav|An entry in Cormac's Glossary plainly indicates that the blush of the cheeks was sometimes heightened by a colouring matter obtained from the alder tree: and the sprigs and berries of the elder were applied to the same purpose.
/hpc_stor03/sjtu_home/chaolei.liu/data/tts/LibriTTS/train-clean-100/200/124140/200_124140_000026_000001.wav|His sister was less delicate, and directed her eyes towards Mr. Darcy with a very expressive smile.
/hpc_stor03/sjtu_home/chaolei.liu/data/tts/LibriTTS/train-clean-100/8609/262281/8609_262281_000038_000001.wav|"She said something about it."""
/hpc_stor03/sjtu_home/chaolei.liu/data/tts/LibriTTS/train-clean-100/7794/295955/7794_295955_000004_000007.wav|When they were in the neighbourhood of the water-mill, the prince halted his attendants, went inside, cut up the three wands, and struck the root with them, and the iron door opened at once.
/hpc_stor03/sjtu_home/chaolei.liu/data/tts/LibriTTS/train-clean-100/1183/124566/1183_124566_000031_000001.wav|The Duke of She asked, What is kingcraft?
/hpc_stor03/sjtu_home/chaolei.liu/data/tts/LibriTTS/train-clean-100/1263/139804/1263_139804_000027_000001.wav|They are much purer in morals, more refined in manner, more harmonious in government, and unusually bright in mathematics.
/hpc_stor03/sjtu_home/chaolei.liu/data/tts/LibriTTS/train-clean-100/4297/13006/4297_13006_000065_000004.wav|He had the power, he knew, of putting an end to the thing altogether.
/hpc_stor03/sjtu_home/chaolei.liu/data/tts/LibriTTS/train-clean-100/2196/170379/2196_170379_000008_000000.wav|Probably the most widely held theory is that hypnosis is a transference phenomenon in which the prestige of the hypnotist and his relationship to the subject plays an important role.
/hpc_stor03/sjtu_home/chaolei.liu/data/tts/LibriTTS/train-clean-100/3607/29116/3607_29116_000054_000000.wav|"""Yes, and Balloon has had a good deal of public experience."
/hpc_stor03/sjtu_home/chaolei.liu/data/tts/LibriTTS/train-clean-100/8312/279790/8312_279790_000026_000001.wav|"""It was to me you gave this ring; to me you spoke at the window."""
/hpc_stor03/sjtu_home/chaolei.liu/data/tts/LibriTTS/train-clean-100/125/121342/125_121342_000056_000003.wav|"He knew that he could sophisticate himself finally into saying that his own weakness was just the result of circumstances and environment; that often when he raged at himself as an egotist something would whisper ingratiatingly: ""No."
/hpc_stor03/sjtu_home/chaolei.liu/data/tts/LibriTTS/train-clean-100/6818/76332/6818_76332_000033_000000.wav|"""Then you must have known young Mr. Fairfax very well,"" suggested Joyce. ""That's he, on the right in the picture."" The stranger eyed her curiously."
/hpc_stor03/sjtu_home/chaolei.liu/data/tts/LibriTTS/train-clean-100/2989/138035/2989_138035_000036_000000.wav|Sancho observed all, contemplated all, and everything won his heart.
/hpc_stor03/sjtu_home/chaolei.liu/data/tts/LibriTTS/train-clean-100/1553/140048/1553_140048_000016_000000.wav|This was great good fortune, to find a customer who knew all the virtues of the article in advance.
/hpc_stor03/sjtu_home/chaolei.liu/data/tts/LibriTTS/train-clean-100/1447/17506/1447_17506_000025_000000.wav|"""Oh. Perhaps you know little about the nobility of your country."""
/hpc_stor03/sjtu_home/chaolei.liu/data/tts/LibriTTS/train-clean-100/7367/86737/7367_86737_000112_000000.wav|"""So,"" continued Franz, ""the hero of this history is only two and twenty?"""
/hpc_stor03/sjtu_home/chaolei.liu/data/tts/LibriTTS/train-clean-100/5463/39174/5463_39174_000012_000000.wav|"""Greek Delectus and the irregular verbs!"" And Lucy put up her hands with astonishment."
/hpc_stor03/sjtu_home/chaolei.liu/data/tts/LibriTTS/train-clean-100/6476/96661/6476_96661_000011_000002.wav|Under a great stone the king had hidden it before Theseus was born.
/hpc_stor03/sjtu_home/chaolei.liu/data/tts/LibriTTS/train-clean-100/254/27760/254_27760_000009_000000.wav|The old man goes into indescribable ecstasies, breaks into loud laughter, and cries:
/hpc_stor03/sjtu_home/chaolei.liu/data/tts/LibriTTS/train-clean-100/2518/154825/2518_154825_000015_000002.wav|And Maskew, too, will keep them in check a little, while they try to bring the life back to so good a man.
/hpc_stor03/sjtu_home/chaolei.liu/data/tts/LibriTTS/train-clean-100/5789/57158/5789_57158_000041_000000.wav|Then he paused a moment.
/hpc_stor03/sjtu_home/chaolei.liu/data/tts/LibriTTS/train-clean-100/4406/16883/4406_16883_000014_000013.wav|I went to one wigwam, and they told me they had no room.
/hpc_stor03/sjtu_home/chaolei.liu/data/tts/LibriTTS/train-clean-100/32/21631/32_21631_000032_000001.wav|"Jimmy Rabbit almost cut off Frisky Squirrel's tail."""
/hpc_stor03/sjtu_home/chaolei.liu/data/tts/LibriTTS/train-clean-100/4859/26870/4859_26870_000014_000001.wav|But he did forget himself once or twice within a twelvemonth, and then he would go and confess to his wife, and would again promise that this should really be the very last time.
/hpc_stor03/sjtu_home/chaolei.liu/data/tts/LibriTTS/train-clean-100/1743/142913/1743_142913_000032_000002.wav|"One is all I can take care of."""
/hpc_stor03/sjtu_home/chaolei.liu/data/tts/LibriTTS/train-clean-100/446/123501/446_123501_000019_000003.wav|The highest type of man and one other animal, the only mammal existing on Mars, alone have well-formed nails, and there are absolutely no hoofed animals in existence there.
/hpc_stor03/sjtu_home/chaolei.liu/data/tts/LibriTTS/train-clean-100/831/130739/831_130739_000027_000001.wav|"""I'm going for a Cycling Tour."
/hpc_stor03/sjtu_home/chaolei.liu/data/tts/LibriTTS/train-clean-100/909/131041/909_131041_000016_000000.wav|The process of election affords a moral certainty, that the office of President will never fall to the lot of any man who is not in an eminent degree endowed with the requisite qualifications.
/hpc_stor03/sjtu_home/chaolei.liu/data/tts/LibriTTS/train-clean-100/4853/29413/4853_29413_000026_000003.wav|The one way of putting a stop to murdering mischief (if murdering mischief it might be) was to trust Miss Cristel.
/hpc_stor03/sjtu_home/chaolei.liu/data/tts/LibriTTS/train-clean-100/26/496/26_496_000023_000001.wav|So I left them; and this appearance passed for as real as the blazing star itself.
/hpc_stor03/sjtu_home/chaolei.liu/data/tts/LibriTTS/train-clean-100/6209/34601/6209_34601_000034_000000.wav|"""You are told to come in, you young rascal."""
/hpc_stor03/sjtu_home/chaolei.liu/data/tts/LibriTTS/train-clean-100/302/123516/302_123516_000005_000000.wav|I was lying among a pile of sleeping silks and furs in the corner of a small room in which were several green warriors, and bending over me was an ancient and ugly female.
/hpc_stor03/sjtu_home/chaolei.liu/data/tts/LibriTTS/train-clean-100/669/129061/669_129061_000010_000004.wav|Even the hundred pounds that Jane took you last night were promised to my lawyer to-morrow morning, and the want of it will put me to great inconvenience.
/hpc_stor03/sjtu_home/chaolei.liu/data/tts/LibriTTS/train-clean-100/5867/48852/5867_48852_000022_000001.wav|"Your uncle and Bell came yesterday afternoon."""
/hpc_stor03/sjtu_home/chaolei.liu/data/tts/LibriTTS/train-clean-100/7278/104730/7278_104730_000003_000002.wav|At the next session of Congress they concluded to try to stop it, and their ingenious scheme was to make Congress shot-proof, so to speak, against such missiles.
/hpc_stor03/sjtu_home/chaolei.liu/data/tts/LibriTTS/train-clean-100/211/122425/211_122425_000173_000003.wav|In particular, there is one yonder of a Gascon look.
/hpc_stor03/sjtu_home/chaolei.liu/data/tts/LibriTTS/train-clean-100/229/130880/229_130880_000003_000000.wav|I went looking in the library for a book about this island, one of the most fertile in the world.
/hpc_stor03/sjtu_home/chaolei.liu/data/tts/LibriTTS/train-clean-100/5561/41615/5561_41615_000002_000002.wav|The majority, however, appeared to be highly delighted over what they heard, one group standing near one of the windows, of which Eleanor was the center, laughed so loudly that they were sent to their seats.
/hpc_stor03/sjtu_home/chaolei.liu/data/tts/LibriTTS/train-clean-100/7059/77900/7059_77900_000020_000001.wav|It was not imposingly large, but, as Mrs. Wilmington caused Annie to observe, it was as big as the hat shops and as ugly as the shoe shops.
/hpc_stor03/sjtu_home/chaolei.liu/data/tts/LibriTTS/train-clean-100/226/122538/226_122538_000032_000008.wav|"Did you ever see anything to equal it, as you steam away in the sunset?"""
/hpc_stor03/sjtu_home/chaolei.liu/data/tts/LibriTTS/train-clean-100/89/218/89_218_000013_000006.wav|Her heart fluttered, her knees trembled, and her cheeks grew pale.
/hpc_stor03/sjtu_home/chaolei.liu/data/tts/LibriTTS/train-clean-100/3983/5331/3983_5331_000071_000003.wav|"I have invited a party for to-night."""
/hpc_stor03/sjtu_home/chaolei.liu/data/tts/LibriTTS/train-clean-100/2416/152139/2416_152139_000012_000001.wav|"""The servants are in bed, of course,"" he explained, as he led the way toward the lighted room."
/hpc_stor03/sjtu_home/chaolei.liu/data/tts/LibriTTS/train-clean-100/8419/286676/8419_286676_000010_000000.wav|The Clever Water-Adder spoke first of the weather.
/hpc_stor03/sjtu_home/chaolei.liu/data/tts/LibriTTS/train-clean-100/5322/7679/5322_7679_000009_000002.wav|Good health to your honour,' as is customary in the Russian Army, and only a few replied with a bow.
/hpc_stor03/sjtu_home/chaolei.liu/data/tts/LibriTTS/train-clean-100/7635/105661/7635_105661_000009_000003.wav|The supreme head of the church was a foreign potentate, guided by interests always different from those of the community, sometimes contrary to them.
/hpc_stor03/sjtu_home/chaolei.liu/data/tts/LibriTTS/train-clean-100/7302/86814/7302_86814_000010_000000.wav|"""I am no comrade of these people,"" said the young man, proudly, ""you have no right to insult me thus."""
/hpc_stor03/sjtu_home/chaolei.liu/data/tts/LibriTTS/train-clean-100/4160/11550/4160_11550_000043_000001.wav|She was beginning to feel more strangely concerning Mr. Denis Oglethorpe, and it was Priscilla Gower who had stirred her heart.
/hpc_stor03/sjtu_home/chaolei.liu/data/tts/LibriTTS/train-clean-100/8088/284756/8088_284756_000135_000001.wav|Something she had drawn from her girdle shone palely in her hand.
/hpc_stor03/sjtu_home/chaolei.liu/data/tts/LibriTTS/train-clean-100/4018/103416/4018_103416_000040_000001.wav|Then, leaning rather heavily on him for support, she got to her feet.
/hpc_stor03/sjtu_home/chaolei.liu/data/tts/LibriTTS/train-clean-100/1502/122619/1502_122619_000043_000003.wav|Their distant villages, their hunting-grounds and hundreds of their women and children, together with a material part of their physical force, were actually within the limits of the French territory.
/hpc_stor03/sjtu_home/chaolei.liu/data/tts/LibriTTS/train-clean-100/7113/86041/7113_86041_000011_000002.wav|Take this little many-coloured wand, and with a touch give to each root the form you desire to see.'
/hpc_stor03/sjtu_home/chaolei.liu/data/tts/LibriTTS/train-clean-100/405/130895/405_130895_000041_000002.wav|By then we had fared 16,000 leagues since coming on board in the seas of Japan.
/hpc_stor03/sjtu_home/chaolei.liu/data/tts/LibriTTS/train-clean-100/7402/59171/7402_59171_000022_000004.wav|That contribution has been brilliant, challenging, and humane, and not more wayward than the contribution of the partisan and the sentimentalist.
/hpc_stor03/sjtu_home/chaolei.liu/data/tts/LibriTTS/train-clean-100/696/92939/696_92939_000007_000000.wav|In 1906 Edith Cavell left the English hospitals, where she had made a reputation for herself, and went back to Brussels, where she took a position as matron in a Medical and Surgical Home.
/hpc_stor03/sjtu_home/chaolei.liu/data/tts/LibriTTS/train-clean-100/7264/92310/7264_92310_000004_000004.wav|He would prefer to retain his income, persuade his readers to buy poison, and remain free (personally) from touching the stuff he recommended for pay.
/hpc_stor03/sjtu_home/chaolei.liu/data/tts/LibriTTS/train-clean-100/39/121915/39_121915_000005_000000.wav|A complete change of life became desirable.
/hpc_stor03/sjtu_home/chaolei.liu/data/tts/LibriTTS/train-clean-100/7078/271888/7078_271888_000044_000001.wav|"""At least I am honest."
/hpc_stor03/sjtu_home/chaolei.liu/data/tts/LibriTTS/train-clean-100/40/222/40_222_000012_000003.wav|Henry and Eleanor were by themselves in the breakfast-room; and each, as she entered it, looked at her anxiously.
/hpc_stor03/sjtu_home/chaolei.liu/data/tts/LibriTTS/train-clean-100/7067/76047/7067_76047_000048_000007.wav|And there is something more to be said.
/hpc_stor03/sjtu_home/chaolei.liu/data/tts/LibriTTS/train-clean-100/1841/150351/1841_150351_000023_000002.wav|They are very solidly constructed, for these Indians do not move about as much as those farther south where the forests are less dense.
/hpc_stor03/sjtu_home/chaolei.liu/data/tts/LibriTTS/train-clean-100/5339/14134/5339_14134_000025_000000.wav|'It's none o' my doing,' said Philip; 'there's business to be done, and John Foster says I'm to do it; and I'm to start to-morrow.'
/hpc_stor03/sjtu_home/chaolei.liu/data/tts/LibriTTS/train-clean-100/3240/131231/3240_131231_000088_000000.wav|They fell in a hailstorm.
/hpc_stor03/sjtu_home/chaolei.liu/data/tts/LibriTTS/train-clean-100/2136/5140/2136_5140_000029_000001.wav|He smiled sadly and said--
/hpc_stor03/sjtu_home/chaolei.liu/data/tts/LibriTTS/train-clean-100/2391/145015/2391_145015_000018_000002.wav|The picture was drawn from the intuitive perceptions of genius, not from personal experience.
/hpc_stor03/sjtu_home/chaolei.liu/data/tts/LibriTTS/train-clean-100/8630/305213/8630_305213_000019_000003.wav|To impose on Christians they used Christian words for doctrines that were thoroughly unchristian.
/hpc_stor03/sjtu_home/chaolei.liu/data/tts/LibriTTS/train-clean-100/5808/54425/5808_54425_000035_000000.wav|Skaggs smoked in silence and looked at Joe.
/hpc_stor03/sjtu_home/chaolei.liu/data/tts/LibriTTS/train-clean-100/2843/152918/2843_152918_000009_000000.wav|November 27 did not bring us the desired weather; the night was filled with sharp gusts from the north; the morning came with a slack wind, but accompanied by mist and snowfall.
/hpc_stor03/sjtu_home/chaolei.liu/data/tts/LibriTTS/train-clean-100/8747/293952/8747_293952_000008_000002.wav|"Was she very much attached to Mr. Gore?"""
/hpc_stor03/sjtu_home/chaolei.liu/data/tts/LibriTTS/train-clean-100/6531/61334/6531_61334_000045_000001.wav|But the western allies soon gathered strength again, and in 846 B.C. he found it necessary to return with a great army, but was not successful in achieving any permanent success, although he put his enemies to flight.
/hpc_stor03/sjtu_home/chaolei.liu/data/tts/LibriTTS/train-clean-100/6272/70191/6272_70191_000024_000007.wav|I gave her the flacon of salts, which revived her; but I felt as father looked--stern, and anxious to escape the unprofitable trial.
/hpc_stor03/sjtu_home/chaolei.liu/data/tts/LibriTTS/train-clean-100/87/121553/87_121553_000166_000000.wav|And when the bow of burning sympathy Was so far slackened, that its speech descended Towards the mark of our intelligence,
/hpc_stor03/sjtu_home/chaolei.liu/data/tts/LibriTTS/train-clean-100/6415/100596/6415_100596_000067_000000.wav|DEAR MISS POND: As I have been obliged to leave college on account of my health, I inclose my resignation to the German Club.
/hpc_stor03/sjtu_home/chaolei.liu/data/tts/LibriTTS/train-clean-100/4640/19187/4640_19187_000043_000002.wav|"Citizens, let us offer the protests of corpses. Let us show that, if the people abandon the republicans, the republicans do not abandon the people."""
/hpc_stor03/sjtu_home/chaolei.liu/data/tts/LibriTTS/train-clean-100/83/9960/83_9960_000035_000000.wav|She, Ursule or the Lark, he no longer knew what to call her, was safe.
/hpc_stor03/sjtu_home/chaolei.liu/data/tts/LibriTTS/train-clean-100/3436/172162/3436_172162_000015_000001.wav|One, more insolent than the rest, had the audacity to interrupt him during dinner, and even to risk a battle in support of his pleasantry.
/hpc_stor03/sjtu_home/chaolei.liu/data/tts/LibriTTS/train-clean-100/6064/56165/6064_56165_000012_000000.wav|"""Oh, I say,"" said Philip, from his place in front of the mantelpiece, ""how queer girls are; do you always fight like this when you're together?"""
/hpc_stor03/sjtu_home/chaolei.liu/data/tts/LibriTTS/train-clean-100/6563/285357/6563_285357_000010_000003.wav|Unshaken by this adverse criticism, Germany rests assured that by means of its Zeppelins it will achieve that universal supremacy which it is convinced is its Destiny.
/hpc_stor03/sjtu_home/chaolei.liu/data/tts/LibriTTS/train-clean-100/196/122159/196_122159_000002_000002.wav|Not half as old as I felt just then; not half as uselessly wise as I knew myself to be.
/hpc_stor03/sjtu_home/chaolei.liu/data/tts/LibriTTS/train-clean-100/1594/135914/1594_135914_000024_000005.wav|"Ganem,"" added she, ""it is not you that I address!"
/hpc_stor03/sjtu_home/chaolei.liu/data/tts/LibriTTS/train-clean-100/5456/62043/5456_62043_000033_000000.wav|"""What's the price of wood?"""
/hpc_stor03/sjtu_home/chaolei.liu/data/tts/LibriTTS/train-clean-100/307/127535/307_127535_000016_000002.wav|"""Where might you have got the paper?"
/hpc_stor03/sjtu_home/chaolei.liu/data/tts/LibriTTS/train-clean-100/6081/41998/6081_41998_000014_000000.wav|The shop and work girls who reside in the neighborhood readily go out of their way to catch a glimpse of the corpses which crime, accident, and suicide bring to this horrible place.
/hpc_stor03/sjtu_home/chaolei.liu/data/tts/LibriTTS/train-clean-100/6000/55211/6000_55211_000021_000000.wav|Billy's eyes were brimming with pity and dismay.
/hpc_stor03/sjtu_home/chaolei.liu/data/tts/LibriTTS/train-clean-100/8123/275216/8123_275216_000054_000004.wav|All round new little Beech Trees shot up, which grew just as fast as their parents, and looked as green and as happy as if they did not know what an uneasy conscience was.
/hpc_stor03/sjtu_home/chaolei.liu/data/tts/LibriTTS/train-clean-100/5652/39938/5652_39938_000025_000001.wav|How psychotherapy is related to the church will interest us later.
/hpc_stor03/sjtu_home/chaolei.liu/data/tts/LibriTTS/train-clean-100/1034/121119/1034_121119_000044_000001.wav|"Come, forget him for a moment, and instead of pursuing him let him go."""
/hpc_stor03/sjtu_home/chaolei.liu/data/tts/LibriTTS/train-clean-100/6385/220959/6385_220959_000011_000000.wav|Question.--How was Christ born of the Holy Spirit?
/hpc_stor03/sjtu_home/chaolei.liu/data/tts/LibriTTS/train-clean-100/6019/3185/6019_3185_000031_000007.wav|In particular, there was a crucifix of gold, enriched with jewels so large and rare, that of itself it would have constituted a prize of great magnitude.
/hpc_stor03/sjtu_home/chaolei.liu/data/tts/LibriTTS/train-clean-100/4680/16041/4680_16041_000019_000001.wav|From that instant forth he encountered nothing more.
/hpc_stor03/sjtu_home/chaolei.liu/data/tts/LibriTTS/train-clean-100/250/142276/250_142276_000003_000008.wav|She took her mind away with a wrench from the recollection of the past to the bright serene contemplation of the hopeful future.
/hpc_stor03/sjtu_home/chaolei.liu/data/tts/LibriTTS/train-clean-100/7800/283478/7800_283478_000028_000000.wav|The hardware man nodded his head.
/hpc_stor03/sjtu_home/chaolei.liu/data/tts/LibriTTS/train-clean-100/3214/167602/3214_167602_000020_000000.wav|The two tall peasants had their say.
/hpc_stor03/sjtu_home/chaolei.liu/data/tts/LibriTTS/train-clean-100/7312/92432/7312_92432_000009_000005.wav|It was not to be expected, she said, that he could escape the dangers of another night, such as the last; and therefore it was her intention to remain with him, and share his fate.
/hpc_stor03/sjtu_home/chaolei.liu/data/tts/LibriTTS/train-clean-100/4267/72637/4267_72637_000004_000002.wav|At last we started to walk to the village, Mr. Copley so laden with our hand-luggage that he resembled a pack mule.
/hpc_stor03/sjtu_home/chaolei.liu/data/tts/LibriTTS/train-clean-100/4051/10927/4051_10927_000020_000000.wav|"""I positively don't understand,"" said Anna, shrugging her shoulders--""He doesn't care,"" she thought."
/hpc_stor03/sjtu_home/chaolei.liu/data/tts/LibriTTS/train-clean-100/2817/142371/2817_142371_000025_000001.wav|"""Do you know, Mrs. Poyser--sit down, pray, both of you--I've been far from contented, for some time, with Mrs. Satchell's dairy management."
/hpc_stor03/sjtu_home/chaolei.liu/data/tts/LibriTTS/train-clean-100/7447/91186/7447_91186_000027_000009.wav|"""Let all who aspire follow him in his flights toward regions sublime."""
/hpc_stor03/sjtu_home/chaolei.liu/data/tts/LibriTTS/train-clean-100/8226/274369/8226_274369_000018_000008.wav|No man in either house ventured to speak a word in their vindication; so much displeased was every one at the egregious imprudence of which they had been guilty.
/hpc_stor03/sjtu_home/chaolei.liu/data/tts/LibriTTS/train-clean-100/3664/11714/3664_11714_000022_000000.wav|The monk glanced round the room as though to assure himself that he was really alone with the dying man; then he advanced with a slow and solemn step towards the bed.
/hpc_stor03/sjtu_home/chaolei.liu/data/tts/LibriTTS/train-clean-100/3259/158083/3259_158083_000083_000014.wav|I turned and twisted my head all I could, but he managed to push it up.
/hpc_stor03/sjtu_home/chaolei.liu/data/tts/LibriTTS/train-clean-100/460/172359/460_172359_000039_000002.wav|If they'd just go right into her good, they'd get it again.
/hpc_stor03/sjtu_home/chaolei.liu/data/tts/LibriTTS/train-clean-100/887/123289/887_123289_000060_000000.wav|"""That is right; and this would make three hundred leagues more."""
/hpc_stor03/sjtu_home/chaolei.liu/data/tts/LibriTTS/train-clean-100/7517/100437/7517_100437_000009_000000.wav|I shall not describe the book, for no description would help it. But I shall just say this; that it is what I call a Household Book.
/hpc_stor03/sjtu_home/chaolei.liu/data/tts/LibriTTS/train-clean-100/412/126975/412_126975_000036_000001.wav|"No doubt he will prove an acquisition."""
/hpc_stor03/sjtu_home/chaolei.liu/data/tts/LibriTTS/train-clean-100/2384/152900/2384_152900_000010_000011.wav|We then went to work to make clothes after the pattern of the Netchelli Eskimo, and the sewing went on early and late -- thick anoraks and thin ones, heavy breeches and light, winter stockings and summer stockings.
/hpc_stor03/sjtu_home/chaolei.liu/data/tts/LibriTTS/train-clean-100/4088/158077/4088_158077_000101_000005.wav|The women had stood as silent sentinels holding the President's own eloquent words.
/hpc_stor03/sjtu_home/chaolei.liu/data/tts/LibriTTS/train-clean-100/481/123720/481_123720_000044_000007.wav|I stole the brushes to clean them from the passage, being careful he should not detect it, for fear of his contempt.
/hpc_stor03/sjtu_home/chaolei.liu/data/tts/LibriTTS/train-clean-100/4788/294466/4788_294466_000043_000004.wav|In it lived the Lopez family.
/hpc_stor03/sjtu_home/chaolei.liu/data/tts/LibriTTS/train-clean-100/1970/26100/1970_26100_000032_000000.wav|"""He could get one easy enough."""
/hpc_stor03/sjtu_home/chaolei.liu/data/tts/LibriTTS/train-clean-100/103/1241/103_1241_000073_000001.wav|"But I reckon Mrs. Spencer described it so's you could tell."""
/hpc_stor03/sjtu_home/chaolei.liu/data/tts/LibriTTS/train-clean-100/8098/278252/8098_278252_000028_000001.wav|I was successful, beyond my hopes and expectations, securing fine pictures of his study and parlor.
/hpc_stor03/sjtu_home/chaolei.liu/data/tts/LibriTTS/train-clean-100/8580/287364/8580_287364_000022_000000.wav|"""But why do you think he has remained quiet all this while, Tom?"" asked Mr. Damon."
/hpc_stor03/sjtu_home/chaolei.liu/data/tts/LibriTTS/train-clean-100/5678/43302/5678_43302_000051_000000.wav|"""You saw that too, then...."
/hpc_stor03/sjtu_home/chaolei.liu/data/tts/LibriTTS/train-clean-100/8063/274112/8063_274112_000031_000000.wav|"""I have no doubt of it; but what do you think of his mode of reasoning?"""
/hpc_stor03/sjtu_home/chaolei.liu/data/tts/LibriTTS/train-clean-100/7859/102519/7859_102519_000007_000000.wav|After his ill-success in the Saracen war, he began to execute or imprison his officers, and to decimate his beaten troops: to be employed by him in high command was almost as dangerous as it was to be appointed a general-in-chief during the dictatorship of Robespierre.
/hpc_stor03/sjtu_home/chaolei.liu/data/tts/LibriTTS/train-clean-100/374/180298/374_180298_000018_000001.wav|What else could I have done?
/hpc_stor03/sjtu_home/chaolei.liu/data/tts/LibriTTS/train-clean-100/3242/8112/3242_8112_000053_000000.wav|"""Uh-huh,"" Trigger said, lost in thought."
/hpc_stor03/sjtu_home/chaolei.liu/data/tts/LibriTTS/train-clean-100/4898/20016/4898_20016_000015_000000.wav|And he was so rapt with the sights and the sounds within, that it needed all Nathan's endeavors to uphold him.
/hpc_stor03/sjtu_home/chaolei.liu/data/tts/LibriTTS/train-clean-100/6367/74004/6367_74004_000007_000004.wav|I tell you, they made a dandy-looking couple when they were together.
/hpc_stor03/sjtu_home/chaolei.liu/data/tts/LibriTTS/train-clean-100/2836/5354/2836_5354_000045_000001.wav|"Had there been a necessity for your going, they would not have offered that."""
/hpc_stor03/sjtu_home/chaolei.liu/data/tts/LibriTTS/train-clean-100/403/126855/403_126855_000035_000000.wav|But when he looked back at the cliff, there, hanging across the river, was a bridge all ready for him--made of living monkeys!
/hpc_stor03/sjtu_home/chaolei.liu/data/tts/LibriTTS/train-clean-100/118/47824/118_47824_000083_000013.wav|The labour of the men was given an uncouth rhythm by their grunting expulsions of breath.
/hpc_stor03/sjtu_home/chaolei.liu/data/tts/LibriTTS/train-clean-100/7178/34644/7178_34644_000104_000000.wav|He was rather old than young, and very precise.
/hpc_stor03/sjtu_home/chaolei.liu/data/tts/LibriTTS/train-clean-100/6181/216552/6181_216552_000005_000001.wav|HE HAS PUT ALL THINGS UNDER MY FEET,--and I have not where to lay my head! MULTIPLY, he tells us through his interpreter, Pothier.
/hpc_stor03/sjtu_home/chaolei.liu/data/tts/LibriTTS/train-clean-100/19/227/19_227_000005_000000.wav|"""I am sure I do not care about the bread."
/hpc_stor03/sjtu_home/chaolei.liu/data/tts/LibriTTS/train-clean-100/1355/39947/1355_39947_000005_000018.wav|At this time I had the worst two days of my life.
/hpc_stor03/sjtu_home/chaolei.liu/data/tts/LibriTTS/train-clean-100/1898/145702/1898_145702_000020_000000.wav|'I will tell you this.
/hpc_stor03/sjtu_home/chaolei.liu/data/tts/LibriTTS/train-clean-100/8238/283452/8238_283452_000028_000002.wav|He loves to shake the lugubrious terrors of the past before you, exposing their hollow futility, and he contrives to create new fears for you magically while you are laughing at him.
/hpc_stor03/sjtu_home/chaolei.liu/data/tts/LibriTTS/train-clean-100/6437/66172/6437_66172_000017_000001.wav|The trick, as was afterwards proved, had been played by a party of soldiers stationed at the fort in the harbor.
/hpc_stor03/sjtu_home/chaolei.liu/data/tts/LibriTTS/train-clean-100/1334/135589/1334_135589_000070_000000.wav|"""He has, indeed,"" replied Edward."
/hpc_stor03/sjtu_home/chaolei.liu/data/tts/LibriTTS/train-clean-100/4362/15663/4362_15663_000037_000001.wav|Next morning we seemed to have risen from the dead.
/hpc_stor03/sjtu_home/chaolei.liu/data/tts/LibriTTS/train-clean-100/1926/147979/1926_147979_000016_000000.wav|"In the middle of a crashing waltz d'Arnault suddenly began to play softly, and, turning to one of the men who stood behind him, whispered, ""Somebody dancing in there."" He jerked his bullet head toward the dining-room."
/hpc_stor03/sjtu_home/chaolei.liu/data/tts/LibriTTS/train-clean-100/3699/175950/3699_175950_000012_000001.wav|He did his part however.--If education planted the mistake (in case it was one) my father watered it, and ripened it to perfection.
/hpc_stor03/sjtu_home/chaolei.liu/data/tts/LibriTTS/train-clean-100/4340/15220/4340_15220_000043_000001.wav|It was a mistake on Ben's part, for while his eyes were on his work Bab's were devouring the bill which Sam still held, and her suspicions were aroused by the boys' faces.
/hpc_stor03/sjtu_home/chaolei.liu/data/tts/LibriTTS/train-clean-100/3879/174923/3879_174923_000019_000008.wav|He had opened the oyster for himself once, though it had closed again with so sharp a snap when the point of his knife had been withdrawn.
/hpc_stor03/sjtu_home/chaolei.liu/data/tts/LibriTTS/train-clean-100/6078/54013/6078_54013_000005_000001.wav|There they began talking to one another, and the servant popped the pebble into his mouth to hear what they might say.
/hpc_stor03/sjtu_home/chaolei.liu/data/tts/LibriTTS/train-clean-100/3830/12531/3830_12531_000023_000001.wav|Buck and Dandy and I took the trail.
/hpc_stor03/sjtu_home/chaolei.liu/data/tts/LibriTTS/train-clean-100/2436/2477/2436_2477_000026_000004.wav|At our table--a big, good-looking blond American.
/hpc_stor03/sjtu_home/chaolei.liu/data/tts/LibriTTS/train-clean-100/322/124146/322_124146_000005_000000.wav|"""But, depend upon it, Mr. Collins,"" she added, ""that Lizzy shall be brought to reason."
/hpc_stor03/sjtu_home/chaolei.liu/data/tts/LibriTTS/train-clean-100/458/126294/458_126294_000009_000000.wav|Then the cook sent three servants after them, who were to run and overtake the children.
/hpc_stor03/sjtu_home/chaolei.liu/data/tts/LibriTTS/train-clean-100/8797/294123/8797_294123_000027_000000.wav|It required no revolution of his nature to learn to calculate the range and fire a field gun or to march the goose-step.
/hpc_stor03/sjtu_home/chaolei.liu/data/tts/LibriTTS/train-clean-100/7505/258964/7505_258964_000024_000003.wav|For, if consumers increase, a given supply of agents becomes relatively smaller than before.
/hpc_stor03/sjtu_home/chaolei.liu/data/tts/LibriTTS/train-clean-100/2182/181173/2182_181173_000006_000005.wav|When he picked it up, he uttered a rather singular exclamation.
/hpc_stor03/sjtu_home/chaolei.liu/data/tts/LibriTTS/train-clean-100/3440/171009/3440_171009_000137_000000.wav|"""No, dearest,"" he said; ""for though I, too, am fond of sweet things, I will not eat them while I refuse them to you."""
/hpc_stor03/sjtu_home/chaolei.liu/data/tts/LibriTTS/train-clean-100/3486/166446/3486_166446_000042_000001.wav|"""We can do nothing, Goodwin--nothing. Whatever is to be steps forth now from the womb of Destiny."""
/hpc_stor03/sjtu_home/chaolei.liu/data/tts/LibriTTS/train-clean-100/4441/76263/4441_76263_000077_000000.wav|"""Those are easy terms,"" replied Falk."
/hpc_stor03/sjtu_home/chaolei.liu/data/tts/LibriTTS/train-clean-100/1098/133695/1098_133695_000049_000001.wav|"""I don't understand it, but I'm very glad to know it."
/hpc_stor03/sjtu_home/chaolei.liu/data/tts/LibriTTS/train-clean-100/4137/11701/4137_11701_000013_000000.wav|"""I will be very close to you always, Hyacinth."""
/hpc_stor03/sjtu_home/chaolei.liu/data/tts/LibriTTS/train-clean-100/8051/295385/8051_295385_000013_000001.wav|Governor Printz, finding he was not to be dislodged by these long shots, now determined upon coming to closer quarters.
/hpc_stor03/sjtu_home/chaolei.liu/data/tts/LibriTTS/train-clean-100/233/155990/233_155990_000005_000002.wav|During the last century at least half of the wars that have been fought have been civil and not foreign wars.
/hpc_stor03/sjtu_home/chaolei.liu/data/tts/LibriTTS/train-clean-100/78/369/78_369_000036_000000.wav|But you have a husband and lovely children; you may be happy.
/hpc_stor03/sjtu_home/chaolei.liu/data/tts/LibriTTS/train-clean-100/3374/298026/3374_298026_000004_000004.wav|For you all feeling is infinite and eternal; you recognize no separations, your being is an indivisible unity.
/hpc_stor03/sjtu_home/chaolei.liu/data/tts/LibriTTS/train-clean-100/6147/34607/6147_34607_000013_000014.wav|The equestrian statue, reserved for kings alone, is an excellent figure of royalty: the horse is the people.
/hpc_stor03/sjtu_home/chaolei.liu/data/tts/LibriTTS/train-clean-100/1040/133433/1040_133433_000071_000005.wav|She was one of the kind that likes to grow up.
/hpc_stor03/sjtu_home/chaolei.liu/data/tts/LibriTTS/train-clean-100/1624/142933/1624_142933_000028_000001.wav|"""In dodging him among the trees I was heedless for a moment and did not see just where I was going."
/hpc_stor03/sjtu_home/chaolei.liu/data/tts/LibriTTS/train-clean-100/426/122822/426_122822_000032_000001.wav|She looked at Anthony Pye, and Anthony Pye looked back unabashed and unashamed.
/hpc_stor03/sjtu_home/chaolei.liu/data/tts/LibriTTS/train-clean-100/1246/135815/1246_135815_000034_000003.wav|"Do you ever wake up in the winter, Johnny Chuck?"""
/hpc_stor03/sjtu_home/chaolei.liu/data/tts/LibriTTS/train-clean-100/8324/286683/8324_286683_000007_000001.wav|"""Pity the Frogs don't come out to enjoy it!"""
/hpc_stor03/sjtu_home/chaolei.liu/data/tts/LibriTTS/train-clean-100/2893/139322/2893_139322_000040_000001.wav|"""To your wards, to your wards."
/hpc_stor03/sjtu_home/chaolei.liu/data/tts/LibriTTS/train-clean-100/5514/19192/5514_19192_000022_000005.wav|At the entrance to the Rue Bertin-Poiree, a very lively and utterly unexpected fusillade welcomed a regiment of cuirrassiers, at whose head marched Marshal General Cavaignac de Barague.
/hpc_stor03/sjtu_home/chaolei.liu/data/tts/LibriTTS/train-clean-100/1578/140049/1578_140049_000008_000000.wav|"""It's my nuts and raisins from dinner,"" replied Rebecca, who never succeeded in keeping the most innocent action a secret from her aunt Miranda; ""they're just what you gave me on my plate."""
/hpc_stor03/sjtu_home/chaolei.liu/data/tts/LibriTTS/train-clean-100/4214/7146/4214_7146_000046_000002.wav|Oh, it sounds so--so--like Mrs. Thomas's husband!
/hpc_stor03/sjtu_home/chaolei.liu/data/tts/LibriTTS/train-clean-100/1992/141719/1992_141719_000013_000005.wav|Those of the former white as Snow.
/hpc_stor03/sjtu_home/chaolei.liu/data/tts/LibriTTS/train-clean-100/2007/132570/2007_132570_000040_000000.wav|'Sign the papers,' said Montoni, more impatiently than before.
/hpc_stor03/sjtu_home/chaolei.liu/data/tts/LibriTTS/train-clean-100/8975/270782/8975_270782_000012_000007.wav|"Let the stork take him away again,"" are very usual."
/hpc_stor03/sjtu_home/chaolei.liu/data/tts/LibriTTS/train-clean-100/4830/25904/4830_25904_000011_000000.wav|Douglas, Douglas, Tender and true.
/hpc_stor03/sjtu_home/chaolei.liu/data/tts/LibriTTS/train-clean-100/2952/410/2952_410_000007_000002.wav|For that age was an age of violence and disorder; and upon the highways there was no security for the solitary traveler, even if he happened to be a priest.
/hpc_stor03/sjtu_home/chaolei.liu/data/tts/LibriTTS/train-clean-100/6454/93938/6454_93938_000015_000002.wav|When the train had been held at that station for a few minutes, Camp went to the conductor, demanded the cause for the delay, and was shown my telegram.
/hpc_stor03/sjtu_home/chaolei.liu/data/tts/LibriTTS/train-clean-100/8465/246940/8465_246940_000023_000000.wav|"""Will you not tell me something about it?"" said the curate, yet more gently."
/hpc_stor03/sjtu_home/chaolei.liu/data/tts/LibriTTS/train-clean-100/2092/145706/2092_145706_000046_000001.wav|If he does this he may go free; if not he shall be hung as you have said.'
/hpc_stor03/sjtu_home/chaolei.liu/data/tts/LibriTTS/train-clean-100/1963/142393/1963_142393_000005_000012.wav|He sat up late one night to write her a letter, but the next morning he burnt it, afraid of its effect.
/hpc_stor03/sjtu_home/chaolei.liu/data/tts/LibriTTS/train-clean-100/8468/286673/8468_286673_000014_000000.wav|The Slow Little Turtle felt the ten brothers and sisters on his right side looking at him out of their left eyes, and the nine brothers and sisters on his left side looking at him out of their right eyes.
/hpc_stor03/sjtu_home/chaolei.liu/data/tts/LibriTTS/train-clean-100/1737/142397/1737_142397_000028_000001.wav|"""Take me for guide to-day,"" he seemed to plead."
/hpc_stor03/sjtu_home/chaolei.liu/data/tts/LibriTTS/train-clean-100/1455/134435/1455_134435_000014_000008.wav|In the house people stirred about.
/hpc_stor03/sjtu_home/chaolei.liu/data/tts/LibriTTS/train-clean-100/911/128684/911_128684_000012_000012.wav|The man is really hateful; the action really mean; the situation really tragic--all in themselves and quite apart from our opinion.
/hpc_stor03/sjtu_home/chaolei.liu/data/tts/LibriTTS/train-clean-100/3857/182317/3857_182317_000025_000003.wav|Adaptability is what we depend on. We talk of our mastery of nature, which sounds very grand; but the fact is we respectfully adapt ourselves first, to her ways.
/hpc_stor03/sjtu_home/chaolei.liu/data/tts/LibriTTS/train-clean-100/1116/132847/1116_132847_000017_000001.wav|I see I must go further,' and he walked on to Pont-aven, a pretty little town built on the bank of a river.
/hpc_stor03/sjtu_home/chaolei.liu/data/tts/LibriTTS/train-clean-100/8838/298546/8838_298546_000022_000003.wav|A hard veteran full of cool valour and ring-craft, could give ten or fifteen years and a beating to most striplings.
/hpc_stor03/sjtu_home/chaolei.liu/data/tts/LibriTTS/train-clean-100/4397/15678/4397_15678_000014_000000.wav|"From a place called ""Hunt's,"" at the end of the wagon road, a trail leads through lush, dripping woods (never dry) to Thuja and Mertens, Menzies, and Douglas spruces."
/hpc_stor03/sjtu_home/chaolei.liu/data/tts/LibriTTS/train-clean-100/730/358/730_358_000014_000002.wav|In one corner, near a small fire, sat an old man, leaning his head on his hands in a disconsolate attitude.
/hpc_stor03/sjtu_home/chaolei.liu/data/tts/LibriTTS/train-clean-100/3168/173564/3168_173564_000015_000000.wav|"""Natasha, undress, darling; lie down on my bed."""
/hpc_stor03/sjtu_home/chaolei.liu/data/tts/LibriTTS/train-clean-100/2910/131096/2910_131096_000009_000000.wav|Cupid prepared to obey the commands of his mother.
/hpc_stor03/sjtu_home/chaolei.liu/data/tts/LibriTTS/train-clean-100/298/126790/298_126790_000082_000000.wav|"""Does Captain Lawton want anything at my hands?"""
/hpc_stor03/sjtu_home/chaolei.liu/data/tts/LibriTTS/train-clean-100/7780/274562/7780_274562_000004_000001.wav|In personal grace and beauty he exceeded all men.
/hpc_stor03/sjtu_home/chaolei.liu/data/tts/LibriTTS/train-clean-100/1867/154075/1867_154075_000027_000004.wav|The only way he could get in was by stealth.
/hpc_stor03/sjtu_home/chaolei.liu/data/tts/LibriTTS/train-clean-100/839/130898/839_130898_000039_000000.wav|I didn't expect to find this electric cable in mint condition, as it looked on leaving its place of manufacture.
/hpc_stor03/sjtu_home/chaolei.liu/data/tts/LibriTTS/train-clean-100/5390/30096/5390_30096_000035_000000.wav|"""Somewhere at the north of the State, I believe."""
/hpc_stor03/sjtu_home/chaolei.liu/data/tts/LibriTTS/train-clean-100/3526/176653/3526_176653_000071_000001.wav|How did that old man know his name?
/hpc_stor03/sjtu_home/chaolei.liu/data/tts/LibriTTS/train-clean-100/4014/186176/4014_186176_000005_000001.wav|He was in his undershirt.
/hpc_stor03/sjtu_home/chaolei.liu/data/tts/LibriTTS/train-clean-100/5778/54535/5778_54535_000011_000003.wav|The horses next their carriage were frightened, and reared and plunged as if they would hit the Whistler party.
/hpc_stor03/sjtu_home/chaolei.liu/data/tts/LibriTTS/train-clean-100/2691/156755/2691_156755_000020_000000.wav|As soon as we could get ready after the doctor uttered those words, Georgia and I, equipped with hoe, large knife, and basket were on our way to the Sonoma River.
/hpc_stor03/sjtu_home/chaolei.liu/data/tts/LibriTTS/train-clean-100/7511/102419/7511_102419_000023_000001.wav|They had come to pilot us into camp, for there would be no road soon.
/hpc_stor03/sjtu_home/chaolei.liu/data/tts/LibriTTS/train-clean-100/5750/100289/5750_100289_000018_000002.wav|When she had finished, she returned to her tribe, and was for some time in the Government service.
/hpc_stor03/sjtu_home/chaolei.liu/data/tts/LibriTTS/train-clean-100/5163/39921/5163_39921_000041_000001.wav|His eyes had lost their unconcerned glitter, but his voice was defiant.
/hpc_stor03/sjtu_home/chaolei.liu/data/tts/LibriTTS/train-clean-100/4481/17498/4481_17498_000028_000000.wav|"""And I'm going to take Patsy along,"" he continued, with a mischievous grin."
/hpc_stor03/sjtu_home/chaolei.liu/data/tts/LibriTTS/train-clean-100/8629/261140/8629_261140_000007_000000.wav|"""The astounding fact which I have just communicated to you was made known by my mother, with the dagger still plunged in her breast."
/hpc_stor03/sjtu_home/chaolei.liu/data/tts/LibriTTS/train-clean-100/6529/62554/6529_62554_000034_000004.wav|It was he, it could be only he who must have come to Tabor Island, who found there the wretch you knew, and who made known to you that there was an unfortunate man there to be saved.
/hpc_stor03/sjtu_home/chaolei.liu/data/tts/LibriTTS/train-clean-100/5104/33407/5104_33407_000075_000000.wav|"""Who are these strangers?"" he asked."
/hpc_stor03/sjtu_home/chaolei.liu/data/tts/LibriTTS/train-clean-100/198/209/198_209_000010_000004.wav|"Perhaps you did not know I had been there."""
/hpc_stor03/sjtu_home/chaolei.liu/data/tts/LibriTTS/train-clean-100/3112/9555/3112_9555_000005_000002.wav|That I, or any man, should tell everything of himself, I hold to be impossible. Who could endure to own the doing of a mean thing?
/hpc_stor03/sjtu_home/chaolei.liu/data/tts/LibriTTS/train-clean-100/8770/295462/8770_295462_000021_000004.wav|He appeared in court in behalf of colored people, time and again.
/hpc_stor03/sjtu_home/chaolei.liu/data/tts/LibriTTS/train-clean-100/4195/186238/4195_186238_000040_000001.wav|"""Have you had a good day?"""
/hpc_stor03/sjtu_home/chaolei.liu/data/tts/LibriTTS/train-clean-100/2289/152258/2289_152258_000021_000002.wav|Soon afterwards he began to preach to the people.
/hpc_stor03/sjtu_home/chaolei.liu/data/tts/LibriTTS/train-clean-100/7190/90542/7190_90542_000097_000002.wav|I caught a glimpse of white hair, but he took no position in which I could see his face clearly.
/hpc_stor03/sjtu_home/chaolei.liu/data/tts/LibriTTS/train-clean-100/5393/19218/5393_19218_000038_000003.wav|It is charged with proving the Carnival to the Parisians.
/hpc_stor03/sjtu_home/chaolei.liu/data/tts/LibriTTS/train-clean-100/1088/129236/1088_129236_000028_000005.wav|Does that other see the same star, the same melting cloud, read the same book, feel the same emotion, that now delight me?
/hpc_stor03/sjtu_home/chaolei.liu/data/tts/LibriTTS/train-clean-100/150/126112/150_126112_000002_000005.wav|When she saw it she shrieked, and covered her face with her hands.
/hpc_stor03/sjtu_home/chaolei.liu/data/tts/LibriTTS/train-clean-100/8108/274318/8108_274318_000016_000005.wav|Harmony was restored first of all to his own soul, and thence to the room and all its occupants.
/hpc_stor03/sjtu_home/chaolei.liu/data/tts/LibriTTS/train-clean-100/6836/76549/6836_76549_000002_000003.wav|A fat, phlegmatic-looking baby is peacefully reposing in a cradle, which is simply half a monster pumpkin scooped out and dried; it is the most intensely rustic cradle in the world.
/hpc_stor03/sjtu_home/chaolei.liu/data/tts/LibriTTS/train-clean-100/5703/47198/5703_47198_000072_000000.wav|After breakfast they went out, and, inquiring their way to Bond Street, flattened their noses against the shop windows to their mutual satisfaction.
/hpc_stor03/sjtu_home/chaolei.liu/data/tts/LibriTTS/train-clean-100/5022/29405/5022_29405_000035_000003.wav|It was he beyond all doubt who had frightened the dog, forewarned by instinct of his appearance.
/hpc_stor03/sjtu_home/chaolei.liu/data/tts/LibriTTS/train-clean-100/587/54108/587_54108_000081_000000.wav|"""Wait for us, Ruth,"" called Mrs. Levice, and the slight white figure stood still till they came up."
/hpc_stor03/sjtu_home/chaolei.liu/data/tts/LibriTTS/train-clean-100/8095/274345/8095_274345_000023_000003.wav|They had learned by experience, that the public revenue could with difficulty maintain the dignity of the crown, even under the ordinary charges of government.
/hpc_stor03/sjtu_home/chaolei.liu/data/tts/LibriTTS/train-clean-100/8014/280382/8014_280382_000005_000002.wav|And take heed also to thyself and thine own kingdom if thou permit this new fashion of driving forth kings to go unpunished.
/hpc_stor03/sjtu_home/chaolei.liu/data/tts/LibriTTS/train-clean-100/200/126784/200_126784_000021_000000.wav|Two or three of the dragoons now dismounted and disappeared; in a few minutes, however, they returned to the yard, followed by Katy, from whose violent gesticulations, it was evident that matters of no trifling concern were on the carpet.
/hpc_stor03/sjtu_home/chaolei.liu/data/tts/LibriTTS/train-clean-100/8609/262281/8609_262281_000022_000003.wav|It must be commenced gradually, almost imperceptibly, little by little.
/hpc_stor03/sjtu_home/chaolei.liu/data/tts/LibriTTS/train-clean-100/7794/295947/7794_295947_000015_000005.wav|I thought you were intimate enough with me to know my heart; but to-day you have accused me of being eccentric, and I see how mistaken I have been in you.
/hpc_stor03/sjtu_home/chaolei.liu/data/tts/LibriTTS/train-clean-100/1183/133255/1183_133255_000032_000000.wav|Manufactured only by BLANCHE W. MOE, 314 W. 42nd Street NEW YORK, N. Y.
/hpc_stor03/sjtu_home/chaolei.liu/data/tts/LibriTTS/train-clean-100/1263/141777/1263_141777_000026_000001.wav|He padded after the other.
/hpc_stor03/sjtu_home/chaolei.liu/data/tts/LibriTTS/train-clean-100/4297/13006/4297_13006_000065_000001.wav|But what was there to think about? Nothing that she had said altered in the least his idea about the man.
/hpc_stor03/sjtu_home/chaolei.liu/data/tts/LibriTTS/train-clean-100/2196/170151/2196_170151_000011_000000.wav|Whether man has had wealth or poverty, failure or success, counts for little when it is past.
/hpc_stor03/sjtu_home/chaolei.liu/data/tts/LibriTTS/train-clean-100/3607/29116/3607_29116_000056_000000.wav|"""Gave them the outside slabs to fence in the reservation with."
/hpc_stor03/sjtu_home/chaolei.liu/data/tts/LibriTTS/train-clean-100/8312/279790/8312_279790_000048_000006.wav|And though she saw nobody and he lived in the hollow of a tree, they always found plenty to say to one another.
/hpc_stor03/sjtu_home/chaolei.liu/data/tts/LibriTTS/train-clean-100/125/121342/125_121342_000010_000003.wav|It's the ugliest thing in the world.
/hpc_stor03/sjtu_home/chaolei.liu/data/tts/LibriTTS/train-clean-100/6818/68772/6818_68772_000012_000005.wav|They needed more school-houses for their children, and many other things which he hoped to provide as their Representative.
/hpc_stor03/sjtu_home/chaolei.liu/data/tts/LibriTTS/train-clean-100/2989/138028/2989_138028_000009_000000.wav|"Whereupon the housekeeper said, ""Tell us, senor, at his Majesty's court are there no knights?"""
/hpc_stor03/sjtu_home/chaolei.liu/data/tts/LibriTTS/train-clean-100/1447/17506/1447_17506_000008_000000.wav|"""It delights me to meet Mr. Merrick and the young ladies."
/hpc_stor03/sjtu_home/chaolei.liu/data/tts/LibriTTS/train-clean-100/7367/86737/7367_86737_000118_000011.wav|The curate related the incident to the Count of San-Felice, who sent for the little shepherd, made him read and write before him, ordered his attendant to let him eat with the domestics, and to give him two piastres a month.
/hpc_stor03/sjtu_home/chaolei.liu/data/tts/LibriTTS/train-clean-100/5463/39173/5463_39173_000067_000002.wav|And, Fanny, don't tell Mark to put me into a lunatic asylum.
/hpc_stor03/sjtu_home/chaolei.liu/data/tts/LibriTTS/train-clean-100/201/122255/201_122255_000019_000000.wav|So for a long time they both of them went hunting about, Little John after the Tanner, and the Tanner after the deer.
/hpc_stor03/sjtu_home/chaolei.liu/data/tts/LibriTTS/train-clean-100/6476/57446/6476_57446_000070_000001.wav|And Yoritomo became the chief of all the noble houses in Japan, and first established the government of the country.
/hpc_stor03/sjtu_home/chaolei.liu/data/tts/LibriTTS/train-clean-100/254/145458/254_145458_000013_000000.wav|Well, I discovered him, but only to the few, the favoured, did I speak of him.
/hpc_stor03/sjtu_home/chaolei.liu/data/tts/LibriTTS/train-clean-100/2518/154825/2518_154825_000003_000002.wav|But for how short a time!
/hpc_stor03/sjtu_home/chaolei.liu/data/tts/LibriTTS/train-clean-100/5789/70653/5789_70653_000017_000000.wav|"""Yes,"" replied the lady, ""he did explain why."
/hpc_stor03/sjtu_home/chaolei.liu/data/tts/LibriTTS/train-clean-100/4406/16883/4406_16883_000003_000002.wav|I could hardly bear to think of the many weary steps I had taken, to come to this place.
/hpc_stor03/sjtu_home/chaolei.liu/data/tts/LibriTTS/train-clean-100/32/4137/32_4137_000024_000003.wav|The saloons and cabins soon had the appearance of a hospital.
/hpc_stor03/sjtu_home/chaolei.liu/data/tts/LibriTTS/train-clean-100/4859/26870/4859_26870_000017_000004.wav|In winter he visited his other villages or spent his time reading.
/hpc_stor03/sjtu_home/chaolei.liu/data/tts/LibriTTS/train-clean-100/1743/142913/1743_142913_000006_000007.wav|He was a little bigger than his cousin, Chebec, but looked very much like him.
/hpc_stor03/sjtu_home/chaolei.liu/data/tts/LibriTTS/train-clean-100/446/123501/446_123501_000036_000002.wav|At the same time he motioned his followers to advance.
/hpc_stor03/sjtu_home/chaolei.liu/data/tts/LibriTTS/train-clean-100/831/130739/831_130739_000019_000000.wav|Hoopdriver pulls at his skimpy moustache.
/hpc_stor03/sjtu_home/chaolei.liu/data/tts/LibriTTS/train-clean-100/909/131041/909_131041_000017_000000.wav|"""For forms of government let fools contest--That which is best administered is best,""--yet we may safely pronounce, that the true test of a good government is its aptitude and tendency to produce a good administration."
/hpc_stor03/sjtu_home/chaolei.liu/data/tts/LibriTTS/train-clean-100/4853/29413/4853_29413_000031_000000.wav|"""And when you looked at Miss Cristel, and she was too busy with her brooch to notice you, was that another signal?"""
/hpc_stor03/sjtu_home/chaolei.liu/data/tts/LibriTTS/train-clean-100/6209/34601/6209_34601_000154_000000.wav|Ursus half opened the door, and said,--
/hpc_stor03/sjtu_home/chaolei.liu/data/tts/LibriTTS/train-clean-100/302/123523/302_123523_000031_000001.wav|"That you are a princess does not abash me, but that you are you is enough to make me doubt my sanity as I ask you, my princess, to be mine."""
/hpc_stor03/sjtu_home/chaolei.liu/data/tts/LibriTTS/train-clean-100/669/129061/669_129061_000014_000000.wav|"""After the sacrifices I have made, and the manner in which I have stood by you, I think this sort of reproach is useless,"" Sir Pitt said. ""Your marriage was your own doing, not mine."""
/hpc_stor03/sjtu_home/chaolei.liu/data/tts/LibriTTS/train-clean-100/5867/48852/5867_48852_000010_000004.wav|Tell me, Mr. John, did you give it him well when you got him?
/hpc_stor03/sjtu_home/chaolei.liu/data/tts/LibriTTS/train-clean-100/7278/91083/7278_91083_000025_000003.wav|He has been one of General Grant's most generous helpers; yet while doing for the great, he does not forget the unknown.
/hpc_stor03/sjtu_home/chaolei.liu/data/tts/LibriTTS/train-clean-100/211/122425/211_122425_000167_000002.wav|Go, Monsieur Duke, and return often.
/hpc_stor03/sjtu_home/chaolei.liu/data/tts/LibriTTS/train-clean-100/229/130880/229_130880_000086_000000.wav|"""My gallant Ned,"" I replied, laughing, ""those were artificial pearls, ordinary glass beads whose insides were coated with Essence of Orient."""
/hpc_stor03/sjtu_home/chaolei.liu/data/tts/LibriTTS/train-clean-100/5561/41616/5561_41616_000023_000000.wav|"""I wonder whether she apologized to Miss Thompson last night,"" mused Grace."
/hpc_stor03/sjtu_home/chaolei.liu/data/tts/LibriTTS/train-clean-100/7059/77897/7059_77897_000003_000004.wav|"You saw how they took it."""
/hpc_stor03/sjtu_home/chaolei.liu/data/tts/LibriTTS/train-clean-100/226/122538/226_122538_000009_000001.wav|"That it was a complicated problem, her common sense told her; though her yearning arms and aching bosom cried out: ""O God, is it not simple?"
/hpc_stor03/sjtu_home/chaolei.liu/data/tts/LibriTTS/train-clean-100/3235/28433/3235_28433_000014_000007.wav|But they were all tree physical as well as free moral agents and decided these things for themselves.
/hpc_stor03/sjtu_home/chaolei.liu/data/tts/LibriTTS/train-clean-100/89/218/89_218_000009_000002.wav|The general's good humour increased.
/hpc_stor03/sjtu_home/chaolei.liu/data/tts/LibriTTS/train-clean-100/3983/5331/3983_5331_000077_000001.wav|"""And now, Cornelia, I really must beg you to leave me."""
/hpc_stor03/sjtu_home/chaolei.liu/data/tts/LibriTTS/train-clean-100/2416/152137/2416_152137_000052_000004.wav|Mechanically his hand slipped into his pocket and closed over the automatic that nestled there.
/hpc_stor03/sjtu_home/chaolei.liu/data/tts/LibriTTS/train-clean-100/8419/286667/8419_286667_000013_000004.wav|"If he had been an older Crane, and understood the ways of the world a little better, he would have known that she meant, ""Aren't you coming to that fishing-place?"
/hpc_stor03/sjtu_home/chaolei.liu/data/tts/LibriTTS/train-clean-100/5322/7680/5322_7680_000057_000000.wav|'Yes, we'll go; we'll go some day.'
/hpc_stor03/sjtu_home/chaolei.liu/data/tts/LibriTTS/train-clean-100/7635/105409/7635_105409_000078_000000.wav|"""Close by here, citoyen,"" said Desgas; ""I gagged him and tied his legs together as you commanded."""
/hpc_stor03/sjtu_home/chaolei.liu/data/tts/LibriTTS/train-clean-100/7302/86815/7302_86815_000043_000001.wav|"""Oh, sir,"" she stammered, ""I beseech you, do not believe appearances."""
/hpc_stor03/sjtu_home/chaolei.liu/data/tts/LibriTTS/train-clean-100/4160/14187/4160_14187_000035_000000.wav|"""Never mind that,"" said he."
/hpc_stor03/sjtu_home/chaolei.liu/data/tts/LibriTTS/train-clean-100/8088/284756/8088_284756_000079_000003.wav|Put the different antennae plug into these jacks.
/hpc_stor03/sjtu_home/chaolei.liu/data/tts/LibriTTS/train-clean-100/1502/122615/1502_122615_000004_000001.wav|Slowly and reluctantly yielding to the necessity, he quitted the place, and mingled with the throng that hovered nigh.
/hpc_stor03/sjtu_home/chaolei.liu/data/tts/LibriTTS/train-clean-100/7113/86041/7113_86041_000049_000000.wav|'Ask some proof, sweetheart,' said he.
/hpc_stor03/sjtu_home/chaolei.liu/data/tts/LibriTTS/train-clean-100/405/130894/405_130894_000027_000000.wav|Some moments later, we saw a dozen crewmen set foot on the shelf of ice, among them Ned Land, easily recognized by his tall figure. Captain Nemo was with them.
/hpc_stor03/sjtu_home/chaolei.liu/data/tts/LibriTTS/train-clean-100/7402/59171/7402_59171_000011_000001.wav|Certainly, from the time of Aristophanes onwards, comedy has again and again been a vehicle of opinions as well as a branch of natural history.
/hpc_stor03/sjtu_home/chaolei.liu/data/tts/LibriTTS/train-clean-100/696/93314/696_93314_000060_000004.wav|If you don't have a complete change you'll go all to pieces.
/hpc_stor03/sjtu_home/chaolei.liu/data/tts/LibriTTS/train-clean-100/7264/92310/7264_92310_000004_000000.wav|An individual newspaper owner might, for instance, have the greatest possible dislike for the trade in patent medicines.
/hpc_stor03/sjtu_home/chaolei.liu/data/tts/LibriTTS/train-clean-100/39/121914/39_121914_000025_000005.wav|"He will be able to tell her how we all are."""
/hpc_stor03/sjtu_home/chaolei.liu/data/tts/LibriTTS/train-clean-100/7078/271888/7078_271888_000003_000001.wav|Woman's vanity often outruns her natural diffidence, and the consciousness of her great beauty stifles the conscience of modesty.
/hpc_stor03/sjtu_home/chaolei.liu/data/tts/LibriTTS/train-clean-100/40/121026/40_121026_000015_000001.wav|I wrote the word finis at the end of the sixty-eighth strip about a week ago.
/hpc_stor03/sjtu_home/chaolei.liu/data/tts/LibriTTS/train-clean-100/7067/76047/7067_76047_000031_000005.wav|"Now I guess this Miss Grammont has had no mother since she was quite little."""
/hpc_stor03/sjtu_home/chaolei.liu/data/tts/LibriTTS/train-clean-100/1841/159771/1841_159771_000068_000000.wav|To tell the truth, Master Meadow Mouse always felt safer when one of the Muskrat family happened to be taking a swim at the same time.
/hpc_stor03/sjtu_home/chaolei.liu/data/tts/LibriTTS/train-clean-100/5339/14134/5339_14134_000041_000000.wav|His feelings, disturbed on this one point, shook his judgment off its balance on another.
/hpc_stor03/sjtu_home/chaolei.liu/data/tts/LibriTTS/train-clean-100/3240/131232/3240_131232_000067_000005.wav|"Riley, it was not polymorphism, ""but two distinct species""--which, because of our data, we doubt."
/hpc_stor03/sjtu_home/chaolei.liu/data/tts/LibriTTS/train-clean-100/2136/5147/2136_5147_000060_000000.wav|There was no answer; so she opened the door, and we both entered.
/hpc_stor03/sjtu_home/chaolei.liu/data/tts/LibriTTS/train-clean-100/2391/145015/2391_145015_000032_000003.wav|Ladies did not disdain to spin the thread of which the household linen was woven. Some ladies liked to wash with their own hands their choice china after breakfast or tea.
/hpc_stor03/sjtu_home/chaolei.liu/data/tts/LibriTTS/train-clean-100/6848/76049/6848_76049_000006_000007.wav|V.V. could stand alone.
/hpc_stor03/sjtu_home/chaolei.liu/data/tts/LibriTTS/train-clean-100/8630/305213/8630_305213_000019_000002.wav|Its followers formed a secret society, with signs and passwords, grades and initiations.
/hpc_stor03/sjtu_home/chaolei.liu/data/tts/LibriTTS/train-clean-100/5808/54425/5808_54425_000028_000001.wav|It savoured of flippancy, and he was about entering upon a discussion to prove that Sadness had no soul, when Joe, with blood-shot eyes and dishevelled clothes, staggered in and reeled towards them.
/hpc_stor03/sjtu_home/chaolei.liu/data/tts/LibriTTS/train-clean-100/2843/152918/2843_152918_000001_000015.wav|Amid joking and chaff, everything was packed, and then -- out into the blizzard.
/hpc_stor03/sjtu_home/chaolei.liu/data/tts/LibriTTS/train-clean-100/60/121082/60_121082_000053_000000.wav|"""Well, what do you want?"""
/hpc_stor03/sjtu_home/chaolei.liu/data/tts/LibriTTS/train-clean-100/8747/293952/8747_293952_000063_000001.wav|"""Mr. Durham told me so."""
/hpc_stor03/sjtu_home/chaolei.liu/data/tts/LibriTTS/train-clean-100/6531/61334/6531_61334_000042_000000.wav|Jehoshaphat did not again come into conflict with Damascus.
/hpc_stor03/sjtu_home/chaolei.liu/data/tts/LibriTTS/train-clean-100/6272/70168/6272_70168_000038_000001.wav|"You know,"" turning to me, ""that my temper is worse than ever; it is like a tiger's."""
/hpc_stor03/sjtu_home/chaolei.liu/data/tts/LibriTTS/train-clean-100/87/121553/87_121553_000119_000000.wav|For will increase whate'er bestows on us Of light gratuitous the Good Supreme, Light which enables us to look on Him;
/hpc_stor03/sjtu_home/chaolei.liu/data/tts/LibriTTS/train-clean-100/6415/100596/6415_100596_000018_000000.wav|"""Possibly a special,"" Patty suggested."
/hpc_stor03/sjtu_home/chaolei.liu/data/tts/LibriTTS/train-clean-100/4640/19189/4640_19189_000014_000002.wav|To conquer matter is the first step; to realize the ideal is the second. Reflect on what progress has already accomplished.
/hpc_stor03/sjtu_home/chaolei.liu/data/tts/LibriTTS/train-clean-100/83/9960/83_9960_000067_000004.wav|Up to that moment he had cherished a vague hope that he should find some means of reconciling these two duties, but nothing within the limits of possibility had presented itself.
/hpc_stor03/sjtu_home/chaolei.liu/data/tts/LibriTTS/train-clean-100/3436/172162/3436_172162_000016_000000.wav|At night he was received at another castle, with great apparent hospitality, but found himself in the morning in a dungeon, and loaded with chains.
/hpc_stor03/sjtu_home/chaolei.liu/data/tts/LibriTTS/train-clean-100/6064/300880/6064_300880_000043_000000.wav|"""This year,"" pursued Harmon, ""I'm keeping open house for a special reason."
/hpc_stor03/sjtu_home/chaolei.liu/data/tts/LibriTTS/train-clean-100/6563/285357/6563_285357_000001_000007.wav|A further crash and blasting of cherished hopes appeared imminent, but at this moment another Royal personage came to the inventor's aid.
/hpc_stor03/sjtu_home/chaolei.liu/data/tts/LibriTTS/train-clean-100/196/122159/196_122159_000012_000003.wav|"""Not the breadth of a hair between this and that."
/hpc_stor03/sjtu_home/chaolei.liu/data/tts/LibriTTS/train-clean-100/1594/135914/1594_135914_000033_000001.wav|He told them, that having taken refuge in a small village, he there fell sick; that some charitable peasants had taken care of him, but finding he did not recover, a camel-driver had undertaken to carry him to the hospital at Bagdad.
/hpc_stor03/sjtu_home/chaolei.liu/data/tts/LibriTTS/train-clean-100/5456/58161/5456_58161_000016_000000.wav|So thousands of years have come and gone, And still the moon is shining on, Still Hymen's torch is lighted; And hitherto, in this land of the West, Most couples in love have thought it best To follow the ancient way of the rest, And quietly get united.
/hpc_stor03/sjtu_home/chaolei.liu/data/tts/LibriTTS/train-clean-100/6081/41997/6081_41997_000038_000000.wav|"""Really, I don't exactly know."""
/hpc_stor03/sjtu_home/chaolei.liu/data/tts/LibriTTS/train-clean-100/6000/86686/6000_86686_000031_000000.wav|"""Honour bright!"" says King O'Toole, holding out his fist."
/hpc_stor03/sjtu_home/chaolei.liu/data/tts/LibriTTS/train-clean-100/8123/275216/8123_275216_000024_000000.wav|But in this the Old Oak was wrong, for they did come.
/hpc_stor03/sjtu_home/chaolei.liu/data/tts/LibriTTS/train-clean-100/5652/19215/5652_19215_000024_000005.wav|Her heart and the Louvre.
/hpc_stor03/sjtu_home/chaolei.liu/data/tts/LibriTTS/train-clean-100/1034/121119/1034_121119_000048_000001.wav|"""At least keep him there till my daughter be married."""
/hpc_stor03/sjtu_home/chaolei.liu/data/tts/LibriTTS/train-clean-100/6385/34669/6385_34669_000015_000000.wav|Homo turned his head now and then, to make sure that Gwynplaine was behind him.
/hpc_stor03/sjtu_home/chaolei.liu/data/tts/LibriTTS/train-clean-100/6019/3185/6019_3185_000030_000005.wav|It was poor, maniacal Von Harrelstein, who had been absent in the forest for a week.
/hpc_stor03/sjtu_home/chaolei.liu/data/tts/LibriTTS/train-clean-100/4680/16041/4680_16041_000024_000004.wav|At dusk, every window where a candle was burning received a shot.
/hpc_stor03/sjtu_home/chaolei.liu/data/tts/LibriTTS/train-clean-100/250/142286/250_142286_000003_000002.wav|Her son had given her a carriage; but she refused to let him keep horses for it; they were hired for the solemn occasions, when she paid morning or evening visits.
/hpc_stor03/sjtu_home/chaolei.liu/data/tts/LibriTTS/train-clean-100/7800/283492/7800_283492_000042_000000.wav|On the second day, about noon, some of the boys were busy near the cabin, laying in an extra supply of firewood.
/hpc_stor03/sjtu_home/chaolei.liu/data/tts/LibriTTS/train-clean-100/3214/167602/3214_167602_000024_000001.wav|"""Where's the Elder?"" he cried furiously."
/hpc_stor03/sjtu_home/chaolei.liu/data/tts/LibriTTS/train-clean-100/7312/92432/7312_92432_000008_000005.wav|And in a letter which I received not long since from this lady, who was gaining the bread of an exile by teaching languages in Constantinople, she alludes with much feeling to the support afforded by Miss Fuller to the republican party in Italy.
/hpc_stor03/sjtu_home/chaolei.liu/data/tts/LibriTTS/train-clean-100/4267/72637/4267_72637_000042_000001.wav|Jack!' she cried, putting her hand over my lips, and getting it well kissed in consequence.
/hpc_stor03/sjtu_home/chaolei.liu/data/tts/LibriTTS/train-clean-100/4051/11218/4051_11218_000037_000004.wav|But Lynceus, with his sharp eyes, had already caught a glimpse of him, bringing the Golden Fleece, although several stone walls, a hill, and the black shadows of the Grove of Mars, intervened between.
/hpc_stor03/sjtu_home/chaolei.liu/data/tts/LibriTTS/train-clean-100/2817/142380/2817_142380_000003_000004.wav|He is roused by a knock at the door.
/hpc_stor03/sjtu_home/chaolei.liu/data/tts/LibriTTS/train-clean-100/7447/91186/7447_91186_000017_000007.wav|The same equilibrium is maintained in his piano and violin sonatas and his other concerted chamber music, amid all their persuasive and eloquent discourse.
/hpc_stor03/sjtu_home/chaolei.liu/data/tts/LibriTTS/train-clean-100/3664/178366/3664_178366_000019_000004.wav|I confess that I felt very much embarrassed--never more so in my life--and I knew not what to say.
/hpc_stor03/sjtu_home/chaolei.liu/data/tts/LibriTTS/train-clean-100/3259/158083/3259_158083_000029_000004.wav|Miss Burns received six months.
/hpc_stor03/sjtu_home/chaolei.liu/data/tts/LibriTTS/train-clean-100/460/172359/460_172359_000016_000001.wav|You see, Jefferson's forte, or specialty, was information.
/hpc_stor03/sjtu_home/chaolei.liu/data/tts/LibriTTS/train-clean-100/887/123289/887_123289_000046_000000.wav|I ought by this time to have been quite accustomed to my uncle's ways; yet there was always something fresh about him to astonish me.
/hpc_stor03/sjtu_home/chaolei.liu/data/tts/LibriTTS/train-clean-100/7517/100442/7517_100442_000008_000004.wav|I shall be at the bookstall next Monday and I shall have to buy another copy.
/hpc_stor03/sjtu_home/chaolei.liu/data/tts/LibriTTS/train-clean-100/412/126975/412_126975_000058_000001.wav|With real though rude art, the harlequin danced slowly backwards out of the door into the garden, which was full of moonlight and stillness.
/hpc_stor03/sjtu_home/chaolei.liu/data/tts/LibriTTS/train-clean-100/2384/152900/2384_152900_000014_000011.wav|The sole was to be thick and stiff -- for we had to be prepared to use crampons -- but the uppers as soft as possible.
/hpc_stor03/sjtu_home/chaolei.liu/data/tts/LibriTTS/train-clean-100/4088/158077/4088_158077_000103_000003.wav|"They were promptly arrested for ""obstructing the traffic."" They, too, were dismissed and their cases never tried."
/hpc_stor03/sjtu_home/chaolei.liu/data/tts/LibriTTS/train-clean-100/481/123720/481_123720_000033_000001.wav|As he walked he began to stamp with his heels.
/hpc_stor03/sjtu_home/chaolei.liu/data/tts/LibriTTS/train-clean-100/4788/294466/4788_294466_000003_000000.wav|Mary lifted startled blue eyes.
/hpc_stor03/sjtu_home/chaolei.liu/data/tts/LibriTTS/train-clean-100/1970/28415/1970_28415_000007_000003.wav|They heard the shouting, and they understood the words.
/hpc_stor03/sjtu_home/chaolei.liu/data/tts/LibriTTS/train-clean-100/103/1241/103_1241_000074_000001.wav|All she said might just as well have been about most of those other places.
/hpc_stor03/sjtu_home/chaolei.liu/data/tts/LibriTTS/train-clean-100/8098/278278/8098_278278_000011_000000.wav|We journeyed until ten at night, stopping at Florisant only a few minutes to buy a crate of peaches.
/hpc_stor03/sjtu_home/chaolei.liu/data/tts/LibriTTS/train-clean-100/8580/287364/8580_287364_000057_000001.wav|"""He was one of those who took me to the secret cave."
/hpc_stor03/sjtu_home/chaolei.liu/data/tts/LibriTTS/train-clean-100/5678/43303/5678_43303_000059_000004.wav|"In half-an-hour the way will be stopped."""
/hpc_stor03/sjtu_home/chaolei.liu/data/tts/LibriTTS/train-clean-100/8063/274115/8063_274115_000071_000001.wav|"I have rooms for a couple of friends, that's all."""
/hpc_stor03/sjtu_home/chaolei.liu/data/tts/LibriTTS/train-clean-100/7859/102519/7859_102519_000013_000005.wav|Accordingly the nose of Leontius was slit, and he was placed in confinement in a monastery.
/hpc_stor03/sjtu_home/chaolei.liu/data/tts/LibriTTS/train-clean-100/374/180298/374_180298_000053_000000.wav|"""Would you be happy here?"" she said to me."
/hpc_stor03/sjtu_home/chaolei.liu/data/tts/LibriTTS/train-clean-100/3242/67153/3242_67153_000016_000005.wav|So I raised his salary, and made him an assistant timekeeper and checker.
/hpc_stor03/sjtu_home/chaolei.liu/data/tts/LibriTTS/train-clean-100/4898/28461/4898_28461_000009_000000.wav|"Thirty-five miles above the Big Stickeen Glacier is the ""Dirt Glacier,"" the second in size."
/hpc_stor03/sjtu_home/chaolei.liu/data/tts/LibriTTS/train-clean-100/6367/65536/6367_65536_000021_000000.wav|When it was quite dark he descended the hill resolutely.
/hpc_stor03/sjtu_home/chaolei.liu/data/tts/LibriTTS/train-clean-100/2836/5355/2836_5355_000082_000002.wav|"I shall give you a few hundred a year with him."""
/hpc_stor03/sjtu_home/chaolei.liu/data/tts/LibriTTS/train-clean-100/403/126855/403_126855_000019_000000.wav|And that same evening, sure enough, they saw Chee-Chee's cousin and a lot of other monkeys, who had not yet got sick, sitting in the trees by the edge of a swamp, looking and waiting for them.
/hpc_stor03/sjtu_home/chaolei.liu/data/tts/LibriTTS/train-clean-100/118/47824/118_47824_000067_000003.wav|Clearly he had slept little.
/hpc_stor03/sjtu_home/chaolei.liu/data/tts/LibriTTS/train-clean-100/7178/34644/7178_34644_000091_000000.wav|"""A corpse to be carried away to-night."""
/hpc_stor03/sjtu_home/chaolei.liu/data/tts/LibriTTS/train-clean-100/6181/216552/6181_216552_000061_000000.wav|For that reason, every institution and every law based on property will perish.
/hpc_stor03/sjtu_home/chaolei.liu/data/tts/LibriTTS/train-clean-100/19/198/19_198_000012_000000.wav|From Pope, she learnt to censure those who
/hpc_stor03/sjtu_home/chaolei.liu/data/tts/LibriTTS/train-clean-100/1355/39947/1355_39947_000013_000002.wav|And if the absurdity of such a proposal is recognized it seems to many justified to demand such an intrusion at least in the case of the born criminal, even if the occasional criminal cannot be reached.
/hpc_stor03/sjtu_home/chaolei.liu/data/tts/LibriTTS/train-clean-100/1898/145715/1898_145715_000030_000001.wav|She had no doubt (though really I cannot think why) that the moment had come in which to use the nut which had been given her.
/hpc_stor03/sjtu_home/chaolei.liu/data/tts/LibriTTS/train-clean-100/2514/149482/2514_149482_000008_000002.wav|They dreamt dreams, in truth, he appeared to perceive, that fairly waked HIM up, and he settled himself in his place both to resist his embarrassment and to catch the full revelation.
/hpc_stor03/sjtu_home/chaolei.liu/data/tts/LibriTTS/train-clean-100/8238/283452/8238_283452_000022_000004.wav|Or possibly a woman knows that a masculine spook is, after all, only a man, and therefore may be charmed into helplessness, while the feminine can be seen through by another woman and thus disarmed.
/hpc_stor03/sjtu_home/chaolei.liu/data/tts/LibriTTS/train-clean-100/6437/66173/6437_66173_000046_000001.wav|"""Just like me when I was young--always in one kind of trouble or another."
/hpc_stor03/sjtu_home/chaolei.liu/data/tts/LibriTTS/train-clean-100/1334/135589/1334_135589_000006_000000.wav|"""You are here highly spoken of,"" said the prince, ""for so young a man. So you were at the affair of Worcester?"
/hpc_stor03/sjtu_home/chaolei.liu/data/tts/LibriTTS/train-clean-100/4362/15663/4362_15663_000037_000003.wav|Sisson's children came in with flowers and covered my bed, and the storm on the mountaintop banished like a dream.
/hpc_stor03/sjtu_home/chaolei.liu/data/tts/LibriTTS/train-clean-100/1926/147987/1926_147987_000016_000001.wav|They found the place locked up, and they had to break the window to get into Antonia's bedroom.
/hpc_stor03/sjtu_home/chaolei.liu/data/tts/LibriTTS/train-clean-100/3699/19401/3699_19401_000037_000000.wav|Stick a pin in the bosom of thy shirt, before thou enterest her parlour.
/hpc_stor03/sjtu_home/chaolei.liu/data/tts/LibriTTS/train-clean-100/6880/216547/6880_216547_000026_000000.wav|"""To sum up all these ideas in one inclusive question: What is the principle of heredity?"
/hpc_stor03/sjtu_home/chaolei.liu/data/tts/LibriTTS/train-clean-100/4340/15220/4340_15220_000052_000000.wav|"""Can't wait for you to get ready."""
/hpc_stor03/sjtu_home/chaolei.liu/data/tts/LibriTTS/train-clean-100/27/124992/27_124992_000057_000001.wav|And all the people cried to the Lord with great earnestness, and they humbled their souls in fastings, and prayers, both they and their wives.
/hpc_stor03/sjtu_home/chaolei.liu/data/tts/LibriTTS/train-clean-100/3879/173592/3879_173592_000032_000000.wav|Before the English top-sails had sunk beneath the horizon, the colonists bestirred themselves to depart.
/hpc_stor03/sjtu_home/chaolei.liu/data/tts/LibriTTS/train-clean-100/6078/54007/6078_54007_000043_000001.wav|He opened the trap-door, and went down the steep steps to the room below.
/hpc_stor03/sjtu_home/chaolei.liu/data/tts/LibriTTS/train-clean-100/3830/12535/3830_12535_000011_000002.wav|Not knowing but this was some cut-off, I went on until the Columbia River bluff was reached and the great river was in sight, half a mile distant and several hundred feet lower.
/hpc_stor03/sjtu_home/chaolei.liu/data/tts/LibriTTS/train-clean-100/2436/2481/2436_2481_000074_000001.wav|We don't want him killed, not attacked, even.
/hpc_stor03/sjtu_home/chaolei.liu/data/tts/LibriTTS/train-clean-100/322/124146/322_124146_000014_000001.wav|"She shall hear my opinion."""
/hpc_stor03/sjtu_home/chaolei.liu/data/tts/LibriTTS/train-clean-100/458/126290/458_126290_000006_000006.wav|I have never seen it in print.
/hpc_stor03/sjtu_home/chaolei.liu/data/tts/LibriTTS/train-clean-100/8797/294123/8797_294123_000016_000004.wav|Truly would he of himself constitute the much-heralded Yellow Peril were it not for his present management.
/hpc_stor03/sjtu_home/chaolei.liu/data/tts/LibriTTS/train-clean-100/7505/258958/7505_258958_000015_000003.wav|While they are storing up a supply of wood or coal it may be looked upon as the income, but they may burn it to help grow hothouse plants.
/hpc_stor03/sjtu_home/chaolei.liu/data/tts/LibriTTS/train-clean-100/2182/181183/2182_181183_000030_000002.wav|That's what you look at!
/hpc_stor03/sjtu_home/chaolei.liu/data/tts/LibriTTS/train-clean-100/3440/171009/3440_171009_000074_000000.wav|"""Please don't ask me, Lucy,"" replied the little girl, blushing deeply. ""Papa always has a good reason for what he does, and he is just the dearest, kindest, and best father that ever anybody had."""
/hpc_stor03/sjtu_home/chaolei.liu/data/tts/LibriTTS/train-clean-100/3486/166424/3486_166424_000052_000000.wav|Now Ruth and Dick were a scant fifty yards from the crevice.
/hpc_stor03/sjtu_home/chaolei.liu/data/tts/LibriTTS/train-clean-100/1069/133699/1069_133699_000057_000002.wav|He is a man of high, bold action.
/hpc_stor03/sjtu_home/chaolei.liu/data/tts/LibriTTS/train-clean-100/4441/76263/4441_76263_000049_000000.wav|"""I want it, and a pair of fire-tongs."""
/hpc_stor03/sjtu_home/chaolei.liu/data/tts/LibriTTS/train-clean-100/1098/133695/1098_133695_000014_000001.wav|Mr. Touchett was confined to his chair, and his wife's position was that of rather a grim visitor; so that in the line of conduct that opened itself to Ralph duty and inclination were harmoniously mixed.
/hpc_stor03/sjtu_home/chaolei.liu/data/tts/LibriTTS/train-clean-100/4137/11702/4137_11702_000041_000000.wav|"""Of course,"" said Hyacinth, deciding at once that it would not matter if she only told Coronel."
/hpc_stor03/sjtu_home/chaolei.liu/data/tts/LibriTTS/train-clean-100/8051/118101/8051_118101_000012_000002.wav|So he resolved to flee.
/hpc_stor03/sjtu_home/chaolei.liu/data/tts/LibriTTS/train-clean-100/233/155990/233_155990_000028_000013.wav|It was only the growth of the European powers in military efficiency that freed eastern Europe from the dreadful scourge of the Tartar and partially freed it from the dreadful scourge of the Turk.
/hpc_stor03/sjtu_home/chaolei.liu/data/tts/LibriTTS/train-clean-100/6147/34607/6147_34607_000010_000000.wav|At the same time she was mild at bottom.
/hpc_stor03/sjtu_home/chaolei.liu/data/tts/LibriTTS/train-clean-100/1040/133433/1040_133433_000101_000000.wav|"""I think I liked the home under the ground best of all."""
/hpc_stor03/sjtu_home/chaolei.liu/data/tts/LibriTTS/train-clean-100/1624/168623/1624_168623_000004_000009.wav|"He declared that he had ""a system."" In addition, he was a great swindler."
/hpc_stor03/sjtu_home/chaolei.liu/data/tts/LibriTTS/train-clean-100/426/122821/426_122821_000031_000003.wav|May God watch over you and protect you from all harm.
/hpc_stor03/sjtu_home/chaolei.liu/data/tts/LibriTTS/train-clean-100/1246/124548/1246_124548_000007_000005.wav|He was not Raymie; he was Major Wutherspoon; and Kennicott and Carol were grateful when he divulged that Paris wasn't half as pretty as Minneapolis, that all of the American soldiers had been distinguished by their morality when on leave.
/hpc_stor03/sjtu_home/chaolei.liu/data/tts/LibriTTS/train-clean-100/7226/86964/7226_86964_000025_000001.wav|The window, not at first discernible, proved to be a hole in the wall, some two feet square, which brought in little enough fresh air, at the best.
/hpc_stor03/sjtu_home/chaolei.liu/data/tts/LibriTTS/train-clean-100/8324/286682/8324_286682_000022_000003.wav|It was a beautiful hindfoot, thickly padded, and with short partly webbed toes, and no hair at all growing between them.
/hpc_stor03/sjtu_home/chaolei.liu/data/tts/LibriTTS/train-clean-100/2893/139310/2893_139310_000031_000004.wav|"Men were bawling for ""Order!"
/hpc_stor03/sjtu_home/chaolei.liu/data/tts/LibriTTS/train-clean-100/5514/19193/5514_19193_000013_000000.wav|"""My name is Eight-Pounder."""
/hpc_stor03/sjtu_home/chaolei.liu/data/tts/LibriTTS/train-clean-100/1578/6379/1578_6379_000051_000000.wav|"""What did Mam'selle think of that?"""
/hpc_stor03/sjtu_home/chaolei.liu/data/tts/LibriTTS/train-clean-100/4214/7146/4214_7146_000011_000001.wav|"""And asking Diana if she takes sugar!"
/hpc_stor03/sjtu_home/chaolei.liu/data/tts/LibriTTS/train-clean-100/1992/141719/1992_141719_000013_000000.wav|The other Champions play'd their Parts much better; and all came off with Credit.
/hpc_stor03/sjtu_home/chaolei.liu/data/tts/LibriTTS/train-clean-100/3982/178459/3982_178459_000011_000000.wav|"""You needn't tell me,"" she said."
/hpc_stor03/sjtu_home/chaolei.liu/data/tts/LibriTTS/train-clean-100/2007/132570/2007_132570_000016_000002.wav|All this I saw through the key-hole.
/hpc_stor03/sjtu_home/chaolei.liu/data/tts/LibriTTS/train-clean-100/8975/270782/8975_270782_000014_000009.wav|Less strained is the relationship between father and daughter, mother and son.
/hpc_stor03/sjtu_home/chaolei.liu/data/tts/LibriTTS/train-clean-100/4830/25898/4830_25898_000015_000000.wav|So he tried every day to fly and crow, and at last managed to get up; then how he did strut and rustle his feathers, while his playmates sat below and watched him.
/hpc_stor03/sjtu_home/chaolei.liu/data/tts/LibriTTS/train-clean-100/2952/408/2952_408_000010_000005.wav|He saw that Shape lift the corpse, as with hands, devour it, more quickly than a cat devours a rat,--beginning at the head, and eating everything: the hair and the bones and even the shroud.
/hpc_stor03/sjtu_home/chaolei.liu/data/tts/LibriTTS/train-clean-100/6454/120342/6454_120342_000011_000000.wav|I think the children had got inkling of what was coming, or perhaps Harry had hinted it to their mothers.
/hpc_stor03/sjtu_home/chaolei.liu/data/tts/LibriTTS/train-clean-100/4813/248641/4813_248641_000007_000009.wav|In 1681 the interior, like the exterior, is sternly bare.
/hpc_stor03/sjtu_home/chaolei.liu/data/tts/LibriTTS/train-clean-100/8465/246940/8465_246940_000008_000001.wav|The curate paused, but, receiving no assistance, ventured on again.
/hpc_stor03/sjtu_home/chaolei.liu/data/tts/LibriTTS/train-clean-100/2092/145706/2092_145706_000043_000004.wav|The little mouse had summoned every other mouse in the land to its help, and together they had collected all the grain in the kingdom.
/hpc_stor03/sjtu_home/chaolei.liu/data/tts/LibriTTS/train-clean-100/1963/142393/1963_142393_000005_000013.wav|It would be worse to have a discouraging answer by letter than from her own lips, for her presence reconciled him to her will.
/hpc_stor03/sjtu_home/chaolei.liu/data/tts/LibriTTS/train-clean-100/8468/295198/8468_295198_000036_000000.wav|"""Dear madam, consider my voice."
/hpc_stor03/sjtu_home/chaolei.liu/data/tts/LibriTTS/train-clean-100/1737/142396/1737_142396_000014_000001.wav|The Olympians are all past and gone.
/hpc_stor03/sjtu_home/chaolei.liu/data/tts/LibriTTS/train-clean-100/1455/138263/1455_138263_000018_000000.wav|"""I think that we can answer,"" said Barbicane; ""but according to my idea the question ought not to be put in that form."
/hpc_stor03/sjtu_home/chaolei.liu/data/tts/LibriTTS/train-clean-100/911/128684/911_128684_000011_000005.wav|Thus would these experiences, so far from being an obstacle to the pure experience philosophy, serve as an excellent corroboration of its truth.
/hpc_stor03/sjtu_home/chaolei.liu/data/tts/LibriTTS/train-clean-100/3857/182315/3857_182315_000030_000000.wav|But they carry it so far, they have few or no political rights. An ant doesn't have the vote, apparently: he just has his duties.
/hpc_stor03/sjtu_home/chaolei.liu/data/tts/LibriTTS/train-clean-100/1116/132847/1116_132847_000021_000002.wav|But the men did not know how this was to be done, and, shaking their heads over his obstinacy, left him to his fate.
/hpc_stor03/sjtu_home/chaolei.liu/data/tts/LibriTTS/train-clean-100/8838/298546/8838_298546_000022_000002.wav|"There was an old ring proverb that ""Youth will be served,"" but the annals of the ring offer a great number of exceptions."
/hpc_stor03/sjtu_home/chaolei.liu/data/tts/LibriTTS/train-clean-100/4397/15668/4397_15668_000003_000000.wav|Lilies are rare in Utah; so also are their companions the ferns and orchids, chiefly on account of the fiery saltness of the soil and climate.
/hpc_stor03/sjtu_home/chaolei.liu/data/tts/LibriTTS/train-clean-100/730/359/730_359_000006_000001.wav|The young man and his companion often went apart and appeared to weep.
/hpc_stor03/sjtu_home/chaolei.liu/data/tts/LibriTTS/train-clean-100/3168/173564/3168_173564_000017_000004.wav|She knew Prince Andrew was in the same yard as themselves and in a part of the hut across the passage; but this dreadful incessant moaning made her sob.
/hpc_stor03/sjtu_home/chaolei.liu/data/tts/LibriTTS/train-clean-100/2910/131096/2910_131096_000009_000001.wav|There are two fountains in Venus's garden, one of sweet waters, the other of bitter.
/hpc_stor03/sjtu_home/chaolei.liu/data/tts/LibriTTS/train-clean-100/298/126790/298_126790_000008_000000.wav|"""Hearts,"" repeated Katy, catching her breath."
/hpc_stor03/sjtu_home/chaolei.liu/data/tts/LibriTTS/train-clean-100/2911/7601/2911_7601_000014_000000.wav|If still you think me mad, you will think so no longer when I describe the wise precautions I took for the concealment of the body.
/hpc_stor03/sjtu_home/chaolei.liu/data/tts/LibriTTS/train-clean-100/7780/274562/7780_274562_000005_000000.wav|When it had become definitely known that such was the enormous wealth inherited, there were, of course, many speculations as to the mode of its disposal.
/hpc_stor03/sjtu_home/chaolei.liu/data/tts/LibriTTS/train-clean-100/1867/154075/1867_154075_000027_000002.wav|It was somebody you met somewhere--on the train, perhaps, and you couldn't help smiling at him, eh?
/hpc_stor03/sjtu_home/chaolei.liu/data/tts/LibriTTS/train-clean-100/839/130898/839_130898_000046_000005.wav|If so, what did he feel?
/hpc_stor03/sjtu_home/chaolei.liu/data/tts/LibriTTS/train-clean-100/5390/24512/5390_24512_000054_000000.wav|Just so was it with the Hebrew copies of God's Word.
/hpc_stor03/sjtu_home/chaolei.liu/data/tts/LibriTTS/train-clean-100/3526/176653/3526_176653_000001_000005.wav|As he went on, she slid from her perch and with cat-footed quiet followed him.
/hpc_stor03/sjtu_home/chaolei.liu/data/tts/LibriTTS/train-clean-100/4014/186175/4014_186175_000015_000001.wav|"""Caught your message on deck."
/hpc_stor03/sjtu_home/chaolei.liu/data/tts/LibriTTS/train-clean-100/5778/54535/5778_54535_000008_000000.wav|James was the oldest in the family.
/hpc_stor03/sjtu_home/chaolei.liu/data/tts/LibriTTS/train-clean-100/2691/156755/2691_156755_000014_000001.wav|But Marie was so upset that she realized only that her heart was beating like a trip-hammer, and her form shaking like an aspen leaf, while being led before those august personages.
/hpc_stor03/sjtu_home/chaolei.liu/data/tts/LibriTTS/train-clean-100/7511/102420/7511_102420_000022_000004.wav|Some more shots, and those behind turned and went back the way they had come.
/hpc_stor03/sjtu_home/chaolei.liu/data/tts/LibriTTS/train-clean-100/5750/100289/5750_100289_000020_000005.wav|They must know that many distinguished army officers as well as traders and explorers left sons and daughters among the American tribes, especially during the first half of the nineteenth century.
/hpc_stor03/sjtu_home/chaolei.liu/data/tts/LibriTTS/train-clean-100/5163/18515/5163_18515_000011_000004.wav|But some one of them always got the money.
/hpc_stor03/sjtu_home/chaolei.liu/data/tts/LibriTTS/train-clean-100/4481/17498/4481_17498_000017_000000.wav|Major Doyle sat opposite, stiffly erect, with his admiring eyes full upon Patsy.
/hpc_stor03/sjtu_home/chaolei.liu/data/tts/LibriTTS/train-clean-100/8629/261140/8629_261140_000015_000003.wav|But I did not turn away.
/hpc_stor03/sjtu_home/chaolei.liu/data/tts/LibriTTS/train-clean-100/6529/62554/6529_62554_000024_000000.wav|"""That's not bad, what you say, Neb,"" observed Pencroft."
/hpc_stor03/sjtu_home/chaolei.liu/data/tts/LibriTTS/train-clean-100/5104/33406/5104_33406_000042_000000.wav|All this time they were making ready for the voyage, repairing the ship and filling it with stores.
/hpc_stor03/sjtu_home/chaolei.liu/data/tts/LibriTTS/train-clean-100/198/126831/198_126831_000063_000001.wav|As he did so, clear and sweet, rang out ten bell-like chimes.
/hpc_stor03/sjtu_home/chaolei.liu/data/tts/LibriTTS/train-clean-100/3112/9555/3112_9555_000011_000010.wav|There were ever so many other punishments accumulated on our heads.
/hpc_stor03/sjtu_home/chaolei.liu/data/tts/LibriTTS/train-clean-100/8770/295462/8770_295462_000043_000000.wav|"""'Well,' he said, 'let's have another chapter.'"
/hpc_stor03/sjtu_home/chaolei.liu/data/tts/LibriTTS/train-clean-100/4195/17507/4195_17507_000048_000000.wav|"""Hold fast,"" she called calmly to the driver, and began dragging him upward, inch by inch."
/hpc_stor03/sjtu_home/chaolei.liu/data/tts/LibriTTS/train-clean-100/2289/152258/2289_152258_000027_000001.wav|He therefore resolved to leave that city and go to Medina.
/hpc_stor03/sjtu_home/chaolei.liu/data/tts/LibriTTS/train-clean-100/1363/139304/1363_139304_000012_000004.wav|He caught at the table to save himself, knocking one of the glasses to the floor--it rang but did not break--and sat down in one of the armchairs.
/hpc_stor03/sjtu_home/chaolei.liu/data/tts/LibriTTS/train-clean-100/7190/90542/7190_90542_000084_000000.wav|"""We'll get away quickly,"" said Quarles."
/hpc_stor03/sjtu_home/chaolei.liu/data/tts/LibriTTS/train-clean-100/5393/19218/5393_19218_000111_000000.wav|"""You must try to find out where that wedding-party went to."""
/hpc_stor03/sjtu_home/chaolei.liu/data/tts/LibriTTS/train-clean-100/1088/129236/1088_129236_000028_000018.wav|For it is the nature and end of this relation, that they should represent the human race to each other. All that is in the world, which is or ought to be known, is cunningly wrought into the texture of man, of woman:--
/hpc_stor03/sjtu_home/chaolei.liu/data/tts/LibriTTS/train-clean-100/150/126112/150_126112_000053_000013.wav|The princess gave a shriek, and sprang into the lake.
/hpc_stor03/sjtu_home/chaolei.liu/data/tts/LibriTTS/train-clean-100/8108/280359/8108_280359_000006_000001.wav|He took care that his house should have four doors in it, that he might look out on every side and catch the first glimpse of the gods when they came, as he knew they would come, to take him away.
/hpc_stor03/sjtu_home/chaolei.liu/data/tts/LibriTTS/train-clean-100/5703/47212/5703_47212_000040_000000.wav|It was nearly three o'clock when they landed on the Inverashiel pier.
/hpc_stor03/sjtu_home/chaolei.liu/data/tts/LibriTTS/train-clean-100/5022/29405/5022_29405_000072_000004.wav|"Get out of the way."""
/hpc_stor03/sjtu_home/chaolei.liu/data/tts/LibriTTS/train-clean-100/587/54108/587_54108_000079_000000.wav|"""It must be time to sight home now,"" said her mother; ""I am quite chilly."""
/hpc_stor03/sjtu_home/chaolei.liu/data/tts/LibriTTS/train-clean-100/8095/274348/8095_274348_000004_000005.wav|When the duke was making preparations for a new embassy to Paris, a message was sent him from Louis, that he must not think of such a journey.
/hpc_stor03/sjtu_home/chaolei.liu/data/tts/LibriTTS/train-clean-100/8014/112602/8014_112602_000008_000002.wav|Even the single outer cloak was often striped, spotted, or chequered in various colours.
/hpc_stor03/sjtu_home/chaolei.liu/data/tts/LibriTTS/train-clean-100/200/124140/200_124140_000024_000001.wav|"""You quite mistook Mr. Darcy."
/hpc_stor03/sjtu_home/chaolei.liu/data/tts/LibriTTS/train-clean-100/8609/262281/8609_262281_000035_000001.wav|"""Then will you begin by rising early, and being ready for me at seven?"""
/hpc_stor03/sjtu_home/chaolei.liu/data/tts/LibriTTS/train-clean-100/7794/295947/7794_295947_000021_000004.wav|When the parents heard this, they were at their wits' end.
/hpc_stor03/sjtu_home/chaolei.liu/data/tts/LibriTTS/train-clean-100/1183/128659/1183_128659_000017_000000.wav|"To ""stump"" another boy to do a thing is considered as putting a certain obligation on him to perform the action indicated."
/hpc_stor03/sjtu_home/chaolei.liu/data/tts/LibriTTS/train-clean-100/1263/139804/1263_139804_000011_000009.wav|There are indeed some advantages in the government being in constant touch with each home under its care. The advertising department pays nearly all expenses of this whole system of journalism.
/hpc_stor03/sjtu_home/chaolei.liu/data/tts/LibriTTS/train-clean-100/4297/13006/4297_13006_000015_000005.wav|He had made Emily herself believe that the one strong passion of his life was his love for her, and this he had done without ever having asked for her love.
/hpc_stor03/sjtu_home/chaolei.liu/data/tts/LibriTTS/train-clean-100/2196/170379/2196_170379_000010_000000.wav|If there is one thing virtually certain about hypnosis it is that some parts of the brain are inhibited and other parts expanded by the process.
/hpc_stor03/sjtu_home/chaolei.liu/data/tts/LibriTTS/train-clean-100/3607/29116/3607_29116_000043_000006.wav|Son-in-law . . . sinecure in the negro institution. . . .
/hpc_stor03/sjtu_home/chaolei.liu/data/tts/LibriTTS/train-clean-100/8312/279791/8312_279791_000048_000005.wav|Inside the carriage sat little puppets, who behaved themselves just like live ladies and gentlemen.
/hpc_stor03/sjtu_home/chaolei.liu/data/tts/LibriTTS/train-clean-100/125/121342/125_121342_000043_000013.wav|What a dirty river--want to go down there and see if it's dirty--French rivers all brown or black, so were Southern rivers.
/hpc_stor03/sjtu_home/chaolei.liu/data/tts/LibriTTS/train-clean-100/6818/68772/6818_68772_000021_000000.wav|"""Except her looks,"" added Beth."
/hpc_stor03/sjtu_home/chaolei.liu/data/tts/LibriTTS/train-clean-100/2989/138028/2989_138028_000028_000001.wav|"In short then, mistress housekeeper, that is all, and there is nothing the matter, except what it is feared Don Quixote may do?"""
/hpc_stor03/sjtu_home/chaolei.liu/data/tts/LibriTTS/train-clean-100/1553/140048/1553_140048_000005_000001.wav|"""What can I do for you?"""
/hpc_stor03/sjtu_home/chaolei.liu/data/tts/LibriTTS/train-clean-100/1447/17506/1447_17506_000031_000000.wav|"""Find me, if you can, a Count Ferralti in the list."""
/hpc_stor03/sjtu_home/chaolei.liu/data/tts/LibriTTS/train-clean-100/7367/86737/7367_86737_000052_000006.wav|They sat down to dinner. Signor Pastrini had promised them a banquet; he gave them a tolerable repast.
/hpc_stor03/sjtu_home/chaolei.liu/data/tts/LibriTTS/train-clean-100/5463/39173/5463_39173_000062_000002.wav|He ought to know that she is a mere automaton, cold, lifeless, spiritless, and even vapid.
/hpc_stor03/sjtu_home/chaolei.liu/data/tts/LibriTTS/train-clean-100/201/127786/201_127786_000023_000002.wav|"But proceed; by-and-by I may tell you something that will astonish you as much as it will excite your compassion."""
/hpc_stor03/sjtu_home/chaolei.liu/data/tts/LibriTTS/train-clean-100/6476/57446/6476_57446_000044_000000.wav|"""Yes,"" replied Genzaburo, ""I too have suffered much;"" and so they told one another their mutual griefs, and from that day forth they constantly met at Sazen's house."
/hpc_stor03/sjtu_home/chaolei.liu/data/tts/LibriTTS/train-clean-100/254/27760/254_27760_000013_000006.wav|"I bow to the ground to you, and will pray to God for ever and ever, take me from here or I shall die..."""
/hpc_stor03/sjtu_home/chaolei.liu/data/tts/LibriTTS/train-clean-100/2518/154825/2518_154825_000010_000004.wav|Just at the end of this flat ledge, farthest from where the bridle-path leads down, but not a hundred yards from where we stand, there is a sheep-track leading up the cliff.
/hpc_stor03/sjtu_home/chaolei.liu/data/tts/LibriTTS/train-clean-100/5789/57158/5789_57158_000019_000000.wav|"""Would you like to go?"""
/hpc_stor03/sjtu_home/chaolei.liu/data/tts/LibriTTS/train-clean-100/4406/16882/4406_16882_000019_000004.wav|They told me they did as they were able, and it was some comfort to me, that the Lord stirred up children to look to Him.
/hpc_stor03/sjtu_home/chaolei.liu/data/tts/LibriTTS/train-clean-100/32/4137/32_4137_000023_000006.wav|On board the Patriot, the firemen were using oil, lard, butter, and even bacon, with the wood, for the purpose of raising the steam to its highest pitch.
/hpc_stor03/sjtu_home/chaolei.liu/data/tts/LibriTTS/train-clean-100/4859/26870/4859_26870_000023_000000.wav|Though Countess Mary told Natasha that those words in the Gospel must be understood differently, yet looking at Sonya she agreed with Natasha's explanation.
/hpc_stor03/sjtu_home/chaolei.liu/data/tts/LibriTTS/train-clean-100/1743/142912/1743_142912_000024_000003.wav|Finally curiosity got the best of him, and back he scampered, lipperty-lipperty-lip, to the foot of the tree in which Jenny Wren had her home.
/hpc_stor03/sjtu_home/chaolei.liu/data/tts/LibriTTS/train-clean-100/446/123501/446_123501_000005_000002.wav|Now commenced a series of evolutions which even then seemed ludicrous in the extreme.
/hpc_stor03/sjtu_home/chaolei.liu/data/tts/LibriTTS/train-clean-100/831/130739/831_130739_000025_000000.wav|At supper that night, holiday talk held undisputed sway.
/hpc_stor03/sjtu_home/chaolei.liu/data/tts/LibriTTS/train-clean-100/909/131041/909_131041_000012_000003.wav|The choice of SEVERAL, to form an intermediate body of electors, will be much less apt to convulse the community with any extraordinary or violent movements, than the choice of ONE who was himself to be the final object of the public wishes.
/hpc_stor03/sjtu_home/chaolei.liu/data/tts/LibriTTS/train-clean-100/4853/29413/4853_29413_000017_000012.wav|In two words, sir, if you mean to charge him before the magistrates with attempting your life, I'll take my Bible oath he did attempt it, and you may call me as your witness.
/hpc_stor03/sjtu_home/chaolei.liu/data/tts/LibriTTS/train-clean-100/26/496/26_496_000021_000003.wav|And no wonder, if they who were poring continually at the clouds saw shapes and figures, representations and appearances, which had nothing in them but air, and vapour.
/hpc_stor03/sjtu_home/chaolei.liu/data/tts/LibriTTS/train-clean-100/6209/34601/6209_34601_000092_000000.wav|The boy, under this menace, began to eat again.
/hpc_stor03/sjtu_home/chaolei.liu/data/tts/LibriTTS/train-clean-100/302/123516/302_123516_000019_000000.wav|"""If at all?"" roared Dak Kova."
/hpc_stor03/sjtu_home/chaolei.liu/data/tts/LibriTTS/train-clean-100/669/129074/669_129074_000004_000001.wav|As for Jos, even in that little interview in the garret at the Elephant Inn, she had found means to win back a great deal of his good-will.
/hpc_stor03/sjtu_home/chaolei.liu/data/tts/LibriTTS/train-clean-100/5867/48852/5867_48852_000093_000001.wav|It will be a joy to you in after years, and not a sorrow.
/hpc_stor03/sjtu_home/chaolei.liu/data/tts/LibriTTS/train-clean-100/7278/91083/7278_91083_000008_000006.wav|The Spanish Minister in 1778 offered eight hundred for it, that he might present it to his sovereign.
/hpc_stor03/sjtu_home/chaolei.liu/data/tts/LibriTTS/train-clean-100/211/122442/211_122442_000108_000002.wav|"You are acquainted with the Scriptures?"""
/hpc_stor03/sjtu_home/chaolei.liu/data/tts/LibriTTS/train-clean-100/229/130880/229_130880_000073_000001.wav|"And could master tell us the profits brought in by harvesting these banks of pearl oysters?"""
/hpc_stor03/sjtu_home/chaolei.liu/data/tts/LibriTTS/train-clean-100/5561/41615/5561_41615_000010_000000.wav|"""Then, of course, we won't ask you,"" said Anne Pierson quickly."
/hpc_stor03/sjtu_home/chaolei.liu/data/tts/LibriTTS/train-clean-100/7059/77897/7059_77897_000038_000000.wav|"""Well,"" said Mrs. Munger, complying without regard to Annie, ""all this diplomacy is certainly very exhausting."""
/hpc_stor03/sjtu_home/chaolei.liu/data/tts/LibriTTS/train-clean-100/226/122538/226_122538_000024_000003.wav|But above all else she needed just now a wise, strong, helpful friend, and Deryck had not failed her.
/hpc_stor03/sjtu_home/chaolei.liu/data/tts/LibriTTS/train-clean-100/3235/28452/3235_28452_000006_000002.wav|They came from the east, west, north and south, all sorry to know of her illness, and bringing presents with them.
/hpc_stor03/sjtu_home/chaolei.liu/data/tts/LibriTTS/train-clean-100/89/218/89_218_000012_000010.wav|Alarmed, but not discouraged, she tried it another way; a bolt flew, and she believed herself successful; but how strangely mysterious!
/hpc_stor03/sjtu_home/chaolei.liu/data/tts/LibriTTS/train-clean-100/3983/5331/3983_5331_000069_000000.wav|"""I thought business would have called me out, but I am not going now."
/hpc_stor03/sjtu_home/chaolei.liu/data/tts/LibriTTS/train-clean-100/2416/152139/2416_152139_000014_000000.wav|"""Take a chair,"" he said, over his shoulder--and then, turning in the act of dropping into his own chair, grasped suddenly at the edge of the desk instead, and, with a low, startled cry, stared across the room."
/hpc_stor03/sjtu_home/chaolei.liu/data/tts/LibriTTS/train-clean-100/8419/286667/8419_286667_000009_000004.wav|"Then she gave a pretty little start, and said, ""Oh, are you here?"
/hpc_stor03/sjtu_home/chaolei.liu/data/tts/LibriTTS/train-clean-100/5322/7678/5322_7678_000007_000006.wav|Altogether his spirits became gloomy.
/hpc_stor03/sjtu_home/chaolei.liu/data/tts/LibriTTS/train-clean-100/7635/105409/7635_105409_000028_000000.wav|"""But I ordered you just now, when the woman screamed, to rush in and let no one escape."""
/hpc_stor03/sjtu_home/chaolei.liu/data/tts/LibriTTS/train-clean-100/7302/86814/7302_86814_000006_000003.wav|"""Come, sir,"" he said, ""lend me twenty francs; you will soon be paid; you run no risks with me."
/hpc_stor03/sjtu_home/chaolei.liu/data/tts/LibriTTS/train-clean-100/4160/11550/4160_11550_000025_000002.wav|"I think I was wondering most whether you would be as faithful as Pamela."""
/hpc_stor03/sjtu_home/chaolei.liu/data/tts/LibriTTS/train-clean-100/8088/284756/8088_284756_000038_000002.wav|There was nothing sinister in the gaze, yet I felt my body shaking as though in the grip of a terrible fear.
/hpc_stor03/sjtu_home/chaolei.liu/data/tts/LibriTTS/train-clean-100/4018/103416/4018_103416_000020_000000.wav|"""Was I pretty awful last night?"" he asked."
/hpc_stor03/sjtu_home/chaolei.liu/data/tts/LibriTTS/train-clean-100/1502/122619/1502_122619_000061_000000.wav|The eyes of the old man were closed, as though the organs were wearied with having so long witnessed the selfish workings of the human passions.
/hpc_stor03/sjtu_home/chaolei.liu/data/tts/LibriTTS/train-clean-100/7113/86041/7113_86041_000003_000006.wav|When he understood this he flew down again in a great hurry into the thicket, and took the form of a handsome young man--that was the best way--and he fell in love with the girl then and there.
/hpc_stor03/sjtu_home/chaolei.liu/data/tts/LibriTTS/train-clean-100/405/130894/405_130894_000034_000000.wav|"""Without taking into account,"" Ned answered, ""that once we're out of this damned prison, we'll still be cooped up beneath the Ice Bank, without any possible contact with the open air!"""
/hpc_stor03/sjtu_home/chaolei.liu/data/tts/LibriTTS/train-clean-100/7402/90848/7402_90848_000015_000000.wav|And so, in less time than it takes to tell about it, poor simpleton Bobo was made ready for his journey.
/hpc_stor03/sjtu_home/chaolei.liu/data/tts/LibriTTS/train-clean-100/696/93314/696_93314_000049_000000.wav|"""I'm not likely to have forgotten you,"" said the Lover."
/hpc_stor03/sjtu_home/chaolei.liu/data/tts/LibriTTS/train-clean-100/7264/92310/7264_92310_000012_000003.wav|"The same man who owned ""The Daily Times"" was a shareholder in Jones's Soap or Smith's Pills."
/hpc_stor03/sjtu_home/chaolei.liu/data/tts/LibriTTS/train-clean-100/39/121916/39_121916_000015_000010.wav|"I do not think it could disagree with you."""
/hpc_stor03/sjtu_home/chaolei.liu/data/tts/LibriTTS/train-clean-100/7078/271888/7078_271888_000034_000001.wav|"Pray sit down,"" I said coldly, motioning her to an armchair."
/hpc_stor03/sjtu_home/chaolei.liu/data/tts/LibriTTS/train-clean-100/40/121026/40_121026_000179_000004.wav|Dantes followed; his features were no longer contracted, and now wore their usual expression, but there was that in his whole appearance that bespoke one who had come to a fixed and desperate resolve.
/hpc_stor03/sjtu_home/chaolei.liu/data/tts/LibriTTS/train-clean-100/7067/76047/7067_76047_000058_000001.wav|For such people as you two anyhow.
/hpc_stor03/sjtu_home/chaolei.liu/data/tts/LibriTTS/train-clean-100/1841/150351/1841_150351_000010_000001.wav|When an Indian wished to take a sweat, hot stones were placed in one of these houses, and after he had entered and all openings were closed, he poured water upon the stones until the room was filled with steam.
/hpc_stor03/sjtu_home/chaolei.liu/data/tts/LibriTTS/train-clean-100/5339/14133/5339_14133_000004_000001.wav|She was rather thinner and paler; but whatever change there was in her was always an improvement in Philip's eyes, so long as she spoke graciously to him.
/hpc_stor03/sjtu_home/chaolei.liu/data/tts/LibriTTS/train-clean-100/3240/131231/3240_131231_000052_000000.wav|In amiable accommodation to the crucifixion it'll get, I think--
/hpc_stor03/sjtu_home/chaolei.liu/data/tts/LibriTTS/train-clean-100/2136/5147/2136_5147_000022_000000.wav|'I hope you are better, Madame,' I said, approaching.
/hpc_stor03/sjtu_home/chaolei.liu/data/tts/LibriTTS/train-clean-100/2391/145015/2391_145015_000014_000004.wav|Edward Cooper did not live undistinguished.
/hpc_stor03/sjtu_home/chaolei.liu/data/tts/LibriTTS/train-clean-100/6848/76049/6848_76049_000018_000001.wav|Until at last a day would come....
/hpc_stor03/sjtu_home/chaolei.liu/data/tts/LibriTTS/train-clean-100/8630/305212/8630_305212_000014_000000.wav|But Monica's happiness was to be short-lived, for it seemed that Patricius would soon rejoin his mother.
/hpc_stor03/sjtu_home/chaolei.liu/data/tts/LibriTTS/train-clean-100/5808/48608/5808_48608_000009_000008.wav|And men relate a tale of
/hpc_stor03/sjtu_home/chaolei.liu/data/tts/LibriTTS/train-clean-100/2843/152918/2843_152918_000000_000005.wav|There was thus no great sign of depression to be noticed when we came back into the tent after finishing our work, and had to while away the time.
/hpc_stor03/sjtu_home/chaolei.liu/data/tts/LibriTTS/train-clean-100/60/121082/60_121082_000096_000007.wav|The two friends, as we see, were worthy of and understood one another.
/hpc_stor03/sjtu_home/chaolei.liu/data/tts/LibriTTS/train-clean-100/8747/293952/8747_293952_000085_000000.wav|"""Would I be better off if I married you?"""
/hpc_stor03/sjtu_home/chaolei.liu/data/tts/LibriTTS/train-clean-100/6531/61334/6531_61334_000020_000001.wav|No fewer than thirty-two expeditions were recorded on his famous black obelisk.
/hpc_stor03/sjtu_home/chaolei.liu/data/tts/LibriTTS/train-clean-100/6272/70171/6272_70171_000006_000001.wav|"""By to-morrow these little white bells will be dead."""
/hpc_stor03/sjtu_home/chaolei.liu/data/tts/LibriTTS/train-clean-100/87/121553/87_121553_000072_000000.wav|That which can die, and that which dieth not, Are nothing but the splendour of the idea Which by his love our Lord brings into being;
/hpc_stor03/sjtu_home/chaolei.liu/data/tts/LibriTTS/train-clean-100/6415/116629/6415_116629_000025_000000.wav|"""I know what you mean,"" he went on, ""but I am not so very stupid as you think."
/hpc_stor03/sjtu_home/chaolei.liu/data/tts/LibriTTS/train-clean-100/4640/19187/4640_19187_000037_000000.wav|All these hopes were exchanged between the different groups in a sort of gay and formidable whisper which resembled the warlike hum of a hive of bees.
/hpc_stor03/sjtu_home/chaolei.liu/data/tts/LibriTTS/train-clean-100/83/9960/83_9960_000006_000002.wav|He waited, in the hope of some incident, no matter of what nature, since he could not collect his thoughts and did not know upon what course to decide.
/hpc_stor03/sjtu_home/chaolei.liu/data/tts/LibriTTS/train-clean-100/3436/172162/3436_172162_000018_000001.wav|But Guenever had full leisure to repent the haste with which she had given credit to the tale.
/hpc_stor03/sjtu_home/chaolei.liu/data/tts/LibriTTS/train-clean-100/6064/300880/6064_300880_000078_000002.wav|"Hardly had he settled when a young couple in suspiciously new apparel arrived, and were shown into Drawing-Room ""A,"" at the upper end of the car."
/hpc_stor03/sjtu_home/chaolei.liu/data/tts/LibriTTS/train-clean-100/6563/285357/6563_285357_000003_000002.wav|A strong wind caught the ungainly airship, she dipped her nose into the water, and as the motor was set going she was driven deeper into the lake, the vessel only being saved by hurried deflation.
/hpc_stor03/sjtu_home/chaolei.liu/data/tts/LibriTTS/train-clean-100/196/122150/196_122150_000006_000007.wav|They were attuned to the eternal peace of Eastern sky and sea.
/hpc_stor03/sjtu_home/chaolei.liu/data/tts/LibriTTS/train-clean-100/1594/135914/1594_135914_000012_000001.wav|"Was there any need of staying a whole month after my return, before you sent me word where you were?"" ""Commander of the true believers,"" answered Fetnah, ""Ganem went abroad so very seldom, that you need not wonder we were not the first that heard of your return."
/hpc_stor03/sjtu_home/chaolei.liu/data/tts/LibriTTS/train-clean-100/5456/62014/5456_62014_000010_000002.wav|Now, den, ef y'all raidy, I gwine begin.
/hpc_stor03/sjtu_home/chaolei.liu/data/tts/LibriTTS/train-clean-100/6081/41998/6081_41998_000019_000002.wav|If I were master here, on days like this, I would charge an admission fee of two sous a head, with half-price for children.
/hpc_stor03/sjtu_home/chaolei.liu/data/tts/LibriTTS/train-clean-100/6000/55211/6000_55211_000005_000001.wav|"""I want you to go with me, if you can, to see a Mrs. Greggory."
/hpc_stor03/sjtu_home/chaolei.liu/data/tts/LibriTTS/train-clean-100/8123/275216/8123_275216_000050_000003.wav|"There have been scarcely any buds on my lowest branches this year, you overshadow me so."""
/hpc_stor03/sjtu_home/chaolei.liu/data/tts/LibriTTS/train-clean-100/5652/19215/5652_19215_000024_000002.wav|Happiness is only the necessary.
/hpc_stor03/sjtu_home/chaolei.liu/data/tts/LibriTTS/train-clean-100/1034/121119/1034_121119_000064_000001.wav|What am I?--the law.
/hpc_stor03/sjtu_home/chaolei.liu/data/tts/LibriTTS/train-clean-100/6385/34669/6385_34669_000023_000004.wav|In stowing the cargo a passage was left between the packages of which it consisted.
/hpc_stor03/sjtu_home/chaolei.liu/data/tts/LibriTTS/train-clean-100/6019/3185/6019_3185_000016_000004.wav|Unparalleled was the impression made upon our stagnant society; every tongue was busy in discussing the marvelous young Englishman from morning to night; every female fancy was busy in depicting the personal appearance of this gay apparition.
/hpc_stor03/sjtu_home/chaolei.liu/data/tts/LibriTTS/train-clean-100/1235/135883/1235_135883_000008_000003.wav|"When I have done this, I will come back and submit to whatever you shall please to command."" ""But,"" said the genie, ""if I grant you the time you ask, I doubt you will never return?"""
/hpc_stor03/sjtu_home/chaolei.liu/data/tts/LibriTTS/train-clean-100/4680/16041/4680_16041_000029_000000.wav|It was indispensable that all should be ended on the following day, that triumph should rest either here or there, that the insurrection should prove itself a revolution or a skirmish.
/hpc_stor03/sjtu_home/chaolei.liu/data/tts/LibriTTS/train-clean-100/250/142286/250_142286_000003_000004.wav|Yet Crampton was too far off for her to walk; and she had repeatedly questioned her son as to whether his wish that she should call on the Hales was strong enough to bear the expense of cab-hire.
/hpc_stor03/sjtu_home/chaolei.liu/data/tts/LibriTTS/train-clean-100/7800/283478/7800_283478_000029_000002.wav|"If I had a boy, I'd want him to be just your style, Frank."""
/hpc_stor03/sjtu_home/chaolei.liu/data/tts/LibriTTS/train-clean-100/3214/167602/3214_167602_000044_000001.wav|"""You know it has cost money!"
/hpc_stor03/sjtu_home/chaolei.liu/data/tts/LibriTTS/train-clean-100/7312/92432/7312_92432_000011_000001.wav|During this period I received several letters from her, all of which, though reluctant to part with them, I enclose to your address in compliance with your request.
/hpc_stor03/sjtu_home/chaolei.liu/data/tts/LibriTTS/train-clean-100/4267/287369/4267_287369_000019_000002.wav|His face wore a rather serious air, and Mr. Damon, noting it, asked laughingly:
/hpc_stor03/sjtu_home/chaolei.liu/data/tts/LibriTTS/train-clean-100/4051/10927/4051_10927_000011_000001.wav|"Your too animated conversation this evening with Count Vronsky"" (he enunciated the name firmly and with deliberate emphasis) ""attracted attention."""
/hpc_stor03/sjtu_home/chaolei.liu/data/tts/LibriTTS/train-clean-100/2817/142371/2817_142371_000016_000000.wav|"""Thank you; I will do so."
/hpc_stor03/sjtu_home/chaolei.liu/data/tts/LibriTTS/train-clean-100/7447/91186/7447_91186_000016_000002.wav|It was highly extolled by Mozart, and to it Clementi ascribed his knowledge and skill.
/hpc_stor03/sjtu_home/chaolei.liu/data/tts/LibriTTS/train-clean-100/8226/274369/8226_274369_000032_000001.wav|He was accompanied by his ordinary retinue, to the number of above two hundred, armed as usual, some with halberts, some with walking swords.
/hpc_stor03/sjtu_home/chaolei.liu/data/tts/LibriTTS/train-clean-100/3664/178355/3664_178355_000004_000000.wav|The hunt took place about twenty miles east of Sheridan, and as it had been pretty well advertised and noised abroad, a large crowd witnessed the interesting and exciting scene.
/hpc_stor03/sjtu_home/chaolei.liu/data/tts/LibriTTS/train-clean-100/3259/158083/3259_158083_000047_000001.wav|Then I lost my balance and fell against the iron bed.
/hpc_stor03/sjtu_home/chaolei.liu/data/tts/LibriTTS/train-clean-100/460/172357/460_172357_000004_000004.wav|This was during the hard times of Canadian farming, and my father was just able by great diligence to pay the hired men and, in years of plenty, to raise enough grain to have seed for the next year's crop without buying any.
/hpc_stor03/sjtu_home/chaolei.liu/data/tts/LibriTTS/train-clean-100/887/123291/887_123291_000011_000000.wav|We knew all these details, but we were not aware that since our departure the question had advanced to farther stages.
/hpc_stor03/sjtu_home/chaolei.liu/data/tts/LibriTTS/train-clean-100/7517/100429/7517_100429_000006_000006.wav|For there is ever before our minds that great moment in the future when the pond is at last full.
/hpc_stor03/sjtu_home/chaolei.liu/data/tts/LibriTTS/train-clean-100/412/126975/412_126975_000075_000000.wav|"""Chloroform,"" he said as he rose; ""I only guessed it just now."""
/hpc_stor03/sjtu_home/chaolei.liu/data/tts/LibriTTS/train-clean-100/2384/152900/2384_152900_000006_000004.wav|We also had quantities of loose straps.
/hpc_stor03/sjtu_home/chaolei.liu/data/tts/LibriTTS/train-clean-100/4088/158077/4088_158077_000109_000002.wav|It would have been exceedingly droll if it had not been so tragic.
/hpc_stor03/sjtu_home/chaolei.liu/data/tts/LibriTTS/train-clean-100/481/123720/481_123720_000041_000001.wav|But I will talk about that fellow, about that plague of mine, another time.
/hpc_stor03/sjtu_home/chaolei.liu/data/tts/LibriTTS/train-clean-100/4788/91208/4788_91208_000012_000003.wav|"He acknowledged the force of Mr. Mill's argument, that ""The Infinite"" must include ""a farrago of contradictions;"" but so also, he said, does the Finite."
/hpc_stor03/sjtu_home/chaolei.liu/data/tts/LibriTTS/train-clean-100/1970/28415/1970_28415_000024_000001.wav|The next day some of the rulers came to Jesus and said:
/hpc_stor03/sjtu_home/chaolei.liu/data/tts/LibriTTS/train-clean-100/103/1241/103_1241_000025_000013.wav|When we got on the train I felt as if everybody must be looking at me and pitying me.
/hpc_stor03/sjtu_home/chaolei.liu/data/tts/LibriTTS/train-clean-100/8098/278278/8098_278278_000014_000000.wav|"""I think best to go through the woods,"" said the valet."
/hpc_stor03/sjtu_home/chaolei.liu/data/tts/LibriTTS/train-clean-100/8580/287364/8580_287364_000008_000000.wav|"""I knew something would happen on this voyage,"" came from Mr. Parker."
/hpc_stor03/sjtu_home/chaolei.liu/data/tts/LibriTTS/train-clean-100/5678/43302/5678_43302_000059_000002.wav|Well, watch her, won't you?...
/hpc_stor03/sjtu_home/chaolei.liu/data/tts/LibriTTS/train-clean-100/8063/274112/8063_274112_000074_000002.wav|And the blue devils make people get thin.
/hpc_stor03/sjtu_home/chaolei.liu/data/tts/LibriTTS/train-clean-100/7859/102519/7859_102519_000008_000002.wav|As he parted from his friends he exclaimed that his days were numbered, and that he should be expecting the order for his execution to arrive at any moment.
/hpc_stor03/sjtu_home/chaolei.liu/data/tts/LibriTTS/train-clean-100/374/180298/374_180298_000050_000000.wav|"""Yes, yes, an excellent idea,"" I stammered, not knowing what I was saying."
/hpc_stor03/sjtu_home/chaolei.liu/data/tts/LibriTTS/train-clean-100/3242/8112/3242_8112_000008_000000.wav|"""Major,"" she said, ""how about a tiny little refill on that Puya--about half?"""
/hpc_stor03/sjtu_home/chaolei.liu/data/tts/LibriTTS/train-clean-100/4898/28461/4898_28461_000010_000001.wav|Here, too, occurs a marked change in climate and consequently in forests and general appearance of the face of the country.
/hpc_stor03/sjtu_home/chaolei.liu/data/tts/LibriTTS/train-clean-100/6367/74004/6367_74004_000037_000001.wav|"""But, I say, isn't that Old Fellow game?"
/hpc_stor03/sjtu_home/chaolei.liu/data/tts/LibriTTS/train-clean-100/2836/5354/2836_5354_000008_000000.wav|It was very late for breakfast, but why should she rise early only to drag through another endless day?
/hpc_stor03/sjtu_home/chaolei.liu/data/tts/LibriTTS/train-clean-100/403/126855/403_126855_000036_000000.wav|"And the big one shouted to the Doctor, ""Walk over!"
/hpc_stor03/sjtu_home/chaolei.liu/data/tts/LibriTTS/train-clean-100/118/47824/118_47824_000051_000002.wav|For him yesterday's incident was not so lightly to be passed over.
/hpc_stor03/sjtu_home/chaolei.liu/data/tts/LibriTTS/train-clean-100/7178/34645/7178_34645_000012_000014.wav|Hence the king may order the suppression of a limb like the suppression of a state, etc.
/hpc_stor03/sjtu_home/chaolei.liu/data/tts/LibriTTS/train-clean-100/6181/216552/6181_216552_000004_000000.wav|After this magnificent introduction, who would refuse to believe the human race to be an immense family living in brotherly union, and under the protection of a venerable father?
/hpc_stor03/sjtu_home/chaolei.liu/data/tts/LibriTTS/train-clean-100/19/198/19_198_000000_000002.wav|For more information, or to volunteer, please visit librivox.org.
/hpc_stor03/sjtu_home/chaolei.liu/data/tts/LibriTTS/train-clean-100/1355/39947/1355_39947_000022_000007.wav|Literature and the libraries, the newspapers and the magazines play there a foremost role, and again the mental health of the community has to pay the penalty if its newspapers work against general culture.
/hpc_stor03/sjtu_home/chaolei.liu/data/tts/LibriTTS/train-clean-100/1898/145724/1898_145724_000035_000000.wav|'You are a brave youth, and I will make you my body-servant.
/hpc_stor03/sjtu_home/chaolei.liu/data/tts/LibriTTS/train-clean-100/2514/149482/2514_149482_000010_000003.wav|"""Remember, Mrs. Stringham, that you weren't then present."""
/hpc_stor03/sjtu_home/chaolei.liu/data/tts/LibriTTS/train-clean-100/8238/283452/8238_283452_000024_000000.wav|But in these days of individualism and radical liberalism, spooks as well as mortals are expanding their personalities and indulging in greater freedom.
/hpc_stor03/sjtu_home/chaolei.liu/data/tts/LibriTTS/train-clean-100/6437/66172/6437_66172_000010_000000.wav|I naturally shrunk back at this friendly piece of information.
/hpc_stor03/sjtu_home/chaolei.liu/data/tts/LibriTTS/train-clean-100/1334/135589/1334_135589_000092_000005.wav|He left his property to Clara, about a year after her marriage to Humphrey.
/hpc_stor03/sjtu_home/chaolei.liu/data/tts/LibriTTS/train-clean-100/4362/15663/4362_15663_000026_000001.wav|And how lavishly the snow fell only mountaineers may know.
/hpc_stor03/sjtu_home/chaolei.liu/data/tts/LibriTTS/train-clean-100/1926/147987/1926_147987_000014_000008.wav|She seemed to understand, though I was too faint and miserable to go into explanations.
/hpc_stor03/sjtu_home/chaolei.liu/data/tts/LibriTTS/train-clean-100/3699/19402/3699_19402_000026_000001.wav|quoth my uncle Toby, facing quite about to the corporal.
/hpc_stor03/sjtu_home/chaolei.liu/data/tts/LibriTTS/train-clean-100/6880/216547/6880_216547_000045_000000.wav|"""These three propositions, put to vote, are adopted."""
/hpc_stor03/sjtu_home/chaolei.liu/data/tts/LibriTTS/train-clean-100/4340/15220/4340_15220_000087_000000.wav|"""What do you suppose your mother will say to you?"" asked Ben, feeling much reproached by her last words."
/hpc_stor03/sjtu_home/chaolei.liu/data/tts/LibriTTS/train-clean-100/3879/174923/3879_174923_000024_000000.wav|"""No stones can be dangerous,"" said Mrs. Low."
/hpc_stor03/sjtu_home/chaolei.liu/data/tts/LibriTTS/train-clean-100/6078/54013/6078_54013_000061_000002.wav|He knocked at the door, and the wise man who had been his master opened to him.
/hpc_stor03/sjtu_home/chaolei.liu/data/tts/LibriTTS/train-clean-100/3830/12531/3830_12531_000038_000001.wav|Mt. Rainier looked bigger and taller than ever.
/hpc_stor03/sjtu_home/chaolei.liu/data/tts/LibriTTS/train-clean-100/2436/2477/2436_2477_000060_000002.wav|They wanted to know what kind of a ship this was.
/hpc_stor03/sjtu_home/chaolei.liu/data/tts/LibriTTS/train-clean-100/322/124146/322_124146_000013_000000.wav|"""Speak to Lizzy about it yourself."
/hpc_stor03/sjtu_home/chaolei.liu/data/tts/LibriTTS/train-clean-100/458/126294/458_126294_000008_000000.wav|The two children therefore got up, dressed themselves quickly, and went away.
/hpc_stor03/sjtu_home/chaolei.liu/data/tts/LibriTTS/train-clean-100/8797/294123/8797_294123_000030_000003.wav|This Western soul did not dream that the Eastern soul existed, it was so different, so totally different.
/hpc_stor03/sjtu_home/chaolei.liu/data/tts/LibriTTS/train-clean-100/7505/258964/7505_258964_000011_000001.wav|The two causes have in most cases the same result.
/hpc_stor03/sjtu_home/chaolei.liu/data/tts/LibriTTS/train-clean-100/2182/181173/2182_181173_000022_000000.wav|"""We liked this little house, Dearest, didn't we?"" he said."
/hpc_stor03/sjtu_home/chaolei.liu/data/tts/LibriTTS/train-clean-100/3440/171009/3440_171009_000064_000000.wav|Flora turned to her as she entered.
/hpc_stor03/sjtu_home/chaolei.liu/data/tts/LibriTTS/train-clean-100/3486/166446/3486_166446_000067_000001.wav|"""Don't think that I accept them in their entirety. Part truth, part illusion--the groping mind dazzled with light of unfamiliar truths and making pictures from half light and half shadow to help it understand."
/hpc_stor03/sjtu_home/chaolei.liu/data/tts/LibriTTS/train-clean-100/1069/133699/1069_133699_000066_000010.wav|Her meditations were presently interrupted by the arrival of a servant who handed her a letter.
/hpc_stor03/sjtu_home/chaolei.liu/data/tts/LibriTTS/train-clean-100/4441/76262/4441_76262_000032_000001.wav|"""I hardly slept a wink."""
/hpc_stor03/sjtu_home/chaolei.liu/data/tts/LibriTTS/train-clean-100/1098/133695/1098_133695_000015_000006.wav|Then her impressions were still so fresh and so quickly renewed that there was as yet hardly a hint of vacancy in the view.
/hpc_stor03/sjtu_home/chaolei.liu/data/tts/LibriTTS/train-clean-100/4137/11702/4137_11702_000067_000000.wav|Merriwig was in an awkward position.
/hpc_stor03/sjtu_home/chaolei.liu/data/tts/LibriTTS/train-clean-100/8051/119902/8051_119902_000012_000001.wav|They may not serve more than two ounces of bread and other wheat products to a guest at a meal.
/hpc_stor03/sjtu_home/chaolei.liu/data/tts/LibriTTS/train-clean-100/233/155990/233_155990_000011_000005.wav|But I know my countrymen.
/hpc_stor03/sjtu_home/chaolei.liu/data/tts/LibriTTS/train-clean-100/78/369/78_369_000063_000010.wav|At length I gathered resolution to address him in a pause of the tempest of his passion.
/hpc_stor03/sjtu_home/chaolei.liu/data/tts/LibriTTS/train-clean-100/3374/298026/3374_298026_000004_000001.wav|For it was in friendship especially that I sought for what I wanted, and for what I never hoped to find in any woman.
/hpc_stor03/sjtu_home/chaolei.liu/data/tts/LibriTTS/train-clean-100/6147/34605/6147_34605_000009_000016.wav|To err is a diversion.
/hpc_stor03/sjtu_home/chaolei.liu/data/tts/LibriTTS/train-clean-100/1040/133433/1040_133433_000085_000000.wav|"""The dear old days when I could fly!"""
/hpc_stor03/sjtu_home/chaolei.liu/data/tts/LibriTTS/train-clean-100/1624/142933/1624_142933_000014_000001.wav|His head, throat and back were black.
/hpc_stor03/sjtu_home/chaolei.liu/data/tts/LibriTTS/train-clean-100/426/122822/426_122822_000022_000003.wav|Then he dodged back just in time.
/hpc_stor03/sjtu_home/chaolei.liu/data/tts/LibriTTS/train-clean-100/1246/135815/1246_135815_000001_000003.wav|He didn't want to learn anything about his relatives.
/hpc_stor03/sjtu_home/chaolei.liu/data/tts/LibriTTS/train-clean-100/7226/86964/7226_86964_000015_000001.wav|The parley ended in our being directed to a small farm-house a quarter of a mile inland, where luckless travelers, belated on the dreary bottoms, were occasionally kept.
/hpc_stor03/sjtu_home/chaolei.liu/data/tts/LibriTTS/train-clean-100/8324/286682/8324_286682_000021_000001.wav|"The Bachelor backed out as far as he could, but his body stuck in the hole. ""You are rumpling your beautiful fur,"" cried the young Mink."
/hpc_stor03/sjtu_home/chaolei.liu/data/tts/LibriTTS/train-clean-100/2893/139322/2893_139322_000003_000001.wav|On their way the platforms crossed the Thames twice, and passed in a broad viaduct across one of the great roads that entered the city from the North.
/hpc_stor03/sjtu_home/chaolei.liu/data/tts/LibriTTS/train-clean-100/5514/19192/5514_19192_000020_000000.wav|"""Listen,"" suddenly cried Enjolras, who was still on the watch, ""it seems to me that Paris is waking up."""
/hpc_stor03/sjtu_home/chaolei.liu/data/tts/LibriTTS/train-clean-100/1578/140049/1578_140049_000033_000001.wav|"I have a handful of nuts and raisins and some apples."""
/hpc_stor03/sjtu_home/chaolei.liu/data/tts/LibriTTS/train-clean-100/4214/7146/4214_7146_000063_000002.wav|How could I? Just imagine if you were a poor little orphan girl that kind people had adopted and you had just one bosom friend in all the world.
/hpc_stor03/sjtu_home/chaolei.liu/data/tts/LibriTTS/train-clean-100/1992/141719/1992_141719_000012_000004.wav|His Armour was made of pure Gold, enamell'd with Green.
/hpc_stor03/sjtu_home/chaolei.liu/data/tts/LibriTTS/train-clean-100/3982/178459/3982_178459_000044_000001.wav|"""You kill me!"" he said."
/hpc_stor03/sjtu_home/chaolei.liu/data/tts/LibriTTS/train-clean-100/2007/149877/2007_149877_000047_000002.wav|I wouldn't bother about it myself, though.
/hpc_stor03/sjtu_home/chaolei.liu/data/tts/LibriTTS/train-clean-100/8975/270782/8975_270782_000024_000003.wav|The only satisfactory answer would be this, that only in this manner can a dream be built up, that dynamically the dream-stimulus can be satisfied only in this way.
/hpc_stor03/sjtu_home/chaolei.liu/data/tts/LibriTTS/train-clean-100/4830/25898/4830_25898_000005_000000.wav|There never was a prouder mamma than Madam Cluck when she led forth her family of eight downy little chicks.
/hpc_stor03/sjtu_home/chaolei.liu/data/tts/LibriTTS/train-clean-100/2952/408/2952_408_000008_000000.wav|The young man appeared to be rejoiced by these assurances, and expressed his gratitude in fitting words.
/hpc_stor03/sjtu_home/chaolei.liu/data/tts/LibriTTS/train-clean-100/6454/120342/6454_120342_000013_000000.wav|"""First, driver, out on Commonwealth Avenue."
/hpc_stor03/sjtu_home/chaolei.liu/data/tts/LibriTTS/train-clean-100/4813/248638/4813_248638_000019_000000.wav|This, then, is the Great Blue Hill of Milton.
/hpc_stor03/sjtu_home/chaolei.liu/data/tts/LibriTTS/train-clean-100/8465/246947/8465_246947_000017_000005.wav|There, to her glad surprise, he lay fast asleep, with the tears not yet dried upon his face.
/hpc_stor03/sjtu_home/chaolei.liu/data/tts/LibriTTS/train-clean-100/1963/142393/1963_142393_000014_000001.wav|He waited an hour at least watching for her and thinking of her, while the afternoon shadows lengthened and the light grew softer.
/hpc_stor03/sjtu_home/chaolei.liu/data/tts/LibriTTS/train-clean-100/8468/295198/8468_295198_000010_000000.wav|"""But my husband prefers this style of building."""
/hpc_stor03/sjtu_home/chaolei.liu/data/tts/LibriTTS/train-clean-100/1455/138263/1455_138263_000041_000000.wav|"""At the terrestrial poles they last six months,"" said Michel."
/hpc_stor03/sjtu_home/chaolei.liu/data/tts/LibriTTS/train-clean-100/911/128684/911_128684_000007_000004.wav|It is only towards certain specific groups of associates that the physical energies, as we call them, of a content are put forth. In another group it may be quite inert.
/hpc_stor03/sjtu_home/chaolei.liu/data/tts/LibriTTS/train-clean-100/3857/182317/3857_182317_000019_000003.wav|We are trying to use both.
/hpc_stor03/sjtu_home/chaolei.liu/data/tts/LibriTTS/train-clean-100/1116/137572/1116_137572_000017_000002.wav|All this must be taken into account in making decisions.
/hpc_stor03/sjtu_home/chaolei.liu/data/tts/LibriTTS/train-clean-100/8838/298545/8838_298545_000078_000005.wav|"""How can I fight for the coal-pits?"" said he."
/hpc_stor03/sjtu_home/chaolei.liu/data/tts/LibriTTS/train-clean-100/4397/15666/4397_15666_000008_000001.wav|Toward the evening of the 18th it began to wither.
/hpc_stor03/sjtu_home/chaolei.liu/data/tts/LibriTTS/train-clean-100/730/360/730_360_000018_000002.wav|A man might be respected with only one of these advantages, but without either he was considered, except in very rare instances, as a vagabond and a slave, doomed to waste his powers for the profits of the chosen few!
/hpc_stor03/sjtu_home/chaolei.liu/data/tts/LibriTTS/train-clean-100/3168/173564/3168_173564_000024_000000.wav|For a long time Natasha listened attentively to the sounds that reached her from inside and outside the room and did not move.
/hpc_stor03/sjtu_home/chaolei.liu/data/tts/LibriTTS/train-clean-100/2910/131096/2910_131096_000020_000000.wav|Psyche resisted these persuasions as well as she could, but they did not fail to have their effect on her mind, and when her sisters were gone, their words and her own curiosity were too strong for her to resist.
/hpc_stor03/sjtu_home/chaolei.liu/data/tts/LibriTTS/train-clean-100/298/126791/298_126791_000010_000000.wav|"""Growing symptoms of a febrile pulse--no, no, my dear George, you must remain quiet and dumb; though your eyes look better, and your skin has even a moisture."""
/hpc_stor03/sjtu_home/chaolei.liu/data/tts/LibriTTS/train-clean-100/2911/7601/2911_7601_000006_000004.wav|To think that there I was, opening the door, little by little, and he not even to dream of my secret deeds or thoughts.
/hpc_stor03/sjtu_home/chaolei.liu/data/tts/LibriTTS/train-clean-100/7780/274562/7780_274562_000005_000004.wav|But, for the inconceivable wealth in the actual possession of the young heir, these objects and all ordinary objects were felt to be inadequate.
/hpc_stor03/sjtu_home/chaolei.liu/data/tts/LibriTTS/train-clean-100/1867/148436/1867_148436_000038_000002.wav|"But I can cook you up some chow."""
/hpc_stor03/sjtu_home/chaolei.liu/data/tts/LibriTTS/train-clean-100/5390/30096/5390_30096_000053_000000.wav|"""Pah!"" said the Major, scornfully."
/hpc_stor03/sjtu_home/chaolei.liu/data/tts/LibriTTS/train-clean-100/3526/176653/3526_176653_000035_000000.wav|"""Have you got a father?"" Like a flash, her whole face changed."
/hpc_stor03/sjtu_home/chaolei.liu/data/tts/LibriTTS/train-clean-100/4014/186183/4014_186183_000022_000000.wav|Then, in concerted action, the lines opened at alternate points, and pairs, dozens, scores of the huge armored tanks rolled through, their big guns already blazing shells into the ranks of the disconcerted enemy.
/hpc_stor03/sjtu_home/chaolei.liu/data/tts/LibriTTS/train-clean-100/5778/54535/5778_54535_000020_000000.wav|James Whistler was always kind to young artists and liked to have them sit by him while he worked.
/hpc_stor03/sjtu_home/chaolei.liu/data/tts/LibriTTS/train-clean-100/2691/156755/2691_156755_000009_000001.wav|And what a centrepiece it was!
/hpc_stor03/sjtu_home/chaolei.liu/data/tts/LibriTTS/train-clean-100/7511/102420/7511_102420_000010_000001.wav|Then came a long, hard climb.
/hpc_stor03/sjtu_home/chaolei.liu/data/tts/LibriTTS/train-clean-100/5750/100289/5750_100289_000004_000002.wav|Their own schools graduate them at a mature age and do not prepare them for college.
/hpc_stor03/sjtu_home/chaolei.liu/data/tts/LibriTTS/train-clean-100/5163/39921/5163_39921_000025_000003.wav|The other pupils thought themselves at liberty to follow this example, and in a month's time poor Esther had completely lost control of her little kingdom.
/hpc_stor03/sjtu_home/chaolei.liu/data/tts/LibriTTS/train-clean-100/4481/17499/4481_17499_000065_000004.wav|Really, it's an ill wind that blows no good!
/hpc_stor03/sjtu_home/chaolei.liu/data/tts/LibriTTS/train-clean-100/8629/261140/8629_261140_000003_000001.wav|But there was no outburst.
/hpc_stor03/sjtu_home/chaolei.liu/data/tts/LibriTTS/train-clean-100/6529/62554/6529_62554_000069_000000.wav|"""They may adopt other sentiments!"" said Harding, ""and perhaps repent."""
/hpc_stor03/sjtu_home/chaolei.liu/data/tts/LibriTTS/train-clean-100/5104/33406/5104_33406_000100_000001.wav|"""Perhaps we can find play for them in Iceland."""
/hpc_stor03/sjtu_home/chaolei.liu/data/tts/LibriTTS/train-clean-100/198/126831/198_126831_000051_000001.wav|"""Stay with us, old fellow."""
/hpc_stor03/sjtu_home/chaolei.liu/data/tts/LibriTTS/train-clean-100/3112/9555/3112_9555_000017_000002.wav|Boots, waistcoats, and pocket-handkerchiefs, which, with some slight superveillance, were at the command of other scholars, were closed luxuries to me.
/hpc_stor03/sjtu_home/chaolei.liu/data/tts/LibriTTS/train-clean-100/8770/295465/8770_295465_000008_000001.wav|Many laughed, but some spectators thought the boy ought to be punished for such a treasonable outbreak on the part of a President's boy in a soldier's uniform.
/hpc_stor03/sjtu_home/chaolei.liu/data/tts/LibriTTS/train-clean-100/4195/186238/4195_186238_000054_000000.wav|"""You must be nearly bankrupt, by this time,"" said Patsy on Tuesday evening."
/hpc_stor03/sjtu_home/chaolei.liu/data/tts/LibriTTS/train-clean-100/2289/152254/2289_152254_000012_000001.wav|He built great fleets and sailed over the Mediterranean, capturing trading vessels.
/hpc_stor03/sjtu_home/chaolei.liu/data/tts/LibriTTS/train-clean-100/1363/139304/1363_139304_000014_000001.wav|The archway he saw led to a flight of steps, going downward without the intermediation of a door, to a spacious transverse passage.
/hpc_stor03/sjtu_home/chaolei.liu/data/tts/LibriTTS/train-clean-100/7190/90542/7190_90542_000096_000001.wav|Someone was coming, and with no particular stealth.
/hpc_stor03/sjtu_home/chaolei.liu/data/tts/LibriTTS/train-clean-100/5393/19218/5393_19218_000020_000000.wav|"""Let us marry, then,"" cried the grandfather."
/hpc_stor03/sjtu_home/chaolei.liu/data/tts/LibriTTS/train-clean-100/1088/134315/1088_134315_000042_000001.wav|From thence onward his behaviour was somewhat extraordinary for a well-bred servant.
/hpc_stor03/sjtu_home/chaolei.liu/data/tts/LibriTTS/train-clean-100/150/126107/150_126107_000047_000000.wav|"""I wish I hadn't one either,"" rejoined the princess; ""it is so stupid! I have a great mind,"" she continued, ""to play them all a trick."
/hpc_stor03/sjtu_home/chaolei.liu/data/tts/LibriTTS/train-clean-100/8108/280359/8108_280359_000013_000001.wav|A snake, whose fangs dropped poison, glided to the top of the rock and leaned his head over to peer at Loki.
/hpc_stor03/sjtu_home/chaolei.liu/data/tts/LibriTTS/train-clean-100/6836/61804/6836_61804_000031_000000.wav|There was a strange thought passing through their minds; a sadness independent of that caused by the spectacle of a murder.
/hpc_stor03/sjtu_home/chaolei.liu/data/tts/LibriTTS/train-clean-100/5703/47212/5703_47212_000036_000001.wav|Then, after asking his way of the sociable landlord of the hotel, he proceeded to the police station, a single-storied stone building standing at the end of a side street.
/hpc_stor03/sjtu_home/chaolei.liu/data/tts/LibriTTS/train-clean-100/5022/29411/5022_29411_000083_000002.wav|"I was on the point of putting the question, when she held up her hand, and said, ""Hush!"""
/hpc_stor03/sjtu_home/chaolei.liu/data/tts/LibriTTS/train-clean-100/587/54108/587_54108_000093_000002.wav|With this new crown upon her!
/hpc_stor03/sjtu_home/chaolei.liu/data/tts/LibriTTS/train-clean-100/8095/274345/8095_274345_000032_000006.wav|To grant or refuse supplies was the undoubted privilege of the commons.
/hpc_stor03/sjtu_home/chaolei.liu/data/tts/LibriTTS/train-clean-100/8014/112602/8014_112602_000000_000001.wav|To these natural advantages the people added by the usual artificial means.
/hpc_stor03/sjtu_home/chaolei.liu/data/tts/LibriTTS/train-clean-100/200/126784/200_126784_000051_000001.wav|He is not a spy; nothing but a desire to see his friends prompted him to venture so far from the regular army in disguise.
/hpc_stor03/sjtu_home/chaolei.liu/data/tts/LibriTTS/train-clean-100/8609/262281/8609_262281_000026_000000.wav|"""I know,"" said Caroline, with some contrition."
/hpc_stor03/sjtu_home/chaolei.liu/data/tts/LibriTTS/train-clean-100/7794/295955/7794_295955_000004_000001.wav|After the shepherd had thus obtained the dragon's head, twilight began to approach.
/hpc_stor03/sjtu_home/chaolei.liu/data/tts/LibriTTS/train-clean-100/1183/133255/1183_133255_000079_000002.wav|In collapsible metal tubes, 25 cents.
/hpc_stor03/sjtu_home/chaolei.liu/data/tts/LibriTTS/train-clean-100/1263/139804/1263_139804_000003_000002.wav|They are nearly as large as we and relatively much lighter in weight.
/hpc_stor03/sjtu_home/chaolei.liu/data/tts/LibriTTS/train-clean-100/4297/13009/4297_13009_000051_000000.wav|"""That is promotion, and I am glad!"
/hpc_stor03/sjtu_home/chaolei.liu/data/tts/LibriTTS/train-clean-100/2196/170151/2196_170151_000004_000001.wav|Hundreds of reports were made, covering a period of weeks and months.
/hpc_stor03/sjtu_home/chaolei.liu/data/tts/LibriTTS/train-clean-100/3607/29116/3607_29116_000009_000001.wav|"He said he should like to help the negro, his heart went out to the negro, and all that--plenty of them say that but he was a little afraid of the Tennessee Land bill; if Senator Dilworthy wasn't in it, he should suspect there was a fraud on the government."""
/hpc_stor03/sjtu_home/chaolei.liu/data/tts/LibriTTS/train-clean-100/8312/279791/8312_279791_000029_000001.wav|Then she departed by night, and alone, to go over the world in search of her Blue Bird.
/hpc_stor03/sjtu_home/chaolei.liu/data/tts/LibriTTS/train-clean-100/125/121342/125_121342_000040_000005.wav|The matron doesn't want to repeat her girlhood--she wants to repeat her honeymoon.
/hpc_stor03/sjtu_home/chaolei.liu/data/tts/LibriTTS/train-clean-100/6818/68772/6818_68772_000029_000002.wav|But he remembered how easily he had subdued Kenneth at the school-house meeting before the nominations, and had no doubt of his ability to repeat the operation.
/hpc_stor03/sjtu_home/chaolei.liu/data/tts/LibriTTS/train-clean-100/2989/138028/2989_138028_000049_000000.wav|"""I see,"" said Sancho; ""I'll bet I ought to have said proportion, and not promotion; but it is no matter, as your worship has understood me."""
/hpc_stor03/sjtu_home/chaolei.liu/data/tts/LibriTTS/train-clean-100/1553/140048/1553_140048_000017_000000.wav|"""I'm keeping house to-day, but I don't live here,"" explained the delightful gentleman."
/hpc_stor03/sjtu_home/chaolei.liu/data/tts/LibriTTS/train-clean-100/1447/17506/1447_17506_000029_000002.wav|It is the same as the 'Blue Book' or the 'Peerage' of England.
/hpc_stor03/sjtu_home/chaolei.liu/data/tts/LibriTTS/train-clean-100/7367/86737/7367_86737_000125_000001.wav|'At nine o'clock to-morrow Rita's father will be here with the money.'--'It is well; in the meantime, we will have a merry night; this young girl is charming, and does credit to your taste.
/hpc_stor03/sjtu_home/chaolei.liu/data/tts/LibriTTS/train-clean-100/5463/39174/5463_39174_000055_000001.wav|Dear Mrs. Robarts, you must not be surprised at him.
/hpc_stor03/sjtu_home/chaolei.liu/data/tts/LibriTTS/train-clean-100/201/122255/201_122255_000029_000001.wav|So, being vexed to his heart by this, he set forth at dawn of day to seek Little John at the Blue Boar, or at least to meet the yeoman on the way, and ease his heart of what he thought of the matter.
/hpc_stor03/sjtu_home/chaolei.liu/data/tts/LibriTTS/train-clean-100/6476/57446/6476_57446_000066_000001.wav|Thus their race is polluted and accursed, and they are hated accordingly.
/hpc_stor03/sjtu_home/chaolei.liu/data/tts/LibriTTS/train-clean-100/254/12312/254_12312_000004_000003.wav|It is the style of the prophet Merlin.
/hpc_stor03/sjtu_home/chaolei.liu/data/tts/LibriTTS/train-clean-100/2518/154826/2518_154826_000038_000000.wav|When we got there all was dark, but he stepped off into a narrow opening on the right hand, and walked on as if he knew the way.
/hpc_stor03/sjtu_home/chaolei.liu/data/tts/LibriTTS/train-clean-100/5789/57195/5789_57195_000006_000004.wav|If Mary must go to Cheltenham, why could she not go by herself, second class, like any other young woman?
/hpc_stor03/sjtu_home/chaolei.liu/data/tts/LibriTTS/train-clean-100/4406/16883/4406_16883_000006_000004.wav|I have sometime seen bear baked very handsomely among the English, and some like it, but the thought that it was bear made me tremble.
/hpc_stor03/sjtu_home/chaolei.liu/data/tts/LibriTTS/train-clean-100/32/21631/32_21631_000024_000000.wav|"""At Farmer Green's hen-house,"" Mr. Crow explained."
/hpc_stor03/sjtu_home/chaolei.liu/data/tts/LibriTTS/train-clean-100/4859/26870/4859_26870_000002_000003.wav|Among other things he spoke of the Bogucharovo elder.
/hpc_stor03/sjtu_home/chaolei.liu/data/tts/LibriTTS/train-clean-100/1743/142912/1743_142912_000009_000000.wav|When he had succeeded in driving Redtail far enough from the Old Orchard to suit him, Scrapper flew back and perched on a dead branch of one of the trees, where he received the congratulations of all his feathered neighbors.
/hpc_stor03/sjtu_home/chaolei.liu/data/tts/LibriTTS/train-clean-100/446/123502/446_123502_000030_000002.wav|It waddled in on its ten short legs, and squatted down before the girl like an obedient puppy.
/hpc_stor03/sjtu_home/chaolei.liu/data/tts/LibriTTS/train-clean-100/831/130739/831_130739_000009_000000.wav|But real literature, as distinguished from anecdote, does not concern itself with superficial appearances alone.
/hpc_stor03/sjtu_home/chaolei.liu/data/tts/LibriTTS/train-clean-100/909/131041/909_131041_000009_000000.wav|THE mode of appointment of the Chief Magistrate of the United States is almost the only part of the system, of any consequence, which has escaped without severe censure, or which has received the slightest mark of approbation from its opponents.
/hpc_stor03/sjtu_home/chaolei.liu/data/tts/LibriTTS/train-clean-100/4853/29413/4853_29413_000046_000001.wav|"""I happened to look at the boat,"" he said, ""and I missed the oars."
/hpc_stor03/sjtu_home/chaolei.liu/data/tts/LibriTTS/train-clean-100/6209/34601/6209_34601_000110_000000.wav|The child drank, and then went on eating.
/hpc_stor03/sjtu_home/chaolei.liu/data/tts/LibriTTS/train-clean-100/302/123516/302_123516_000031_000001.wav|Slowly they approached and slowly I shrank back from the awful horror of them.
/hpc_stor03/sjtu_home/chaolei.liu/data/tts/LibriTTS/train-clean-100/669/129074/669_129074_000050_000000.wav|The boat followed the smoke into sight.
/hpc_stor03/sjtu_home/chaolei.liu/data/tts/LibriTTS/train-clean-100/5867/48852/5867_48852_000006_000000.wav|When he reached Allington he did not go in through the village and up to the front of the Small House by the cross street, but turned by the church gate and passed over the squire's terrace, and by the end of the Great House through the garden.
/hpc_stor03/sjtu_home/chaolei.liu/data/tts/LibriTTS/train-clean-100/7278/91083/7278_91083_000013_000003.wav|"Two hundred thousand copies of Peterson's ""Familiar Science"" were sold."
/hpc_stor03/sjtu_home/chaolei.liu/data/tts/LibriTTS/train-clean-100/211/122425/211_122425_000012_000000.wav|"""And how did the thing happen?"
/hpc_stor03/sjtu_home/chaolei.liu/data/tts/LibriTTS/train-clean-100/5561/39621/5561_39621_000068_000001.wav|"These cavaliers conducted me, in great haste, to the little port of Tenby, threw me, rather than embarked me, into a little fishing-boat, about to sail for Brittany, and here I am."""
/hpc_stor03/sjtu_home/chaolei.liu/data/tts/LibriTTS/train-clean-100/7059/77900/7059_77900_000025_000000.wav|They fenced with some polite feints of interest in each other, the old man standing beside his writing-table, and staying himself with a shaking hand upon it.
/hpc_stor03/sjtu_home/chaolei.liu/data/tts/LibriTTS/train-clean-100/3235/28433/3235_28433_000006_000002.wav|Not a foot of space above or below decks was left unused, but provision was made for all, and the ship was well manned.
/hpc_stor03/sjtu_home/chaolei.liu/data/tts/LibriTTS/train-clean-100/89/218/89_218_000012_000006.wav|It was not absolutely ebony and gold; but it was japan, black and yellow japan of the handsomest kind; and as she held her candle, the yellow had very much the effect of gold.
/hpc_stor03/sjtu_home/chaolei.liu/data/tts/LibriTTS/train-clean-100/3983/5371/3983_5371_000013_000000.wav|Miss Carlyle followed her in.
/hpc_stor03/sjtu_home/chaolei.liu/data/tts/LibriTTS/train-clean-100/2416/152139/2416_152139_000026_000000.wav|Carling's hand dropped to his side.
/hpc_stor03/sjtu_home/chaolei.liu/data/tts/LibriTTS/train-clean-100/8419/293469/8419_293469_000013_000003.wav|I had enough to eat; but anybody who has been free cannot be happy shut in.
/hpc_stor03/sjtu_home/chaolei.liu/data/tts/LibriTTS/train-clean-100/5322/7680/5322_7680_000063_000000.wav|'Yes, I heard of it,' replied another profoundly, 'he must have done him some great service.
/hpc_stor03/sjtu_home/chaolei.liu/data/tts/LibriTTS/train-clean-100/7635/105409/7635_105409_000030_000000.wav|"""You think?--You? . . ."" said Chauvelin, almost choking with fury, ""and you let them go . . ."""
/hpc_stor03/sjtu_home/chaolei.liu/data/tts/LibriTTS/train-clean-100/7302/86815/7302_86815_000044_000001.wav|"Can you be a coward,--you who have had the courage to witness the death of two old men and a young girl murdered by you?"""
/hpc_stor03/sjtu_home/chaolei.liu/data/tts/LibriTTS/train-clean-100/4160/11550/4160_11550_000027_000000.wav|But Priscilla was looking straight at Theo's downcast eyes.
/hpc_stor03/sjtu_home/chaolei.liu/data/tts/LibriTTS/train-clean-100/8088/284756/8088_284756_000021_000004.wav|"""Throw the cap anywhere and come on!"""
/hpc_stor03/sjtu_home/chaolei.liu/data/tts/LibriTTS/train-clean-100/4018/103416/4018_103416_000061_000000.wav|"""I might have to go,"" he evaded."
/hpc_stor03/sjtu_home/chaolei.liu/data/tts/LibriTTS/train-clean-100/1502/122619/1502_122619_000007_000001.wav|It is much used also by the whites.
/hpc_stor03/sjtu_home/chaolei.liu/data/tts/LibriTTS/train-clean-100/7113/86041/7113_86041_000051_000001.wav|He skipped along among the turnips as nimble as a grasshopper, and had soon counted them all; but, to be quite certain that he had made no mistake, he thought he would just run over them again.
/hpc_stor03/sjtu_home/chaolei.liu/data/tts/LibriTTS/train-clean-100/405/130894/405_130894_000087_000000.wav|Half lying on a couch in the library, I was suffocating. My face was purple, my lips blue, my faculties in abeyance. I could no longer see or hear.
/hpc_stor03/sjtu_home/chaolei.liu/data/tts/LibriTTS/train-clean-100/7402/90848/7402_90848_000048_000000.wav|Now this water was the water of wisdom, and when Bobo had drunk it, he was no longer a simpleton.
/hpc_stor03/sjtu_home/chaolei.liu/data/tts/LibriTTS/train-clean-100/696/92939/696_92939_000012_000006.wav|She had given money to poor people, perhaps to soldiers.
/hpc_stor03/sjtu_home/chaolei.liu/data/tts/LibriTTS/train-clean-100/7264/92310/7264_92310_000009_000003.wav|"He would refuse advertisements of luxuries to a paper read by half the wealthier class if he had heard in the National Liberal Club, or some such place, that the paper was ""in bad taste."""
/hpc_stor03/sjtu_home/chaolei.liu/data/tts/LibriTTS/train-clean-100/39/121914/39_121914_000032_000002.wav|How did you all behave?
/hpc_stor03/sjtu_home/chaolei.liu/data/tts/LibriTTS/train-clean-100/7078/271888/7078_271888_000018_000000.wav|"""You shall see her before long."" His gaze grew bright, soft, and vague, as one who catches glimpses of the floating garments of supernatural mysteries."
/hpc_stor03/sjtu_home/chaolei.liu/data/tts/LibriTTS/train-clean-100/40/121026/40_121026_000158_000000.wav|"""This action is somewhat too sublime to be natural."""
/hpc_stor03/sjtu_home/chaolei.liu/data/tts/LibriTTS/train-clean-100/7067/76047/7067_76047_000051_000012.wav|You carry marriage and entanglements lightly.
/hpc_stor03/sjtu_home/chaolei.liu/data/tts/LibriTTS/train-clean-100/1841/150351/1841_150351_000010_000002.wav|After enduring this process as long as he desired, the Indian came out and plunged into the cold water of a near-by stream.
/hpc_stor03/sjtu_home/chaolei.liu/data/tts/LibriTTS/train-clean-100/5339/14134/5339_14134_000091_000006.wav|He knew he ought to be going home, for he had much to do, and many arrangements to make.
/hpc_stor03/sjtu_home/chaolei.liu/data/tts/LibriTTS/train-clean-100/3240/131232/3240_131232_000073_000000.wav|That, upon the last of January, 1890, there fell, in a great tempest, in Switzerland, incalculable numbers of larvae: some black and some yellow; numbers so great that hosts of birds were attracted.
/hpc_stor03/sjtu_home/chaolei.liu/data/tts/LibriTTS/train-clean-100/2136/5147/2136_5147_000050_000001.wav|Nothing I dreaded more than a step-mother.
/hpc_stor03/sjtu_home/chaolei.liu/data/tts/LibriTTS/train-clean-100/2391/145015/2391_145015_000042_000000.wav|It may be observed that this hand-spinning is the most primitive of female accomplishments, and can be traced back to the earliest times. Ballad poetry and fairy tales are full of allusions to it.
/hpc_stor03/sjtu_home/chaolei.liu/data/tts/LibriTTS/train-clean-100/6848/76049/6848_76049_000023_000000.wav|His plans were already quite clear.
/hpc_stor03/sjtu_home/chaolei.liu/data/tts/LibriTTS/train-clean-100/5808/54425/5808_54425_000040_000000.wav|"""By Jove!"" he exclaimed, ""did you hear that?"
/hpc_stor03/sjtu_home/chaolei.liu/data/tts/LibriTTS/train-clean-100/2843/152918/2843_152918_000019_000004.wav|At any rate, our companions acknowledged the justness of the name with ringing acclamations when we told them of it.
/hpc_stor03/sjtu_home/chaolei.liu/data/tts/LibriTTS/train-clean-100/60/121082/60_121082_000023_000000.wav|"""It does not; on the contrary, I think it will answer my purpose."""
/hpc_stor03/sjtu_home/chaolei.liu/data/tts/LibriTTS/train-clean-100/8747/293952/8747_293952_000090_000000.wav|"""All I can get,"" rejoined Beryl, quietly."
/hpc_stor03/sjtu_home/chaolei.liu/data/tts/LibriTTS/train-clean-100/6531/61334/6531_61334_000009_000003.wav|When the city of Kinabu was captured, no fewer than 3000 prisoners were burned alive, the unfaithful governor being flayed.
/hpc_stor03/sjtu_home/chaolei.liu/data/tts/LibriTTS/train-clean-100/6272/70168/6272_70168_000027_000007.wav|She set the plate down, and gravely shook hands with me, saying she had concluded to live entirely on toast, but supposed I would eat all sorts of food, as usual.
/hpc_stor03/sjtu_home/chaolei.liu/data/tts/LibriTTS/train-clean-100/87/121553/87_121553_000144_000000.wav|So from the lights that there to me appeared Upgathered through the cross a melody, Which rapt me, not distinguishing the hymn.
/hpc_stor03/sjtu_home/chaolei.liu/data/tts/LibriTTS/train-clean-100/6415/111615/6415_111615_000003_000004.wav|It is a job that engenders a healthy humility.
/hpc_stor03/sjtu_home/chaolei.liu/data/tts/LibriTTS/train-clean-100/4640/19188/4640_19188_000048_000001.wav|Still, at this idea, that of choosing a man for death, his blood rushed back to his heart.
/hpc_stor03/sjtu_home/chaolei.liu/data/tts/LibriTTS/train-clean-100/83/11691/83_11691_000045_000004.wav|"Let's hold a council of war and think it over."""
/hpc_stor03/sjtu_home/chaolei.liu/data/tts/LibriTTS/train-clean-100/6064/300880/6064_300880_000016_000001.wav|He now busied himself in thought.
/hpc_stor03/sjtu_home/chaolei.liu/data/tts/LibriTTS/train-clean-100/6563/285357/6563_285357_000002_000000.wav|The King of Wurtemberg took a personal interest in his subject's uphill struggle, and the Wurtemberg Government granted him the proceeds of a lottery.
/hpc_stor03/sjtu_home/chaolei.liu/data/tts/LibriTTS/train-clean-100/196/122150/196_122150_000008_000000.wav|The Patna was a local steamer as old as the hills, lean like a greyhound, and eaten up with rust worse than a condemned water-tank.
/hpc_stor03/sjtu_home/chaolei.liu/data/tts/LibriTTS/train-clean-100/1594/135914/1594_135914_000032_000002.wav|They were at the door waiting for that moment.
/hpc_stor03/sjtu_home/chaolei.liu/data/tts/LibriTTS/train-clean-100/5456/62043/5456_62043_000001_000002.wav|We had been out a little more than five days, and we were in hopes of seeing the bluffs of Natchez on the next day.
/hpc_stor03/sjtu_home/chaolei.liu/data/tts/LibriTTS/train-clean-100/6081/41997/6081_41997_000032_000000.wav|"""Would you recognize her if you met her again?"""
/hpc_stor03/sjtu_home/chaolei.liu/data/tts/LibriTTS/train-clean-100/6000/55211/6000_55211_000047_000001.wav|"So much as that?"" she cried almost joyously."
/hpc_stor03/sjtu_home/chaolei.liu/data/tts/LibriTTS/train-clean-100/8123/275209/8123_275209_000041_000000.wav|At that moment she felt something at her side.
/hpc_stor03/sjtu_home/chaolei.liu/data/tts/LibriTTS/train-clean-100/5652/19215/5652_19215_000026_000019.wav|He who loves well lashes well.
/hpc_stor03/sjtu_home/chaolei.liu/data/tts/LibriTTS/train-clean-100/1034/121119/1034_121119_000037_000000.wav|"""A mischance?"" repeated the baroness."
/hpc_stor03/sjtu_home/chaolei.liu/data/tts/LibriTTS/train-clean-100/6385/34669/6385_34669_000010_000000.wav|Then he began to lick his hands again.
/hpc_stor03/sjtu_home/chaolei.liu/data/tts/LibriTTS/train-clean-100/6019/3185/6019_3185_000029_000003.wav|From her superior height she overlooked all the ladies at the point where she stood.
/hpc_stor03/sjtu_home/chaolei.liu/data/tts/LibriTTS/train-clean-100/1235/135884/1235_135884_000005_000005.wav|This seemed to me very extraordinary, and finding myself moved with compassion, I could not find in my heart to give her a blow, but ordered my farmer to get me another.
/hpc_stor03/sjtu_home/chaolei.liu/data/tts/LibriTTS/train-clean-100/4680/16026/4680_16026_000017_000000.wav|The passer-by cast a glance around him, saw no one, dared not peer into the black niche, and was greatly alarmed.
/hpc_stor03/sjtu_home/chaolei.liu/data/tts/LibriTTS/train-clean-100/250/142286/250_142286_000019_000001.wav|I need hardly say, that if there is any little thing that could serve Mrs. Hale as an invalid, you will offer it, I'm sure.'
/hpc_stor03/sjtu_home/chaolei.liu/data/tts/LibriTTS/train-clean-100/7800/283478/7800_283478_000030_000000.wav|As the four chums went away, Jerry chuckled.
/hpc_stor03/sjtu_home/chaolei.liu/data/tts/LibriTTS/train-clean-100/3214/167602/3214_167602_000044_000003.wav|I don't like that way of doing things.
/hpc_stor03/sjtu_home/chaolei.liu/data/tts/LibriTTS/train-clean-100/7312/92432/7312_92432_000006_000002.wav|She received me with much kindness, and thus an acquaintance commenced.
/hpc_stor03/sjtu_home/chaolei.liu/data/tts/LibriTTS/train-clean-100/4267/78186/4267_78186_000009_000003.wav|Pugwash, I guess, don't understand the natur' of the crittur; she'll never go kind in harness for him.
/hpc_stor03/sjtu_home/chaolei.liu/data/tts/LibriTTS/train-clean-100/4051/11218/4051_11218_000000_000007.wav|At any rate, our hero succeeded perfectly well in breaking up the greensward; and, by the time that the moon was a quarter of her journey up the sky, the plowed field lay before him, a large tract of black earth, ready to be sown with the dragon's teeth.
/hpc_stor03/sjtu_home/chaolei.liu/data/tts/LibriTTS/train-clean-100/2817/142380/2817_142380_000020_000000.wav|"""But you don't mind about it,"" said Adam indignantly."
/hpc_stor03/sjtu_home/chaolei.liu/data/tts/LibriTTS/train-clean-100/7447/91187/7447_91187_000016_000004.wav|Those of his contemporaries who have harkened with rapture to his playing have declared that he alone could adequately interpret his tone-creations, or make perfectly intelligible his method.
/hpc_stor03/sjtu_home/chaolei.liu/data/tts/LibriTTS/train-clean-100/8226/274369/8226_274369_000018_000005.wav|As soon as it was presented to the lords, that house desired a conference with the commons, whom they informed of this unexpected protestation.
/hpc_stor03/sjtu_home/chaolei.liu/data/tts/LibriTTS/train-clean-100/3664/11714/3664_11714_000038_000000.wav|Lorenzo sat up on his bed, shaken by a convulsive movement, and questioned with his eyes the eyes of the Dominican, as though he would find out if he had deceived himself and not heard aright.
/hpc_stor03/sjtu_home/chaolei.liu/data/tts/LibriTTS/train-clean-100/3259/158083/3259_158083_000005_000000.wav|In order to show how widely representative of the nation this group of pickets was, I give its personnel complete:
/hpc_stor03/sjtu_home/chaolei.liu/data/tts/LibriTTS/train-clean-100/460/172359/460_172359_000078_000001.wav|It was the only way to test him.
/hpc_stor03/sjtu_home/chaolei.liu/data/tts/LibriTTS/train-clean-100/887/123290/887_123290_000009_000000.wav|Such was his only reply.
/hpc_stor03/sjtu_home/chaolei.liu/data/tts/LibriTTS/train-clean-100/7517/100429/7517_100429_000006_000012.wav|At any rate we have every hope that he will empty the pond as speedily as possible so that we may watch it fill again.
/hpc_stor03/sjtu_home/chaolei.liu/data/tts/LibriTTS/train-clean-100/412/126975/412_126975_000022_000000.wav|Long before this revelation was complete the two big doors of the porch had opened in the middle, and Colonel Adams (father of the furry young lady) had come out himself to invite his eminent guest inside.
/hpc_stor03/sjtu_home/chaolei.liu/data/tts/LibriTTS/train-clean-100/2384/152900/2384_152900_000007_000003.wav|One man was sufficient to set up the tent in the stiffest breeze; I have come to the conclusion that the fewer poles a tent has, the easier it is to set up, which seems quite natural.
/hpc_stor03/sjtu_home/chaolei.liu/data/tts/LibriTTS/train-clean-100/4088/158077/4088_158077_000082_000001.wav|"In answering the criticism, Miss Paul publicly stated our position thus: ""The intolerable conditions"
/hpc_stor03/sjtu_home/chaolei.liu/data/tts/LibriTTS/train-clean-100/481/123720/481_123720_000026_000001.wav|"""It's not an official gathering."""
/hpc_stor03/sjtu_home/chaolei.liu/data/tts/LibriTTS/train-clean-100/4788/294466/4788_294466_000040_000000.wav|Dora defended the absent boy.
/hpc_stor03/sjtu_home/chaolei.liu/data/tts/LibriTTS/train-clean-100/1970/28415/1970_28415_000023_000000.wav|"""It is written in the Scriptures: God's house shall be a house of prayer."
/hpc_stor03/sjtu_home/chaolei.liu/data/tts/LibriTTS/train-clean-100/103/1241/103_1241_000038_000001.wav|"""Now you see why I can't be perfectly happy."
/hpc_stor03/sjtu_home/chaolei.liu/data/tts/LibriTTS/train-clean-100/8098/275181/8098_275181_000021_000000.wav|"""D'ye see, now!"" he demanded."
/hpc_stor03/sjtu_home/chaolei.liu/data/tts/LibriTTS/train-clean-100/8580/287363/8580_287363_000035_000000.wav|"""Getting our wireless apparatus in shape,"" answered the lad."
/hpc_stor03/sjtu_home/chaolei.liu/data/tts/LibriTTS/train-clean-100/5678/43303/5678_43303_000041_000000.wav|Mabel passed an afternoon of considerable agitation.
/hpc_stor03/sjtu_home/chaolei.liu/data/tts/LibriTTS/train-clean-100/8063/274116/8063_274116_000006_000001.wav|"""Oh! they shall have as much as they like."""
/hpc_stor03/sjtu_home/chaolei.liu/data/tts/LibriTTS/train-clean-100/7859/102519/7859_102519_000010_000002.wav|He held the throne barely three years, amid constant revolts at home and defeats abroad.
/hpc_stor03/sjtu_home/chaolei.liu/data/tts/LibriTTS/train-clean-100/374/180298/374_180298_000013_000001.wav|Marguerite's nature was very capricious, and, like so many women, she never regarded as a serious expense those thousand and one distractions which made up her life.
/hpc_stor03/sjtu_home/chaolei.liu/data/tts/LibriTTS/train-clean-100/3242/8112/3242_8112_000044_000001.wav|"""One experiment was rather startling."
/hpc_stor03/sjtu_home/chaolei.liu/data/tts/LibriTTS/train-clean-100/4898/28461/4898_28461_000016_000000.wav|Mr. Young was perhaps a dozen or two yards behind me, but out of sight.
/hpc_stor03/sjtu_home/chaolei.liu/data/tts/LibriTTS/train-clean-100/6367/65536/6367_65536_000037_000004.wav|"I have come back to the old valley seeking for what might satisfy, but I have little hope of finding it, unless--unless--"""
/hpc_stor03/sjtu_home/chaolei.liu/data/tts/LibriTTS/train-clean-100/2836/5354/2836_5354_000068_000001.wav|A feeling, amounting to a conviction, rushed over the unhappy lady that she had seen him for the last time until it was too late.
/hpc_stor03/sjtu_home/chaolei.liu/data/tts/LibriTTS/train-clean-100/403/126855/403_126855_000013_000001.wav|They used to make their lemonade out of the juice of wild oranges, sweetened with honey which they got from the bees' nests in hollow trees.
/hpc_stor03/sjtu_home/chaolei.liu/data/tts/LibriTTS/train-clean-100/118/47824/118_47824_000124_000000.wav|"""Any one who cares to go--"""
/hpc_stor03/sjtu_home/chaolei.liu/data/tts/LibriTTS/train-clean-100/7178/34645/7178_34645_000032_000003.wav|He fancied that it had been effected for Barkilphedro, and that he was well worth the trouble. Thus it is ever with Satan.
/hpc_stor03/sjtu_home/chaolei.liu/data/tts/LibriTTS/train-clean-100/6181/216552/6181_216552_000032_000001.wav|Blind law; the law of the ignorant man; a law which is not a law; the voice of discord, deceit, and blood!
/hpc_stor03/sjtu_home/chaolei.liu/data/tts/LibriTTS/train-clean-100/1355/39947/1355_39947_000012_000006.wav|That holds true even for very slight abnormalities which seem still within the limits where the own energies can bring about the cure.
/hpc_stor03/sjtu_home/chaolei.liu/data/tts/LibriTTS/train-clean-100/1898/145724/1898_145724_000029_000000.wav|With these words the King of the Foxes disappeared, and in the evening many thousand foxes brought the mare to the Prince.
/hpc_stor03/sjtu_home/chaolei.liu/data/tts/LibriTTS/train-clean-100/2514/149482/2514_149482_000007_000001.wav|"At opposite ends of the social course, they displayed, in respect to the ""figure"" that each, in his way, made, one the expansive, the other the contractile effect of the perfect white waistcoat."
/hpc_stor03/sjtu_home/chaolei.liu/data/tts/LibriTTS/train-clean-100/8238/274553/8238_274553_000027_000001.wav|Having finished reading, he begged me, with the blandest of all possible smiles, to be seated, while he made reference to the treatise in question.
/hpc_stor03/sjtu_home/chaolei.liu/data/tts/LibriTTS/train-clean-100/6437/66173/6437_66173_000033_000002.wav|As I went along, my cap cocked on one side to keep the chilly air from my eye, I felt that I was not only following my nose, but following it so closely, that I was in some danger of treading on it.
/hpc_stor03/sjtu_home/chaolei.liu/data/tts/LibriTTS/train-clean-100/1334/135589/1334_135589_000055_000000.wav|"""Put not your trust in princes, brother,"" replied Alice."
/hpc_stor03/sjtu_home/chaolei.liu/data/tts/LibriTTS/train-clean-100/4362/15663/4362_15663_000008_000004.wav|The steepness of the slope--thirty-five degrees in some places--made any kind of progress fatiguing, while small avalanches were being constantly set in motion in the steepest places.
/hpc_stor03/sjtu_home/chaolei.liu/data/tts/LibriTTS/train-clean-100/1926/147987/1926_147987_000007_000004.wav|"I was afraid to leave the window open last night."""
/hpc_stor03/sjtu_home/chaolei.liu/data/tts/LibriTTS/train-clean-100/3699/47246/3699_47246_000005_000001.wav|There was nothing here so very detestable.
/hpc_stor03/sjtu_home/chaolei.liu/data/tts/LibriTTS/train-clean-100/6880/216547/6880_216547_000051_000005.wav|Do you think that one can be a robber without knowing it, without wishing it, without suspecting it?
/hpc_stor03/sjtu_home/chaolei.liu/data/tts/LibriTTS/train-clean-100/4340/15220/4340_15220_000100_000000.wav|"""Now, you wash your face and spat down your hair, and put your hat on straight, and then we'll go,"" commanded Ben, giving Sanch a roll on the grass to clean him."
/hpc_stor03/sjtu_home/chaolei.liu/data/tts/LibriTTS/train-clean-100/27/123349/27_123349_000015_000001.wav|It was speedily known at Edinburgh that the rebel squadron had touched at the Orkneys.
/hpc_stor03/sjtu_home/chaolei.liu/data/tts/LibriTTS/train-clean-100/3879/173592/3879_173592_000022_000003.wav|There was no panic among the French.
/hpc_stor03/sjtu_home/chaolei.liu/data/tts/LibriTTS/train-clean-100/6078/54007/6078_54007_000043_000000.wav|So down he took the key, and off he marched to the garden.
/hpc_stor03/sjtu_home/chaolei.liu/data/tts/LibriTTS/train-clean-100/3830/12530/3830_12530_000011_000000.wav|Upon the eastern slope of the shores of this bay lay the two towns, Port Steilacoom, and Steilacoom City, both established in 1851.
/hpc_stor03/sjtu_home/chaolei.liu/data/tts/LibriTTS/train-clean-100/2436/2476/2436_2476_000027_000001.wav|"""This is Sir Arthur Coniston, an English gentleman, lecturer and sky-trotter--that is, he will be a sky-trotter; he tells us he plans a number of voyages."""
/hpc_stor03/sjtu_home/chaolei.liu/data/tts/LibriTTS/train-clean-100/322/124147/322_124147_000017_000000.wav|"""Yes, there can; for mine is totally different."
/hpc_stor03/sjtu_home/chaolei.liu/data/tts/LibriTTS/train-clean-100/458/126294/458_126294_000005_000001.wav|And the one, which he had found on a tree was called Fundevogel, because a bird had carried it away.
/hpc_stor03/sjtu_home/chaolei.liu/data/tts/LibriTTS/train-clean-100/8797/294123/8797_294123_000013_000000.wav|The Chinese is no coward.
/hpc_stor03/sjtu_home/chaolei.liu/data/tts/LibriTTS/train-clean-100/2182/181173/2182_181173_000023_000000.wav|"""Yes--yes,"" she answered, in a low, sweet voice."
/hpc_stor03/sjtu_home/chaolei.liu/data/tts/LibriTTS/train-clean-100/3440/171009/3440_171009_000108_000000.wav|A large Christmas-tree had been set up at the further end of the room, and, with its myriad of lighted tapers, and its load of toys and bonbons, interspersed with many a richer and more costly gift, made quite a display.
/hpc_stor03/sjtu_home/chaolei.liu/data/tts/LibriTTS/train-clean-100/3486/166424/3486_166424_000062_000002.wav|He's got lots of ammunition on the pony.
/hpc_stor03/sjtu_home/chaolei.liu/data/tts/LibriTTS/train-clean-100/1069/133699/1069_133699_000066_000008.wav|It seemed to her at last that she would do well to take a book; formerly, when heavy-hearted, she had been able, with the help of some well-chosen volume, to transfer the seat of consciousness to the organ of pure reason.
/hpc_stor03/sjtu_home/chaolei.liu/data/tts/LibriTTS/train-clean-100/4441/76263/4441_76263_000122_000000.wav|"""Because it's rotten!"" answered Borg."
/hpc_stor03/sjtu_home/chaolei.liu/data/tts/LibriTTS/train-clean-100/1098/133695/1098_133695_000041_000000.wav|"""Can't I stay with my own cousin?"" Isabel enquired."
/hpc_stor03/sjtu_home/chaolei.liu/data/tts/LibriTTS/train-clean-100/4137/11702/4137_11702_000036_000001.wav|"I can't plant them in the garden."""
/hpc_stor03/sjtu_home/chaolei.liu/data/tts/LibriTTS/train-clean-100/8051/119902/8051_119902_000004_000000.wav|Bread is the staff of life for all nations.
/hpc_stor03/sjtu_home/chaolei.liu/data/tts/LibriTTS/train-clean-100/3374/298026/3374_298026_000003_000004.wav|I remember everything, even the griefs, and all my thoughts that have been and are to be bestir themselves and arise before me.
/hpc_stor03/sjtu_home/chaolei.liu/data/tts/LibriTTS/train-clean-100/6147/34605/6147_34605_000012_000000.wav|Hers was a noble neck, a splendid bosom, heaving harmoniously over a royal heart, a glance full of life and light, a countenance pure and haughty, and who knows?
/hpc_stor03/sjtu_home/chaolei.liu/data/tts/LibriTTS/train-clean-100/1040/133433/1040_133433_000138_000001.wav|He gave a cry of pain; and when the tall beautiful creature stooped to lift him in her arms he drew back sharply.
/hpc_stor03/sjtu_home/chaolei.liu/data/tts/LibriTTS/train-clean-100/1624/142933/1624_142933_000012_000002.wav|"Now you speak of it, Jenny, that song IS quite different from Welcome Robin's."""
/hpc_stor03/sjtu_home/chaolei.liu/data/tts/LibriTTS/train-clean-100/426/122822/426_122822_000029_000000.wav|Then a silence fell . . . a very creepy, uncomfortable silence.
/hpc_stor03/sjtu_home/chaolei.liu/data/tts/LibriTTS/train-clean-100/1246/124548/1246_124548_000022_000002.wav|How does the poor fish know?' says they.
/hpc_stor03/sjtu_home/chaolei.liu/data/tts/LibriTTS/train-clean-100/7226/86964/7226_86964_000011_000003.wav|Looking up, we saw for the first time a small tent on the opposite shore, a quarter of a mile away, in front of which was a man shouting to us and beckoning us over.
/hpc_stor03/sjtu_home/chaolei.liu/data/tts/LibriTTS/train-clean-100/8324/286681/8324_286681_000001_000004.wav|"Still, as the Mother Mud Turtle said, ""They had known that they were there, and the mud seemed empty without them."""
/hpc_stor03/sjtu_home/chaolei.liu/data/tts/LibriTTS/train-clean-100/2893/139310/2893_139310_000010_000004.wav|"""I have been awake three days--a prisoner three days."
/hpc_stor03/sjtu_home/chaolei.liu/data/tts/LibriTTS/train-clean-100/5514/19193/5514_19193_000019_000000.wav|The barking of these sombre dogs of war replied to each other.
/hpc_stor03/sjtu_home/chaolei.liu/data/tts/LibriTTS/train-clean-100/1578/6379/1578_6379_000081_000004.wav|I felt as though I were flirting with my grandfather.
/hpc_stor03/sjtu_home/chaolei.liu/data/tts/LibriTTS/train-clean-100/4214/7146/4214_7146_000052_000000.wav|"""I must cry,"" said Anne."
/hpc_stor03/sjtu_home/chaolei.liu/data/tts/LibriTTS/train-clean-100/1992/141719/1992_141719_000016_000015.wav|A Merchant happening to pass by, he sold it to him for a Trifle, and took in Exchange nothing more than a Mantle, and a Cap.
/hpc_stor03/sjtu_home/chaolei.liu/data/tts/LibriTTS/train-clean-100/3982/178459/3982_178459_000046_000001.wav|"""I didn't believe you'd done one kind thing for me--for that."
/hpc_stor03/sjtu_home/chaolei.liu/data/tts/LibriTTS/train-clean-100/2007/149877/2007_149877_000036_000001.wav|The many friends he met here dropped in because they craved, without, perhaps, consciously analysing it, the company, the glow, the atmosphere which they found.
/hpc_stor03/sjtu_home/chaolei.liu/data/tts/LibriTTS/train-clean-100/8975/270782/8975_270782_000005_000005.wav|The child is able to speak well at the age of two, it soon shows that it can become adjusted to the most complicated psychic situations, and makes remarks which years later are retold to it, but which it has itself entirely forgotten.
/hpc_stor03/sjtu_home/chaolei.liu/data/tts/LibriTTS/train-clean-100/4830/25898/4830_25898_000027_000000.wav|'Nothing, ma'am; it's fatal.' And the doctor waddled on to visit Dame Partlet's son, who was ill of the pip.
/hpc_stor03/sjtu_home/chaolei.liu/data/tts/LibriTTS/train-clean-100/2952/410/2952_410_000014_000001.wav|They bowed low to the priest, and greeted him in the most respectful manner.
/hpc_stor03/sjtu_home/chaolei.liu/data/tts/LibriTTS/train-clean-100/6454/107462/6454_107462_000037_000000.wav|"""'Twas never found out, from that hour to this, who done it!"" muttered the Widow Geraghty, ""but, may the Divvle skelp me if I touch one drop of chucken-tea again!"""
/hpc_stor03/sjtu_home/chaolei.liu/data/tts/LibriTTS/train-clean-100/4813/248641/4813_248641_000012_000001.wav|But is the message cheering?
/hpc_stor03/sjtu_home/chaolei.liu/data/tts/LibriTTS/train-clean-100/2002/139469/2002_139469_000017_000009.wav|But in this mortal life extremes are always matched; the thorn grows with the rose, the poison tree and the cinnamon mingle their boughs.
/hpc_stor03/sjtu_home/chaolei.liu/data/tts/LibriTTS/train-clean-100/8465/246947/8465_246947_000036_000001.wav|For all his hardness and want of sympathy, the curate had yet had regard to her entreaties, and was not going to put any horrid notions about duty and self-sacrifice into the poor boy's head!
/hpc_stor03/sjtu_home/chaolei.liu/data/tts/LibriTTS/train-clean-100/2092/145706/2092_145706_000029_000004.wav|Can I be of any help to you? I am the bee whose wing you healed, and would like to show my gratitude in some way.'
/hpc_stor03/sjtu_home/chaolei.liu/data/tts/LibriTTS/train-clean-100/1963/142776/1963_142776_000050_000001.wav|It is to be found on most of the sandy shores of Europe.
/hpc_stor03/sjtu_home/chaolei.liu/data/tts/LibriTTS/train-clean-100/8468/294887/8468_294887_000025_000002.wav|"I am a blacksmith, and have worked six months in one shop, in New York, with white journeymen, not one of whom believes, I suppose, that I am a colored man."""
/hpc_stor03/sjtu_home/chaolei.liu/data/tts/LibriTTS/train-clean-100/1737/148989/1737_148989_000005_000001.wav|Tidings had been sent to the shipowners at Hamburg by some of the survivors, and telegraphed at once by Franz to his uncle.
/hpc_stor03/sjtu_home/chaolei.liu/data/tts/LibriTTS/train-clean-100/1455/138263/1455_138263_000026_000000.wav|"""Without a doubt!"" answered Nicholl."
/hpc_stor03/sjtu_home/chaolei.liu/data/tts/LibriTTS/train-clean-100/911/128684/911_128684_000005_000001.wav|In Section VII. of [the first essay], I treated of this class of experiences very inadequately, because I had to be so brief.
/hpc_stor03/sjtu_home/chaolei.liu/data/tts/LibriTTS/train-clean-100/3857/182317/3857_182317_000005_000004.wav|Each little snake family could have eaten a herd of cattle at Christmas.
/hpc_stor03/sjtu_home/chaolei.liu/data/tts/LibriTTS/train-clean-100/1116/137572/1116_137572_000013_000004.wav|Nor could he, overruling her against her will, find in his choice of home-owning or personal-career investment the satisfaction he had expected.
/hpc_stor03/sjtu_home/chaolei.liu/data/tts/LibriTTS/train-clean-100/8838/298545/8838_298545_000026_000000.wav|But perhaps he could escape exposure after all.
/hpc_stor03/sjtu_home/chaolei.liu/data/tts/LibriTTS/train-clean-100/4397/15678/4397_15678_000006_000005.wav|The spirit of progress is in the air.
/hpc_stor03/sjtu_home/chaolei.liu/data/tts/LibriTTS/train-clean-100/730/358/730_358_000006_000003.wav|I examined the materials of the fire, and to my joy found it to be composed of wood.
/hpc_stor03/sjtu_home/chaolei.liu/data/tts/LibriTTS/train-clean-100/3168/173565/3168_173565_000038_000001.wav|Timokhin, who had not slept at all because of the pain in his leg, had long been watching all that was going on, carefully covering his bare body with the sheet as he huddled up on his bench.
/hpc_stor03/sjtu_home/chaolei.liu/data/tts/LibriTTS/train-clean-100/2910/131096/2910_131096_000009_000005.wav|Heedless of his wound, his whole thought now was to repair the mischief he had done, and he poured the balmy drops of joy over all her silken ringlets.
/hpc_stor03/sjtu_home/chaolei.liu/data/tts/LibriTTS/train-clean-100/298/126790/298_126790_000011_000001.wav|"He died about two hours and ten minutes before the cock crowed, as near as we can say."" She was interrupted by the physician, who, approaching, inquired, with much interest, the nature of the disorder."
/hpc_stor03/sjtu_home/chaolei.liu/data/tts/LibriTTS/train-clean-100/2911/7601/2911_7601_000019_000005.wav|I arose and argued about trifles, in a high key and with violent gesticulations; but the noise steadily increased.
/hpc_stor03/sjtu_home/chaolei.liu/data/tts/LibriTTS/train-clean-100/7780/274562/7780_274562_000013_000001.wav|'A mixture of pure art in a garden scene, adds to it a great beauty.' This is just; and the reference to the sense of human interest is equally so.
/hpc_stor03/sjtu_home/chaolei.liu/data/tts/LibriTTS/train-clean-100/1867/154075/1867_154075_000007_000000.wav|"""It was down in the cellar that we found the first tracks."
/hpc_stor03/sjtu_home/chaolei.liu/data/tts/LibriTTS/train-clean-100/839/130898/839_130898_000040_000000.wav|Besides, on this well-chosen plateau, the cable never lies at depths that could cause a break.
/hpc_stor03/sjtu_home/chaolei.liu/data/tts/LibriTTS/train-clean-100/5390/24512/5390_24512_000028_000000.wav|At last the end came.
/hpc_stor03/sjtu_home/chaolei.liu/data/tts/LibriTTS/train-clean-100/3526/176653/3526_176653_000084_000004.wav|The frog hopped several times.
/hpc_stor03/sjtu_home/chaolei.liu/data/tts/LibriTTS/train-clean-100/4014/186183/4014_186183_000051_000000.wav|"""Say,"" Jerry concluded, ""they certainly did pebble us with machine-gun bullets!"
/hpc_stor03/sjtu_home/chaolei.liu/data/tts/LibriTTS/train-clean-100/5778/12761/5778_12761_000010_000000.wav|"""Near night fall we descended into the steep ravine of a handsome creek thirty feet wide, and I was engaged in getting the horses up the opposite hill, when I heard a shout from Carson, who had gone ahead a few hundred yards."
/hpc_stor03/sjtu_home/chaolei.liu/data/tts/LibriTTS/train-clean-100/2691/156755/2691_156755_000019_000004.wav|"The only thing that remains to be tried is a tea steeped from the nettle root. That may give relief."""
/hpc_stor03/sjtu_home/chaolei.liu/data/tts/LibriTTS/train-clean-100/7511/102419/7511_102419_000021_000001.wav|"We had just got the coffee boiling when the lovers came up, Elizabeth in the saddle, ""learning to ride,"" and he walking beside her holding her hand."
/hpc_stor03/sjtu_home/chaolei.liu/data/tts/LibriTTS/train-clean-100/5750/100289/5750_100289_000017_000003.wav|In a few years he returned to Chicago and opened an office.
/hpc_stor03/sjtu_home/chaolei.liu/data/tts/LibriTTS/train-clean-100/5163/39921/5163_39921_000044_000005.wav|I have been thinking it over, and I admit I was somewhat unreasonable.
/hpc_stor03/sjtu_home/chaolei.liu/data/tts/LibriTTS/train-clean-100/4481/17498/4481_17498_000041_000006.wav|"It's positive cruelty to her, sir, to suggest such a thing!"""
/hpc_stor03/sjtu_home/chaolei.liu/data/tts/LibriTTS/train-clean-100/8629/261139/8629_261139_000035_000003.wav|Yet how could I hope to lure her down-stairs without noise?
/hpc_stor03/sjtu_home/chaolei.liu/data/tts/LibriTTS/train-clean-100/6529/62556/6529_62556_000086_000001.wav|It was folded and fastened to Top's collar in a conspicuous position.
/hpc_stor03/sjtu_home/chaolei.liu/data/tts/LibriTTS/train-clean-100/5104/33406/5104_33406_000014_000001.wav|"""We should best not talk to him."""
/hpc_stor03/sjtu_home/chaolei.liu/data/tts/LibriTTS/train-clean-100/198/126831/198_126831_000033_000000.wav|"""Well, here's the key--go and see for yourself,"" said Peter."
/hpc_stor03/sjtu_home/chaolei.liu/data/tts/LibriTTS/train-clean-100/8770/295465/8770_295465_000038_000000.wav|He wandered through the empty rooms, aching with loneliness, murmuring softly to himself:
/hpc_stor03/sjtu_home/chaolei.liu/data/tts/LibriTTS/train-clean-100/4195/186237/4195_186237_000061_000000.wav|Uncle John shook his head, reproachfully, at the Major.
/hpc_stor03/sjtu_home/chaolei.liu/data/tts/LibriTTS/train-clean-100/2289/152258/2289_152258_000026_000001.wav|They would not believe what he preached, and they called him an impostor.
/hpc_stor03/sjtu_home/chaolei.liu/data/tts/LibriTTS/train-clean-100/1363/139304/1363_139304_000007_000004.wav|Did it matter, seeing he was so wretched?
/hpc_stor03/sjtu_home/chaolei.liu/data/tts/LibriTTS/train-clean-100/7190/90542/7190_90542_000096_000000.wav|I cannot attempt to say how long we had waited in utter silence when Quarles touched my arm.
/hpc_stor03/sjtu_home/chaolei.liu/data/tts/LibriTTS/train-clean-100/5393/19219/5393_19219_000047_000074.wav|Believe what I say to you.
/hpc_stor03/sjtu_home/chaolei.liu/data/tts/LibriTTS/train-clean-100/1088/134315/1088_134315_000029_000000.wav|"""Which is generally very badly wanted by the people who use it,"" said the girl, with a little smile, ""and, according to your argument, they are also justified."""
/hpc_stor03/sjtu_home/chaolei.liu/data/tts/LibriTTS/train-clean-100/150/126112/150_126112_000005_000000.wav|"""Here I am,"" said the prince."
/hpc_stor03/sjtu_home/chaolei.liu/data/tts/LibriTTS/train-clean-100/8108/274318/8108_274318_000010_000000.wav|For ruined it was, and terrible it was, and the mark of spiritual evil was branded everywhere upon its broken features.
/hpc_stor03/sjtu_home/chaolei.liu/data/tts/LibriTTS/train-clean-100/6836/61803/6836_61803_000060_000000.wav|While speaking he has kept his right hand under the left breast of his coat.
/hpc_stor03/sjtu_home/chaolei.liu/data/tts/LibriTTS/train-clean-100/5703/47198/5703_47198_000048_000002.wav|"It is much better that they should learn to manage their own affairs; and Juliet is not such a ninny as you seem to think."""
/hpc_stor03/sjtu_home/chaolei.liu/data/tts/LibriTTS/train-clean-100/5022/29411/5022_29411_000065_000001.wav|Well, your friend, your favorite friend, has invited me to meet you.
/hpc_stor03/sjtu_home/chaolei.liu/data/tts/LibriTTS/train-clean-100/587/41619/587_41619_000035_000002.wav|Besides, Miss Pierson is too short.
/hpc_stor03/sjtu_home/chaolei.liu/data/tts/LibriTTS/train-clean-100/8095/274346/8095_274346_000039_000004.wav|A new odium, likewise, by these representations, was attempted to be thrown upon Buckingham.
/hpc_stor03/sjtu_home/chaolei.liu/data/tts/LibriTTS/train-clean-100/8014/112602/8014_112602_000006_000002.wav|Soap was used both in bathing and washing.
/hpc_stor03/sjtu_home/chaolei.liu/data/tts/LibriTTS/train-clean-100/200/126784/200_126784_000043_000001.wav|"""I prefer your ebony hair, from which you seem to have combed the powder with great industry."
/hpc_stor03/sjtu_home/chaolei.liu/data/tts/LibriTTS/train-clean-100/8609/262281/8609_262281_000046_000000.wav|"""Not very early,"" answered Constance."
/hpc_stor03/sjtu_home/chaolei.liu/data/tts/LibriTTS/train-clean-100/7794/295947/7794_295947_000030_000001.wav|The next day the doctor came and compounded a medicine for the patient, which at once produced a good effect, and there was no little joy in the household.
/hpc_stor03/sjtu_home/chaolei.liu/data/tts/LibriTTS/train-clean-100/1183/133256/1183_133256_000027_000000.wav|We want you to accept a large sample bottle with our compliments.
/hpc_stor03/sjtu_home/chaolei.liu/data/tts/LibriTTS/train-clean-100/1263/141777/1263_141777_000026_000000.wav|Rynch jumped to his feet, a cry of warning shaping, but not to be uttered.
/hpc_stor03/sjtu_home/chaolei.liu/data/tts/LibriTTS/train-clean-100/4297/13009/4297_13009_000034_000001.wav|"Of course such a turn of character is subject to certain dangers of its own."""
/hpc_stor03/sjtu_home/chaolei.liu/data/tts/LibriTTS/train-clean-100/2196/174172/2196_174172_000003_000014.wav|Grow something, create something, produce something and the law of youth will pervade your Being.
/hpc_stor03/sjtu_home/chaolei.liu/data/tts/LibriTTS/train-clean-100/8312/279791/8312_279791_000040_000000.wav|How her heart beat as she entered, and begged to see the king!
/hpc_stor03/sjtu_home/chaolei.liu/data/tts/LibriTTS/train-clean-100/125/121342/125_121342_000020_000002.wav|It's a bad town unless you're on top of it.
/hpc_stor03/sjtu_home/chaolei.liu/data/tts/LibriTTS/train-clean-100/6818/68772/6818_68772_000019_000003.wav|"I'd like to study her a little."""
/hpc_stor03/sjtu_home/chaolei.liu/data/tts/LibriTTS/train-clean-100/2989/138028/2989_138028_000039_000000.wav|"""Well, if you can't understand me,"" said Sancho, ""I don't know how to put it; I know no more, God help me."""
/hpc_stor03/sjtu_home/chaolei.liu/data/tts/LibriTTS/train-clean-100/1553/140047/1553_140047_000004_000005.wav|The premiums within their possible grasp were three: a bookcase, a plush reclining chair, and a banquet lamp.
/hpc_stor03/sjtu_home/chaolei.liu/data/tts/LibriTTS/train-clean-100/1447/17506/1447_17506_000020_000003.wav|"A count, did you say?"""
/hpc_stor03/sjtu_home/chaolei.liu/data/tts/LibriTTS/train-clean-100/7367/86737/7367_86737_000123_000018.wav|A terrible battle between the two men seemed imminent; but by degrees Carlini's features relaxed, his hand, which had grasped one of the pistols in his belt, fell to his side.
/hpc_stor03/sjtu_home/chaolei.liu/data/tts/LibriTTS/train-clean-100/5463/39174/5463_39174_000068_000001.wav|Would it not be a good work?
/hpc_stor03/sjtu_home/chaolei.liu/data/tts/LibriTTS/train-clean-100/201/122255/201_122255_000030_000000.wav|Thus spoke Robin Hood to himself, all his anger passing away like a breath from the windowpane, at the thought that perhaps his trusty right-hand man was in some danger of his life.
/hpc_stor03/sjtu_home/chaolei.liu/data/tts/LibriTTS/train-clean-100/6476/96661/6476_96661_000011_000003.wav|Before he had grown out of his boyhood Theseus had been able to raise the stone and draw forth his father's sword.
/hpc_stor03/sjtu_home/chaolei.liu/data/tts/LibriTTS/train-clean-100/254/12312/254_12312_000004_000011.wav|After playing, when the game is done, they refresh themselves before a clear fire, and change their shirts; and very willingly they make all good cheer, but most merrily those that have gained.
/hpc_stor03/sjtu_home/chaolei.liu/data/tts/LibriTTS/train-clean-100/2518/154826/2518_154826_000014_000002.wav|Maybe you've seen a flask in walking through the furrows?'
/hpc_stor03/sjtu_home/chaolei.liu/data/tts/LibriTTS/train-clean-100/5789/57158/5789_57158_000040_000002.wav|"Because Lady Ushant is kind to me I needn't expect other people to be so."" Reginald Morton was of course the ""other people."""
/hpc_stor03/sjtu_home/chaolei.liu/data/tts/LibriTTS/train-clean-100/4406/16883/4406_16883_000020_000004.wav|Then he came running to tell me he had a new master, and that he had given him some ground nuts already.
/hpc_stor03/sjtu_home/chaolei.liu/data/tts/LibriTTS/train-clean-100/32/4137/32_4137_000006_000001.wav|Few persons can arrive at anything like the age of a Negro, by mere observation, unless they are well acquainted with the race.
/hpc_stor03/sjtu_home/chaolei.liu/data/tts/LibriTTS/train-clean-100/4859/26870/4859_26870_000013_000001.wav|"Oh, Mary, don't remind me of it!"" and again he flushed."
/hpc_stor03/sjtu_home/chaolei.liu/data/tts/LibriTTS/train-clean-100/1743/142912/1743_142912_000008_000001.wav|But this seemed to make no difference to Scrapper, for that is who it was.
/hpc_stor03/sjtu_home/chaolei.liu/data/tts/LibriTTS/train-clean-100/446/123502/446_123502_000014_000000.wav|On the floor of this chamber, which was dotted with highly carved wooden desks and chairs, were assembled about forty or fifty male Martians around the steps of a rostrum.
/hpc_stor03/sjtu_home/chaolei.liu/data/tts/LibriTTS/train-clean-100/831/130739/831_130739_000021_000004.wav|He is naturally of a sanguine disposition.
/hpc_stor03/sjtu_home/chaolei.liu/data/tts/LibriTTS/train-clean-100/909/131041/909_131041_000013_000008.wav|Their transient existence, and their detached situation, already taken notice of, afford a satisfactory prospect of their continuing so, to the conclusion of it.
/hpc_stor03/sjtu_home/chaolei.liu/data/tts/LibriTTS/train-clean-100/4853/29413/4853_29413_000013_000000.wav|"""Then sit down, Gloody, and make a clean breast of it."""
/hpc_stor03/sjtu_home/chaolei.liu/data/tts/LibriTTS/train-clean-100/6209/34599/6209_34599_000013_000005.wav|The little creature whom he carried made his progress fearfully difficult. She was not only a burden, which his weariness and exhaustion made excessive, but was also an embarrassment.
/hpc_stor03/sjtu_home/chaolei.liu/data/tts/LibriTTS/train-clean-100/302/123516/302_123516_000017_000000.wav|"""I have brought a strange creature wearing the metal of a Thark whom it is my pleasure to have battle with a wild thoat at the great games."""
/hpc_stor03/sjtu_home/chaolei.liu/data/tts/LibriTTS/train-clean-100/669/129074/669_129074_000017_000001.wav|"I have never parted with that picture--I never will."""
/hpc_stor03/sjtu_home/chaolei.liu/data/tts/LibriTTS/train-clean-100/5867/48852/5867_48852_000074_000006.wav|"When you marry I will tell your wife what an infinite blessing God has given her."""
/hpc_stor03/sjtu_home/chaolei.liu/data/tts/LibriTTS/train-clean-100/7278/91083/7278_91083_000023_000001.wav|The house is in Queen Anne style, surrounded by velvety lawns, a wealth of evergreen and exquisite plants, brought over from South America and Africa.
/hpc_stor03/sjtu_home/chaolei.liu/data/tts/LibriTTS/train-clean-100/211/122442/211_122442_000131_000001.wav|"That, I think, is as much as I shall want."""
/hpc_stor03/sjtu_home/chaolei.liu/data/tts/LibriTTS/train-clean-100/229/130880/229_130880_000044_000000.wav|"""Not a one, Mr. Naturalist."
/hpc_stor03/sjtu_home/chaolei.liu/data/tts/LibriTTS/train-clean-100/5561/41615/5561_41615_000032_000001.wav|"You are both disrespectful and impertinent."""
/hpc_stor03/sjtu_home/chaolei.liu/data/tts/LibriTTS/train-clean-100/7059/77897/7059_77897_000002_000001.wav|"Do you mean with regard to Mr. Gerrish?"""
/hpc_stor03/sjtu_home/chaolei.liu/data/tts/LibriTTS/train-clean-100/226/122538/226_122538_000024_000002.wav|Not of half-crowns; of those she had plenty.
/hpc_stor03/sjtu_home/chaolei.liu/data/tts/LibriTTS/train-clean-100/3235/28452/3235_28452_000009_000002.wav|A few remained for the summer.
/hpc_stor03/sjtu_home/chaolei.liu/data/tts/LibriTTS/train-clean-100/89/219/89_219_000015_000001.wav|Why was Miss Tilney embarrassed?
/hpc_stor03/sjtu_home/chaolei.liu/data/tts/LibriTTS/train-clean-100/3983/5371/3983_5371_000061_000000.wav|The earl stared with all his might; he thought it the strangest question that ever was asked him.
/hpc_stor03/sjtu_home/chaolei.liu/data/tts/LibriTTS/train-clean-100/2416/152137/2416_152137_000045_000002.wav|He beat it about fifteen minutes ago, him an' Dago Jim.
/hpc_stor03/sjtu_home/chaolei.liu/data/tts/LibriTTS/train-clean-100/8419/286667/8419_286667_000006_000000.wav|That night they slept near together, as they had done when with the large flock, and one Crane kept awake to watch for danger while the others tucked their heads under their wings.
/hpc_stor03/sjtu_home/chaolei.liu/data/tts/LibriTTS/train-clean-100/5322/7679/5322_7679_000007_000000.wav|'He is my neighbour,' answered the scout.
/hpc_stor03/sjtu_home/chaolei.liu/data/tts/LibriTTS/train-clean-100/7635/105409/7635_105409_000048_000002.wav|He must have remained behind, and was even now hiding somewhere about the cliffs; the patrols were still about, he would still be sighted, no doubt.
/hpc_stor03/sjtu_home/chaolei.liu/data/tts/LibriTTS/train-clean-100/7302/86815/7302_86815_000029_000001.wav|"""Tell your mistress,"" he at length answered, ""that I wish to speak to her, and I beg she will wait for me in her own room."""
/hpc_stor03/sjtu_home/chaolei.liu/data/tts/LibriTTS/train-clean-100/4160/11550/4160_11550_000018_000001.wav|"""Mr. Oglethorpe told me so."""
/hpc_stor03/sjtu_home/chaolei.liu/data/tts/LibriTTS/train-clean-100/8088/284756/8088_284756_000175_000002.wav|Then again the vision was swallowed up by the swirling mists of time.
/hpc_stor03/sjtu_home/chaolei.liu/data/tts/LibriTTS/train-clean-100/4018/107312/4018_107312_000052_000005.wav|I proposed to go with her--but two girls alone,--you understand me.
/hpc_stor03/sjtu_home/chaolei.liu/data/tts/LibriTTS/train-clean-100/1502/122615/1502_122615_000022_000000.wav|The darkness of the impending cloud which precedes a burst of thunder was not blacker than the brow of Magua as he exclaimed:
/hpc_stor03/sjtu_home/chaolei.liu/data/tts/LibriTTS/train-clean-100/7113/86041/7113_86041_000056_000003.wav|All was lonely, empty, sorrowful; and the forsaken gnome resolved that he would have no more dealings with such false creatures as he had found men to be.
/hpc_stor03/sjtu_home/chaolei.liu/data/tts/LibriTTS/train-clean-100/405/130895/405_130895_000052_000000.wav|Instantly there he was, thrown on his back, legs in the air, his body half paralyzed, and yelling:
/hpc_stor03/sjtu_home/chaolei.liu/data/tts/LibriTTS/train-clean-100/696/92939/696_92939_000026_000001.wav|After the execution they refused to return the body.
/hpc_stor03/sjtu_home/chaolei.liu/data/tts/LibriTTS/train-clean-100/7264/92310/7264_92310_000019_000003.wav|It is already to-day the capital fact of our whole political system.
/hpc_stor03/sjtu_home/chaolei.liu/data/tts/LibriTTS/train-clean-100/39/121914/39_121914_000024_000006.wav|You got Hannah that good place.
/hpc_stor03/sjtu_home/chaolei.liu/data/tts/LibriTTS/train-clean-100/7078/271888/7078_271888_000069_000000.wav|The fair model herself was charmed with it.
/hpc_stor03/sjtu_home/chaolei.liu/data/tts/LibriTTS/train-clean-100/40/121026/40_121026_000086_000001.wav|"Do you recollect the words in which the information against you was formulated?"""
/hpc_stor03/sjtu_home/chaolei.liu/data/tts/LibriTTS/train-clean-100/7067/76047/7067_76047_000048_000005.wav|Miss Grammont has a startled and matured mind, an original mind.
/hpc_stor03/sjtu_home/chaolei.liu/data/tts/LibriTTS/train-clean-100/1841/159771/1841_159771_000050_000001.wav|He caught his cousin by his tail and held on firmly.
/hpc_stor03/sjtu_home/chaolei.liu/data/tts/LibriTTS/train-clean-100/5339/14134/5339_14134_000013_000002.wav|They had urged their correspondent to give them his name in confidence, and this morning's letter had brought it; but the name was totally unknown to them, though there seemed no reason to doubt the reality of either it or the address, the latter of which was given in full.
/hpc_stor03/sjtu_home/chaolei.liu/data/tts/LibriTTS/train-clean-100/3240/131232/3240_131232_000043_000000.wav|"It is not said whether the snakes were of a known species or not, but that ""when first seen, they were of a dark brown, almost black."" Blacksnakes, I suppose."
/hpc_stor03/sjtu_home/chaolei.liu/data/tts/LibriTTS/train-clean-100/2136/5147/2136_5147_000050_000002.wav|Good Mrs. Rusk and Mary Quince, in their several ways, used to enhance, by occasional anecdotes and frequent reflections, the terrors of such an intrusion.
/hpc_stor03/sjtu_home/chaolei.liu/data/tts/LibriTTS/train-clean-100/2391/145015/2391_145015_000003_000008.wav|One who knew and loved it well very happily expressed its quiet charms, when he wrote
/hpc_stor03/sjtu_home/chaolei.liu/data/tts/LibriTTS/train-clean-100/6848/252322/6848_252322_000048_000004.wav|"Watch what's coming, look out and see which way the mischief is brewin', and make your preparations. That's the great study of physic."""
/hpc_stor03/sjtu_home/chaolei.liu/data/tts/LibriTTS/train-clean-100/8630/305212/8630_305212_000016_000000.wav|On the threshold of that other world Monica bade farewell to her husband, and one more soul that she had won for Christ went out into a glorious eternity.
/hpc_stor03/sjtu_home/chaolei.liu/data/tts/LibriTTS/train-clean-100/5808/54425/5808_54425_000010_000020.wav|Then he was battered, unkempt, and thick of speech.
/hpc_stor03/sjtu_home/chaolei.liu/data/tts/LibriTTS/train-clean-100/2843/152918/2843_152918_000005_000006.wav|We were in the middle of a fairly steep descent; what there might be below was not easy to decide, nor would we try to find out in that weather.
/hpc_stor03/sjtu_home/chaolei.liu/data/tts/LibriTTS/train-clean-100/60/121082/60_121082_000037_000001.wav|"""It was very polite of you."""
/hpc_stor03/sjtu_home/chaolei.liu/data/tts/LibriTTS/train-clean-100/8747/293952/8747_293952_000031_000002.wav|During his life I was merely a puppet.
/hpc_stor03/sjtu_home/chaolei.liu/data/tts/LibriTTS/train-clean-100/6531/61334/6531_61334_000002_000001.wav|One kingdom had its capital at Hamath and another at Carchemish on the Euphrates.
/hpc_stor03/sjtu_home/chaolei.liu/data/tts/LibriTTS/train-clean-100/6272/70171/6272_70171_000038_000000.wav|She went to Boston that Friday afternoon, anxious to get safely home with Veronica.
/hpc_stor03/sjtu_home/chaolei.liu/data/tts/LibriTTS/train-clean-100/87/121553/87_121553_000107_000000.wav|"""This man has need (and does not tell you so, Nor with the voice, nor even in his thought) Of going to the root of one truth more."
/hpc_stor03/sjtu_home/chaolei.liu/data/tts/LibriTTS/train-clean-100/6415/100596/6415_100596_000061_000000.wav|"""Hallucinations don't send flowers,"" said Priscilla, hotly; and she stalked out of the room, leaving Patty and Georgie to review the campaign."
/hpc_stor03/sjtu_home/chaolei.liu/data/tts/LibriTTS/train-clean-100/4640/19188/4640_19188_000036_000001.wav|"Do you yourselves designate those who are to go."""
/hpc_stor03/sjtu_home/chaolei.liu/data/tts/LibriTTS/train-clean-100/83/9960/83_9960_000097_000000.wav|"""Not much, come now, you old dog, after us!"""
/hpc_stor03/sjtu_home/chaolei.liu/data/tts/LibriTTS/train-clean-100/3436/172171/3436_172171_000005_000001.wav|"He was allowed no weapon but ""a lyttel Scots spere,"" which was the only thing of all ""her lordes faire gere"" that his mother carried to the wood with her."
/hpc_stor03/sjtu_home/chaolei.liu/data/tts/LibriTTS/train-clean-100/6064/300880/6064_300880_000049_000000.wav|"""No butt in about it."
/hpc_stor03/sjtu_home/chaolei.liu/data/tts/LibriTTS/train-clean-100/6563/285357/6563_285357_000003_000000.wav|The trials with this vessel commenced on November 30th, 1905, but ill-luck had not been eluded.
/hpc_stor03/sjtu_home/chaolei.liu/data/tts/LibriTTS/train-clean-100/196/122159/196_122159_000011_000018.wav|"I might have lasted it out better than many others. There's nothing the matter with my heart."" He withdrew his right fist from his pocket, and the blow he struck on his chest resounded like a muffled detonation in the night."
/hpc_stor03/sjtu_home/chaolei.liu/data/tts/LibriTTS/train-clean-100/5456/24741/5456_24741_000013_000000.wav|Note.--We thus see how it comes about, as is often the case, that we regard as present many things which are not.
/hpc_stor03/sjtu_home/chaolei.liu/data/tts/LibriTTS/train-clean-100/6081/41998/6081_41998_000027_000000.wav|The keeper's face brightened up.
/hpc_stor03/sjtu_home/chaolei.liu/data/tts/LibriTTS/train-clean-100/6000/86686/6000_86686_000017_000000.wav|"""Oh, no matter; I was given to understand it,"" says Saint Kavin."
/hpc_stor03/sjtu_home/chaolei.liu/data/tts/LibriTTS/train-clean-100/8123/275209/8123_275209_000022_000001.wav|"""It was their dying mother's last request that I should do no such thing."""
/hpc_stor03/sjtu_home/chaolei.liu/data/tts/LibriTTS/train-clean-100/5652/19215/5652_19215_000026_000042.wav|One of the sides of that century was delicate, the other was magnificent; and by the green cabbages! people amused themselves. To-day, people are serious.
/hpc_stor03/sjtu_home/chaolei.liu/data/tts/LibriTTS/train-clean-100/1034/121119/1034_121119_000064_000002.wav|Has the law any eyes to witness your grief?
/hpc_stor03/sjtu_home/chaolei.liu/data/tts/LibriTTS/train-clean-100/6385/220959/6385_220959_000022_000005.wav|Hence it is evident that the holy reality, meaning the real existence of every great man, comes from God and owes its being to the breath of the Holy Spirit.
/hpc_stor03/sjtu_home/chaolei.liu/data/tts/LibriTTS/train-clean-100/6019/3185/6019_3185_000029_000010.wav|The distance was not great; and within five minutes several persons returned hastily, and cried out to the crowd of ladies that all was true which the young girl had said.
/hpc_stor03/sjtu_home/chaolei.liu/data/tts/LibriTTS/train-clean-100/1235/135884/1235_135884_000011_000000.wav|I leave you to judge how much I was surprised.
/hpc_stor03/sjtu_home/chaolei.liu/data/tts/LibriTTS/train-clean-100/4680/16026/4680_16026_000036_000000.wav|It was, in fact, Eponine, who had addressed Thenardier.
/hpc_stor03/sjtu_home/chaolei.liu/data/tts/LibriTTS/train-clean-100/250/142286/250_142286_000060_000000.wav|'Fanny!' said her mother, as they drove away, 'we will be civil to these Hales: but don't form one of your hasty friendships with the daughter. She will do you no good, I see.
/hpc_stor03/sjtu_home/chaolei.liu/data/tts/LibriTTS/train-clean-100/7800/283493/7800_283493_000020_000000.wav|Frank was more than willing.
/hpc_stor03/sjtu_home/chaolei.liu/data/tts/LibriTTS/train-clean-100/3214/167602/3214_167602_000009_000000.wav|"""What decision have you been pleased to come to?"" said he."
/hpc_stor03/sjtu_home/chaolei.liu/data/tts/LibriTTS/train-clean-100/7312/92432/7312_92432_000010_000000.wav|Happily, the cannonading was not renewed that night, and at dawn of day she returned to her apartments, with her husband by her side.
/hpc_stor03/sjtu_home/chaolei.liu/data/tts/LibriTTS/train-clean-100/4267/72637/4267_72637_000033_000001.wav|I did not facilitate the preparations, and a moment of awkward silence ensued.
/hpc_stor03/sjtu_home/chaolei.liu/data/tts/LibriTTS/train-clean-100/4051/10927/4051_10927_000016_000000.wav|"""Anna, is this you?"" said Alexey Alexandrovitch, quietly making an effort over himself, and restraining the motion of his fingers."
/hpc_stor03/sjtu_home/chaolei.liu/data/tts/LibriTTS/train-clean-100/2817/142380/2817_142380_000014_000004.wav|"She is very much changed..."""
/hpc_stor03/sjtu_home/chaolei.liu/data/tts/LibriTTS/train-clean-100/7447/91186/7447_91186_000019_000003.wav|The Clementi school was continued in that familiar writer of Etudes, Johann Baptist Cramer (1771-1858), and began to show respect for the damper pedal.
/hpc_stor03/sjtu_home/chaolei.liu/data/tts/LibriTTS/train-clean-100/8226/274369/8226_274369_000032_000002.wav|The king left them at the door, and he himself advanced alone through the hall, while all the members rose to receive him.
/hpc_stor03/sjtu_home/chaolei.liu/data/tts/LibriTTS/train-clean-100/3664/178355/3664_178355_000003_000001.wav|It was accordingly arranged that I should shoot him a buffalo-killing match, and the preliminaries were easily and satisfactorily agreed upon.
/hpc_stor03/sjtu_home/chaolei.liu/data/tts/LibriTTS/train-clean-100/3259/158083/3259_158083_000070_000000.wav|The day following their commitment to Occoquan Mr. O'Brien, of counsel, was directed to see the women, to ascertain their condition.
/hpc_stor03/sjtu_home/chaolei.liu/data/tts/LibriTTS/train-clean-100/460/172357/460_172357_000011_000003.wav|You may find them all the way from Lake Superior to the sea, with the same square streets and the same maple trees and the same churches and hotels, and everywhere the sunshine of the land of hope.
/hpc_stor03/sjtu_home/chaolei.liu/data/tts/LibriTTS/train-clean-100/7517/100437/7517_100437_000004_000002.wav|Not unnaturally the world remained unmoved.
/hpc_stor03/sjtu_home/chaolei.liu/data/tts/LibriTTS/train-clean-100/412/126975/412_126975_000046_000003.wav|"I'll phone him to bring a police dress when he comes."" And he went bounding away to the telephone."
/hpc_stor03/sjtu_home/chaolei.liu/data/tts/LibriTTS/train-clean-100/2384/152900/2384_152900_000020_000002.wav|Our own medical outfit, which was bought in Christiania, and according to the vendor's statement unusually well packed, became in a short time so damaged that the whole of it is now entirely spoilt.
/hpc_stor03/sjtu_home/chaolei.liu/data/tts/LibriTTS/train-clean-100/4088/158079/4088_158079_000038_000001.wav|More banners ,went out,-purple, white and gold ones.
/hpc_stor03/sjtu_home/chaolei.liu/data/tts/LibriTTS/train-clean-100/4788/294466/4788_294466_000015_000001.wav|"""When Jerry and I were little, we were playmates."
/hpc_stor03/sjtu_home/chaolei.liu/data/tts/LibriTTS/train-clean-100/1970/28415/1970_28415_000007_000000.wav|The crowds saw the procession coming.
/hpc_stor03/sjtu_home/chaolei.liu/data/tts/LibriTTS/train-clean-100/103/1241/103_1241_000032_000011.wav|But you can't where you are.
/hpc_stor03/sjtu_home/chaolei.liu/data/tts/LibriTTS/train-clean-100/8098/278278/8098_278278_000009_000002.wav|"""The only trouble will be in starting the fire,"" said Pod."
/hpc_stor03/sjtu_home/chaolei.liu/data/tts/LibriTTS/train-clean-100/8580/287363/8580_287363_000026_000000.wav|"""Oh, I think there will be no danger,"" spoke Tom."
/hpc_stor03/sjtu_home/chaolei.liu/data/tts/LibriTTS/train-clean-100/5678/43303/5678_43303_000020_000000.wav|"""She is a little better, I think,"" said Mabel."
/hpc_stor03/sjtu_home/chaolei.liu/data/tts/LibriTTS/train-clean-100/8063/274112/8063_274112_000140_000000.wav|"""Have you ever given it a thought, why I was absent?"""
/hpc_stor03/sjtu_home/chaolei.liu/data/tts/LibriTTS/train-clean-100/7859/102519/7859_102519_000013_000003.wav|The troops of Leontius betrayed the gates of the capital to the followers of the rebel admiral, and Apsimarus seized Constantinople.
/hpc_stor03/sjtu_home/chaolei.liu/data/tts/LibriTTS/train-clean-100/374/180299/374_180299_000045_000002.wav|This courtesan who had cost more money in bouquets than would have kept a whole family in comfort, would sometimes sit on the grass for an hour, examining the simple flower whose name she bore.
/hpc_stor03/sjtu_home/chaolei.liu/data/tts/LibriTTS/train-clean-100/3242/67168/3242_67168_000028_000001.wav|For right there the old lady got up with a mighty set expression around her lips and marched out, muttering that it was just as she had thought all along--Bud wasn't there.
/hpc_stor03/sjtu_home/chaolei.liu/data/tts/LibriTTS/train-clean-100/4898/28461/4898_28461_000010_000008.wav|There is another handsome spruce hereabouts, Picea alba, very slender and graceful in habit, drooping at the top like a mountain hemlock.
/hpc_stor03/sjtu_home/chaolei.liu/data/tts/LibriTTS/train-clean-100/6367/74004/6367_74004_000014_000001.wav|"""That is, I'll compose it. But you'll have to copy it."
/hpc_stor03/sjtu_home/chaolei.liu/data/tts/LibriTTS/train-clean-100/2836/5354/2836_5354_000073_000000.wav|"""Who is it?"" she asked of the nurse."
/hpc_stor03/sjtu_home/chaolei.liu/data/tts/LibriTTS/train-clean-100/403/126855/403_126855_000014_000000.wav|At night they slept in tents made of palm-leaves, on thick, soft beds of dried grass.
/hpc_stor03/sjtu_home/chaolei.liu/data/tts/LibriTTS/train-clean-100/118/47824/118_47824_000023_000001.wav|If it was hard to face sleep before, what do you think it is now?
/hpc_stor03/sjtu_home/chaolei.liu/data/tts/LibriTTS/train-clean-100/7178/34645/7178_34645_000009_000003.wav|He had, we know, a gay and open countenance, differing so far from Philip.
/hpc_stor03/sjtu_home/chaolei.liu/data/tts/LibriTTS/train-clean-100/1355/39947/1355_39947_000019_000001.wav|That means from the start an effort to secure balance between general education and particular development.
/hpc_stor03/sjtu_home/chaolei.liu/data/tts/LibriTTS/train-clean-100/1898/145702/1898_145702_000013_000000.wav|The two melancholy ones thought, 'That won't save us!' and they remained where they were.
/hpc_stor03/sjtu_home/chaolei.liu/data/tts/LibriTTS/train-clean-100/8238/274553/8238_274553_000008_000006.wav|He was by no means a handsome man--perhaps the reverse.
/hpc_stor03/sjtu_home/chaolei.liu/data/tts/LibriTTS/train-clean-100/6437/66173/6437_66173_000054_000003.wav|I disapprove of tale-bearing, I never encourage it in the slightest degree; but when one pupil systematically persecutes a schoolmate, it is the duty of some head-boy to inform me.
/hpc_stor03/sjtu_home/chaolei.liu/data/tts/LibriTTS/train-clean-100/1334/135589/1334_135589_000068_000002.wav|I thought that I had more control over myself; but I have seen her, and feel that my future happiness depends upon obtaining her as a wife.
/hpc_stor03/sjtu_home/chaolei.liu/data/tts/LibriTTS/train-clean-100/4362/15663/4362_15663_000036_000004.wav|"Our feet were wrapped in sacking, and we were soon mounted and on our way down into the thick sunshine--""God's Country,"" as Sisson calls the Chaparral Zone."
/hpc_stor03/sjtu_home/chaolei.liu/data/tts/LibriTTS/train-clean-100/1926/147987/1926_147987_000019_000006.wav|She saw him slip a twenty-dollar bill into her handbag with her ticket.
/hpc_stor03/sjtu_home/chaolei.liu/data/tts/LibriTTS/train-clean-100/6880/216547/6880_216547_000022_000000.wav|"""Instead of confining one to common places without breadth or significance, it seems to me that your question should be developed as follows:--"
/hpc_stor03/sjtu_home/chaolei.liu/data/tts/LibriTTS/train-clean-100/4340/15220/4340_15220_000017_000000.wav|"""May as well; don't see much else to do,"" sighed Sam, rising like a young elephant."
/hpc_stor03/sjtu_home/chaolei.liu/data/tts/LibriTTS/train-clean-100/27/124992/27_124992_000128_000001.wav|And taking their arms of war, they posted themselves at the places, which by a narrow pathway lead directly between the mountains, and they guarded them all day and night.
/hpc_stor03/sjtu_home/chaolei.liu/data/tts/LibriTTS/train-clean-100/3879/174923/3879_174923_000003_000002.wav|Should he ultimately fail in regard to his seat he must--vanish out of the world.
/hpc_stor03/sjtu_home/chaolei.liu/data/tts/LibriTTS/train-clean-100/6078/54007/6078_54007_000066_000000.wav|"""Just to think!"" said he, ""I would either have been the richest man in the world, or else I would have been a king, if it had not been for Ill-Luck."""
/hpc_stor03/sjtu_home/chaolei.liu/data/tts/LibriTTS/train-clean-100/3830/12530/3830_12530_000048_000000.wav|As we were not looking for a mill site or town site, we pushed on next day.
/hpc_stor03/sjtu_home/chaolei.liu/data/tts/LibriTTS/train-clean-100/2436/2476/2436_2476_000017_000001.wav|We sat at the ends, with the passengers on each of the sides.
/hpc_stor03/sjtu_home/chaolei.liu/data/tts/LibriTTS/train-clean-100/322/124146/322_124146_000019_000000.wav|"""Yes, or I will never see her again."""
/hpc_stor03/sjtu_home/chaolei.liu/data/tts/LibriTTS/train-clean-100/458/126305/458_126305_000004_000000.wav|There was a certain village wherein no one lived but really rich peasants, and just one poor one, whom they called the little peasant.
/hpc_stor03/sjtu_home/chaolei.liu/data/tts/LibriTTS/train-clean-100/8797/294123/8797_294123_000010_000010.wav|One could buy anything; get anything made.
/hpc_stor03/sjtu_home/chaolei.liu/data/tts/LibriTTS/train-clean-100/7505/258958/7505_258958_000022_000002.wav|"The income is ""funded"" because it corresponds to an abiding fund of wealth."
/hpc_stor03/sjtu_home/chaolei.liu/data/tts/LibriTTS/train-clean-100/2182/181183/2182_181183_000038_000001.wav|"""This here calls for lawyers."""
/hpc_stor03/sjtu_home/chaolei.liu/data/tts/LibriTTS/train-clean-100/3440/171009/3440_171009_000043_000000.wav|"""I don't know; nothing I guess,"" replied Lucy, indignantly."
/hpc_stor03/sjtu_home/chaolei.liu/data/tts/LibriTTS/train-clean-100/3486/166424/3486_166424_000009_000000.wav|Quick on the screen of my mind flashed two pictures, side by side--the little four-rayed print in the great dust of the crumbling ruin and its colossal twin on the breast of the poppied valley.
/hpc_stor03/sjtu_home/chaolei.liu/data/tts/LibriTTS/train-clean-100/1069/133699/1069_133699_000067_000010.wav|If I like this country at present it is only because it holds you.
/hpc_stor03/sjtu_home/chaolei.liu/data/tts/LibriTTS/train-clean-100/4441/76262/4441_76262_000047_000000.wav|"""Lock it up,"" she said, ""this is no toy, my friends."""
/hpc_stor03/sjtu_home/chaolei.liu/data/tts/LibriTTS/train-clean-100/1098/133695/1098_133695_000013_000009.wav|It's very pleasant to be so well treated where one had least looked for it.
/hpc_stor03/sjtu_home/chaolei.liu/data/tts/LibriTTS/train-clean-100/4137/11701/4137_11701_000016_000003.wav|But I get no assistance from Roger at this point; he pretends that he has a mind far above the gossip of the lower orders.
/hpc_stor03/sjtu_home/chaolei.liu/data/tts/LibriTTS/train-clean-100/8051/118101/8051_118101_000012_000001.wav|To select his own master was a privilege not allowed; privileges of all kinds were rare with him.
/hpc_stor03/sjtu_home/chaolei.liu/data/tts/LibriTTS/train-clean-100/233/155990/233_155990_000008_000002.wav|They are exactly like the other good citizens who believe that enforced universal vegetarianism or anti-vaccination is the panacea for all ills.
/hpc_stor03/sjtu_home/chaolei.liu/data/tts/LibriTTS/train-clean-100/78/369/78_369_000048_000000.wav|It is past; I am returning to England.
/hpc_stor03/sjtu_home/chaolei.liu/data/tts/LibriTTS/train-clean-100/3374/298026/3374_298026_000009_000000.wav|That was my dithyrambic fantasy on the loveliest situation in the loveliest of worlds.
/hpc_stor03/sjtu_home/chaolei.liu/data/tts/LibriTTS/train-clean-100/6147/34605/6147_34605_000035_000000.wav|To make Love prosaically decent, how gross! to deprive it of all impropriety, how dull!
/hpc_stor03/sjtu_home/chaolei.liu/data/tts/LibriTTS/train-clean-100/1040/133433/1040_133433_000089_000001.wav|"It is only the gay and innocent and heartless who can fly."""
/hpc_stor03/sjtu_home/chaolei.liu/data/tts/LibriTTS/train-clean-100/1624/168623/1624_168623_000004_000008.wav|He made pretensions to literature and to materialism. There were certain names which he often pronounced to support whatever things he might be saying,--Voltaire, Raynal, Parny, and, singularly enough, Saint Augustine.
/hpc_stor03/sjtu_home/chaolei.liu/data/tts/LibriTTS/train-clean-100/426/122822/426_122822_000016_000000.wav|"""Throw it into the fire,"" said Anne."
/hpc_stor03/sjtu_home/chaolei.liu/data/tts/LibriTTS/train-clean-100/1246/135815/1246_135815_000009_000002.wav|Beneath he is reddish-orange, including his throat.
/hpc_stor03/sjtu_home/chaolei.liu/data/tts/LibriTTS/train-clean-100/7226/86964/7226_86964_000012_000001.wav|While the storm raged without, the young man, who was a simple-hearted fellow, confided to us the details of his brief career.
/hpc_stor03/sjtu_home/chaolei.liu/data/tts/LibriTTS/train-clean-100/8324/286682/8324_286682_000038_000002.wav|Then you will have good luck when theirs is poor.
/hpc_stor03/sjtu_home/chaolei.liu/data/tts/LibriTTS/train-clean-100/2893/139322/2893_139322_000006_000000.wav|The women, in comparison with those Graham remembered, were as a class distinctly plain and flat-chested.
/hpc_stor03/sjtu_home/chaolei.liu/data/tts/LibriTTS/train-clean-100/5514/19193/5514_19193_000008_000002.wav|He lives alone, which renders him a little sad, perhaps; Enjolras complains of his greatness, which binds him to widowhood.
/hpc_stor03/sjtu_home/chaolei.liu/data/tts/LibriTTS/train-clean-100/1578/140049/1578_140049_000026_000000.wav|"""Something awful has happened,"" panted Emma Jane."
/hpc_stor03/sjtu_home/chaolei.liu/data/tts/LibriTTS/train-clean-100/4214/7146/4214_7146_000050_000006.wav|She had a fearful headache all day yesterday.
/hpc_stor03/sjtu_home/chaolei.liu/data/tts/LibriTTS/train-clean-100/3982/182255/3982_182255_000066_000005.wav|If we get a new council in they may name their own figure.' 'Good,' I said.
/hpc_stor03/sjtu_home/chaolei.liu/data/tts/LibriTTS/train-clean-100/2007/132570/2007_132570_000028_000000.wav|'Credit them, ma'amselle! why all the world could not persuade me out of them.
/hpc_stor03/sjtu_home/chaolei.liu/data/tts/LibriTTS/train-clean-100/8975/270782/8975_270782_000013_000004.wav|We can, at a pinch, understand hatred of brothers and sisters, and rivalry among them, but how may feelings of hatred force their way into the relationship between daughter and mother, parents and children?
/hpc_stor03/sjtu_home/chaolei.liu/data/tts/LibriTTS/train-clean-100/4830/25904/4830_25904_000010_000007.wav|As I took a last look at his fine old face, I named him Douglas, and walked away, humming to myself the lines of the ballad,--
/hpc_stor03/sjtu_home/chaolei.liu/data/tts/LibriTTS/train-clean-100/2952/410/2952_410_000012_000003.wav|Therefore, although my house is only a wretched thatched hut, let me beg of you to come home with me at once.
/hpc_stor03/sjtu_home/chaolei.liu/data/tts/LibriTTS/train-clean-100/6454/107462/6454_107462_000036_000000.wav|"""Nature, I s'pose!"" replied the white-haired widow."
/hpc_stor03/sjtu_home/chaolei.liu/data/tts/LibriTTS/train-clean-100/4813/248641/4813_248641_000016_000007.wav|In the spacious living-room are seventeen panels, on the walls and in the doors, painted with charming old-fashioned skill by John Hazlitt, the brother of the English essayist.
/hpc_stor03/sjtu_home/chaolei.liu/data/tts/LibriTTS/train-clean-100/2002/139469/2002_139469_000010_000001.wav|They insinuated themselves into the substances about them, and the impediments to their progress yielded at their touch.
/hpc_stor03/sjtu_home/chaolei.liu/data/tts/LibriTTS/train-clean-100/8465/246943/8465_246943_000016_000000.wav|"""No, not if you told him everything,"" she answered, and felt like a judge condemning him to death."
/hpc_stor03/sjtu_home/chaolei.liu/data/tts/LibriTTS/train-clean-100/2092/145706/2092_145706_000035_000000.wav|This splendid palace had been built by the grateful queen bee, who had summoned all the other bees in the kingdom to help her.
/hpc_stor03/sjtu_home/chaolei.liu/data/tts/LibriTTS/train-clean-100/1963/142776/1963_142776_000013_000001.wav|The Greeks preferred it when brought from Alexandria, and the Romans ate it boiled with cumin, and seasoned with pepper and other condiments.
/hpc_stor03/sjtu_home/chaolei.liu/data/tts/LibriTTS/train-clean-100/8468/286673/8468_286673_000012_000002.wav|He wanted to see what they would do, so he looked out of his right eye at the ten brothers and sisters on that side, and out of his left eye at the nine brothers and sisters on that side.
/hpc_stor03/sjtu_home/chaolei.liu/data/tts/LibriTTS/train-clean-100/1455/138263/1455_138263_000046_000000.wav|"""And why?"" asked Nicholl quickly."
/hpc_stor03/sjtu_home/chaolei.liu/data/tts/LibriTTS/train-clean-100/911/128684/911_128684_000024_000003.wav|For then, as soon as the relations of a thing are sufficiently various it can be sorted variously.
/hpc_stor03/sjtu_home/chaolei.liu/data/tts/LibriTTS/train-clean-100/3857/182315/3857_182315_000034_000002.wav|The custom of plunder seems to be a part of most of their wars.
/hpc_stor03/sjtu_home/chaolei.liu/data/tts/LibriTTS/train-clean-100/1116/132847/1116_132847_000025_000001.wav|It was all made of shells, blue and green and pink and lilac and white, shading into each other till you could not tell where one colour ended and the other began.
/hpc_stor03/sjtu_home/chaolei.liu/data/tts/LibriTTS/train-clean-100/8838/298545/8838_298545_000034_000003.wav|The second was Purvis, the publican, owner of the chief beer-shop, and well known as the local bookmaker.
/hpc_stor03/sjtu_home/chaolei.liu/data/tts/LibriTTS/train-clean-100/4397/15678/4397_15678_000005_000002.wav|Seattle and Tacoma are at present far in the lead of all others in the race for supremacy, and these two are keen, active rivals, to all appearances well matched. Tacoma occupies near the head of the Sound a site of great natural beauty.
/hpc_stor03/sjtu_home/chaolei.liu/data/tts/LibriTTS/train-clean-100/730/360/730_360_000005_000003.wav|On hearing this word, Felix came up hastily to the lady, who, when she saw him, threw up her veil, and I beheld a countenance of angelic beauty and expression.
/hpc_stor03/sjtu_home/chaolei.liu/data/tts/LibriTTS/train-clean-100/3168/173565/3168_173565_000024_000003.wav|Now again I feel that bliss.
/hpc_stor03/sjtu_home/chaolei.liu/data/tts/LibriTTS/train-clean-100/2910/131096/2910_131096_000019_000001.wav|Psyche replied that he was a beautiful youth, who generally spent the daytime in hunting upon the mountains.
/hpc_stor03/sjtu_home/chaolei.liu/data/tts/LibriTTS/train-clean-100/298/126790/298_126790_000086_000000.wav|"""Perfectly well, Jack; it was bravely obtained, and neatly extracted; but don't you think I had better apply an oil to these bruises?"""
/hpc_stor03/sjtu_home/chaolei.liu/data/tts/LibriTTS/train-clean-100/2911/15084/2911_15084_000010_000000.wav|But now new scenes succeed, and other actors enter on the stage, a hardy and valiant band, moulded to endure and dare,--the Discoverers of the Great West.
/hpc_stor03/sjtu_home/chaolei.liu/data/tts/LibriTTS/train-clean-100/7780/274562/7780_274562_000011_000009.wav|"The slightest exhibition of art is an evidence of care and human interest."""
/hpc_stor03/sjtu_home/chaolei.liu/data/tts/LibriTTS/train-clean-100/1867/154075/1867_154075_000010_000000.wav|"""An amateur--a rank amateur!"
/hpc_stor03/sjtu_home/chaolei.liu/data/tts/LibriTTS/train-clean-100/839/130898/839_130898_000009_000000.wav|As I said, the Nautilus veered to the east.
/hpc_stor03/sjtu_home/chaolei.liu/data/tts/LibriTTS/train-clean-100/5390/30096/5390_30096_000052_000000.wav|"""And have a cow and some pigs!"" cried the girl."
/hpc_stor03/sjtu_home/chaolei.liu/data/tts/LibriTTS/train-clean-100/3526/176653/3526_176653_000071_000007.wav|And her hair--it was exactly like the gold-bronze on the wing of a wild turkey that he had shot the day before.
/hpc_stor03/sjtu_home/chaolei.liu/data/tts/LibriTTS/train-clean-100/4014/186183/4014_186183_000054_000001.wav|As he tore it open and read the brief note within, a pleased smile spread over his face.
/hpc_stor03/sjtu_home/chaolei.liu/data/tts/LibriTTS/train-clean-100/5778/54535/5778_54535_000020_000007.wav|He traveled a great deal, painting views in many countries and studying the pictures of other artists.
/hpc_stor03/sjtu_home/chaolei.liu/data/tts/LibriTTS/train-clean-100/2691/156755/2691_156755_000016_000001.wav|"It gave great satisfaction; and while the family and guests were admiring it, Senora Vallejo took me by the hand, saying in her own musical tongue, ""Come, little daughter, and play while you wait."""
/hpc_stor03/sjtu_home/chaolei.liu/data/tts/LibriTTS/train-clean-100/7511/102420/7511_102420_000008_000001.wav|While the men fed grain to the horses and saddled them, we prepared a hasty breakfast.
/hpc_stor03/sjtu_home/chaolei.liu/data/tts/LibriTTS/train-clean-100/5750/100289/5750_100289_000007_000004.wav|In this matter I speak from personal experience as well as long observation.
/hpc_stor03/sjtu_home/chaolei.liu/data/tts/LibriTTS/train-clean-100/5163/39921/5163_39921_000039_000000.wav|"""There was an excellent light for snapshots,"" she went on coolly."
/hpc_stor03/sjtu_home/chaolei.liu/data/tts/LibriTTS/train-clean-100/4481/17499/4481_17499_000029_000002.wav|If so, take first train to New York, where I will look after your outfit.
/hpc_stor03/sjtu_home/chaolei.liu/data/tts/LibriTTS/train-clean-100/8629/261140/8629_261140_000004_000000.wav|"""This will be overwhelming news to him who has cared for me since infancy."
/hpc_stor03/sjtu_home/chaolei.liu/data/tts/LibriTTS/train-clean-100/6529/62554/6529_62554_000017_000004.wav|Therefore, whoever he may be, whether shipwrecked, or exiled on our island, we shall be ungrateful, if we think ourselves freed from gratitude towards him.
/hpc_stor03/sjtu_home/chaolei.liu/data/tts/LibriTTS/train-clean-100/5104/33407/5104_33407_000050_000000.wav|Grapes do not grow in Greenland nor in Iceland nor even in Norway.
/hpc_stor03/sjtu_home/chaolei.liu/data/tts/LibriTTS/train-clean-100/198/126831/198_126831_000070_000002.wav|I don't care if the joke is as much on myself as any one.
/hpc_stor03/sjtu_home/chaolei.liu/data/tts/LibriTTS/train-clean-100/3112/9555/3112_9555_000014_000001.wav|This was, I think, in 1827.
/hpc_stor03/sjtu_home/chaolei.liu/data/tts/LibriTTS/train-clean-100/8770/295465/8770_295465_000051_000000.wav|"""With malice toward none; with charity for all."""
/hpc_stor03/sjtu_home/chaolei.liu/data/tts/LibriTTS/train-clean-100/4195/186236/4195_186236_000029_000001.wav|But he shook his head.
/hpc_stor03/sjtu_home/chaolei.liu/data/tts/LibriTTS/train-clean-100/2289/152257/2289_152257_000020_000002.wav|The Ostrogoth army was captured, and Vitiges was taken to Constantinople a prisoner.
/hpc_stor03/sjtu_home/chaolei.liu/data/tts/LibriTTS/train-clean-100/7190/90542/7190_90542_000012_000002.wav|In this case also the head was missing, and nothing had been found upon the body to identify the victim.
/hpc_stor03/sjtu_home/chaolei.liu/data/tts/LibriTTS/train-clean-100/5393/19218/5393_19218_000043_000000.wav|"""A sham wedding,"" retorted another."
/hpc_stor03/sjtu_home/chaolei.liu/data/tts/LibriTTS/train-clean-100/1088/134315/1088_134315_000112_000005.wav|Her hand shook a little as she pulled it open.
/hpc_stor03/sjtu_home/chaolei.liu/data/tts/LibriTTS/train-clean-100/150/126107/150_126107_000025_000000.wav|"""How am I to put you in?"" ""That is your business,"" she answered, quite snappishly."
/hpc_stor03/sjtu_home/chaolei.liu/data/tts/LibriTTS/train-clean-100/8108/274318/8108_274318_000022_000001.wav|He stroked the dear body, feeling it over for bruises or broken bones, but finding none.
/hpc_stor03/sjtu_home/chaolei.liu/data/tts/LibriTTS/train-clean-100/6836/76549/6836_76549_000004_000000.wav|Twenty-four hours after entering Pennsylvania I make my exit across the boundary into the Empire State.
/hpc_stor03/sjtu_home/chaolei.liu/data/tts/LibriTTS/train-clean-100/5703/47198/5703_47198_000046_000001.wav|I've got a lot of work on hand just now.
/hpc_stor03/sjtu_home/chaolei.liu/data/tts/LibriTTS/train-clean-100/5022/29405/5022_29405_000094_000000.wav|I described his successful appeal to my compassion--not very willingly, for it made me look (as I thought) like a weak person.
/hpc_stor03/sjtu_home/chaolei.liu/data/tts/LibriTTS/train-clean-100/587/54108/587_54108_000005_000000.wav|Mr. Levice, sauntering down the garden-path, saw the trio approaching. For a moment he did not recognize the gentleman in his summer attire. When he did, surprise, then pleasure, then a spirit of inquietude, took possession of him.
/hpc_stor03/sjtu_home/chaolei.liu/data/tts/LibriTTS/train-clean-100/8095/274346/8095_274346_000044_000002.wav|This article, together with the new impositions laid on merchandise by James, constituted near half of the crown revenues; and by depriving the king of these resources, they would have reduced him to total subjection and dependence.
/hpc_stor03/sjtu_home/chaolei.liu/data/tts/LibriTTS/train-clean-100/200/126784/200_126784_000066_000000.wav|The officers were invited to take their morning's repast at the family breakfast table, and having made their arrangements without, the invitation was frankly accepted.
/hpc_stor03/sjtu_home/chaolei.liu/data/tts/LibriTTS/train-clean-100/8609/262281/8609_262281_000049_000002.wav|"People might say they took up the room of grown-up persons."""
/hpc_stor03/sjtu_home/chaolei.liu/data/tts/LibriTTS/train-clean-100/7794/295947/7794_295947_000020_000001.wav|the old foxes have come back, out of fear for their cub's safety.
/hpc_stor03/sjtu_home/chaolei.liu/data/tts/LibriTTS/train-clean-100/1183/128659/1183_128659_000048_000001.wav|Red and yellow, catch a fellow.
/hpc_stor03/sjtu_home/chaolei.liu/data/tts/LibriTTS/train-clean-100/1263/139804/1263_139804_000021_000000.wav|The power of steam has never been utilized.
/hpc_stor03/sjtu_home/chaolei.liu/data/tts/LibriTTS/train-clean-100/4297/13009/4297_13009_000019_000001.wav|Of course, I would support him, but I had been too thoroughly a party man for a new movement of this kind.
/hpc_stor03/sjtu_home/chaolei.liu/data/tts/LibriTTS/train-clean-100/2196/170151/2196_170151_000018_000001.wav|The rocky way may prove safer than the slippery path of smoothness.
/hpc_stor03/sjtu_home/chaolei.liu/data/tts/LibriTTS/train-clean-100/3607/29116/3607_29116_000043_000010.wav|And everybody has 'em. . . .Let's see: . . . sixty-one. . . . with places . . . twenty-five . . . persuaded--it is getting on; . . . . we'll have two-thirds of Congress in time . . .
/hpc_stor03/sjtu_home/chaolei.liu/data/tts/LibriTTS/train-clean-100/8312/279791/8312_279791_000053_000006.wav|For what was the good of all their love when they were still in the power of the fairy Soussio?
/hpc_stor03/sjtu_home/chaolei.liu/data/tts/LibriTTS/train-clean-100/125/121124/125_121124_000072_000001.wav|"""The balance would come to about that sum; but keep it, and we shall be quits."""
/hpc_stor03/sjtu_home/chaolei.liu/data/tts/LibriTTS/train-clean-100/6818/76332/6818_76332_000019_000002.wav|A man--a complete stranger to her--stood outside.
/hpc_stor03/sjtu_home/chaolei.liu/data/tts/LibriTTS/train-clean-100/2989/138035/2989_138035_000046_000001.wav|Interest then came forward and went through two more figures, and as soon as the tabors ceased, he said:
/hpc_stor03/sjtu_home/chaolei.liu/data/tts/LibriTTS/train-clean-100/1553/140048/1553_140048_000053_000002.wav|Good-by Miss Rebecca Rowena!
/hpc_stor03/sjtu_home/chaolei.liu/data/tts/LibriTTS/train-clean-100/1447/17506/1447_17506_000052_000001.wav|Uncle John hardly knew what to say further.
/hpc_stor03/sjtu_home/chaolei.liu/data/tts/LibriTTS/train-clean-100/7367/86737/7367_86737_000121_000003.wav|The man of superior abilities always finds admirers, go where he will.
/hpc_stor03/sjtu_home/chaolei.liu/data/tts/LibriTTS/train-clean-100/5463/39173/5463_39173_000032_000005.wav|At such period he was a pattern parson and a pattern husband, atoning to his own conscience for past shortcomings by present zeal.
/hpc_stor03/sjtu_home/chaolei.liu/data/tts/LibriTTS/train-clean-100/201/122255/201_122255_000027_000000.wav|"""Nay, I pass not for length,"" answered the Tanner."
/hpc_stor03/sjtu_home/chaolei.liu/data/tts/LibriTTS/train-clean-100/6476/96661/6476_96661_000009_000001.wav|The God Apollo once made himself a shepherd and he kept the flocks of King Admetus.
/hpc_stor03/sjtu_home/chaolei.liu/data/tts/LibriTTS/train-clean-100/2518/154826/2518_154826_000016_000000.wav|'No, I have seen no flask; but very like have not come the same way as you, being sent out here from Lowermoigne; and as for powder, I have little left, and must save that for the rooks, or shall get a beating for my pains.'
/hpc_stor03/sjtu_home/chaolei.liu/data/tts/LibriTTS/train-clean-100/5789/57158/5789_57158_000058_000001.wav|"""They are all out,--except herself."" As he certainly did not wish to see ""herself,"" he greeted the old woman and left his card."
/hpc_stor03/sjtu_home/chaolei.liu/data/tts/LibriTTS/train-clean-100/4406/16883/4406_16883_000003_000001.wav|I was utterly hopeless of getting home on foot, the way that I came.
/hpc_stor03/sjtu_home/chaolei.liu/data/tts/LibriTTS/train-clean-100/32/21625/32_21625_000028_000000.wav|They would have had no place, either, to store their winter's food. For they were in the habit of cutting down trees and saving the bark and branches too, in order to have plenty to eat when cold weather came and the ice closed their pond.
/hpc_stor03/sjtu_home/chaolei.liu/data/tts/LibriTTS/train-clean-100/4859/26870/4859_26870_000007_000000.wav|The moment Nicholas took her hand she could no longer restrain herself and began to cry.
/hpc_stor03/sjtu_home/chaolei.liu/data/tts/LibriTTS/train-clean-100/1743/142913/1743_142913_000005_000008.wav|I didn't expect to find him yet.
/hpc_stor03/sjtu_home/chaolei.liu/data/tts/LibriTTS/train-clean-100/446/123501/446_123501_000004_000002.wav|No water, and no other vegetation than the moss was in evidence, and as I was somewhat thirsty I determined to do a little exploring.
/hpc_stor03/sjtu_home/chaolei.liu/data/tts/LibriTTS/train-clean-100/831/130739/831_130739_000037_000001.wav|Hoopdriver rode off into Dreamland on his machine, and was scarcely there before he was pitched back into the world of sense again.--Something--what was it?
/hpc_stor03/sjtu_home/chaolei.liu/data/tts/LibriTTS/train-clean-100/909/131044/909_131044_000011_000000.wav|To the People of the State of New York:
/hpc_stor03/sjtu_home/chaolei.liu/data/tts/LibriTTS/train-clean-100/4853/29413/4853_29413_000017_000003.wav|"I can't look you in the face, and tell you of it."" He walked away to the window."
/hpc_stor03/sjtu_home/chaolei.liu/data/tts/LibriTTS/train-clean-100/26/495/26_495_000057_000000.wav|I went home that evening greatly oppressed in my mind, irresolute, and not knowing what to do.
/hpc_stor03/sjtu_home/chaolei.liu/data/tts/LibriTTS/train-clean-100/6209/34599/6209_34599_000018_000003.wav|He had arrived somewhere at last.
/hpc_stor03/sjtu_home/chaolei.liu/data/tts/LibriTTS/train-clean-100/302/123523/302_123523_000028_000000.wav|"""The answer is easy, Dejah Thoris,"" I replied smiling."
/hpc_stor03/sjtu_home/chaolei.liu/data/tts/LibriTTS/train-clean-100/669/129074/669_129074_000078_000000.wav|"""Then, why not come away with me?"" said Dobbin in reply; but Jos had not the courage."
/hpc_stor03/sjtu_home/chaolei.liu/data/tts/LibriTTS/train-clean-100/5867/48852/5867_48852_000046_000001.wav|"""Do, pray do,"" said he; ""it is a beautiful day for walking."""
/hpc_stor03/sjtu_home/chaolei.liu/data/tts/LibriTTS/train-clean-100/7278/91083/7278_91083_000028_000000.wav|Mr. Childs died at 3.01 A.M.
/hpc_stor03/sjtu_home/chaolei.liu/data/tts/LibriTTS/train-clean-100/211/122442/211_122442_000030_000002.wav|"""I was sure of it--the cursed letter!"""
/hpc_stor03/sjtu_home/chaolei.liu/data/tts/LibriTTS/train-clean-100/229/130880/229_130880_000003_000002.wav|Reentering the lounge, I first noted the bearings of Ceylon, on which antiquity lavished so many different names.
/hpc_stor03/sjtu_home/chaolei.liu/data/tts/LibriTTS/train-clean-100/5561/41616/5561_41616_000059_000001.wav|"""They left before the game was over."
/hpc_stor03/sjtu_home/chaolei.liu/data/tts/LibriTTS/train-clean-100/7059/77897/7059_77897_000018_000001.wav|"It's none of the hands' business if you don't choose to ask them."""
/hpc_stor03/sjtu_home/chaolei.liu/data/tts/LibriTTS/train-clean-100/226/122538/226_122538_000010_000001.wav|So she telegraphed to Deryck from Paris, and at present her mind saw no further than Wimpole Street.
/hpc_stor03/sjtu_home/chaolei.liu/data/tts/LibriTTS/train-clean-100/3235/28433/3235_28433_000010_000003.wav|They had all lived in San Francisco for years, and though not related to each other, were firm friends of long standing and were uniting their little fortunes in the hope of making greater ones.
/hpc_stor03/sjtu_home/chaolei.liu/data/tts/LibriTTS/train-clean-100/89/219/89_219_000002_000004.wav|"I have just learnt to love a hyacinth."""
/hpc_stor03/sjtu_home/chaolei.liu/data/tts/LibriTTS/train-clean-100/3983/5371/3983_5371_000049_000000.wav|"""It wouldn't have done her harm had they ducked her too,"" was the angry response."
/hpc_stor03/sjtu_home/chaolei.liu/data/tts/LibriTTS/train-clean-100/2416/152137/2416_152137_000012_000009.wav|She was there--but he could not recognise a face that he had never seen!
/hpc_stor03/sjtu_home/chaolei.liu/data/tts/LibriTTS/train-clean-100/8419/293473/8419_293473_000010_000004.wav|That was because he crawled into a clump of ferns and kept very still.
/hpc_stor03/sjtu_home/chaolei.liu/data/tts/LibriTTS/train-clean-100/5322/7680/5322_7680_000043_000000.wav|'Why should you give me a present?' said Lukashka, 'I have not yet done anything for you.'
/hpc_stor03/sjtu_home/chaolei.liu/data/tts/LibriTTS/train-clean-100/7635/105409/7635_105409_000019_000000.wav|The door was partially open; one of the soldiers pushed it further, but within all was darkness, the charcoal fire only lighting with a dim, red light the furthest corner of the hut.
/hpc_stor03/sjtu_home/chaolei.liu/data/tts/LibriTTS/train-clean-100/7302/86814/7302_86814_000025_000000.wav|"""What is that?"" asked Andrea."
/hpc_stor03/sjtu_home/chaolei.liu/data/tts/LibriTTS/train-clean-100/4160/11549/4160_11549_000015_000001.wav|But her manner was not changed in the least, and she welcomed her visitor with grave cordiality.
/hpc_stor03/sjtu_home/chaolei.liu/data/tts/LibriTTS/train-clean-100/8088/284756/8088_284756_000092_000000.wav|I watched him in silence as he spliced and securely taped the last connection.
/hpc_stor03/sjtu_home/chaolei.liu/data/tts/LibriTTS/train-clean-100/4018/103416/4018_103416_000047_000001.wav|His new-found maturity seemed to be slipping from him.
/hpc_stor03/sjtu_home/chaolei.liu/data/tts/LibriTTS/train-clean-100/1502/122619/1502_122619_000003_000003.wav|The instruments of the chase were to be seen in abundance among the lodges; but none departed.
/hpc_stor03/sjtu_home/chaolei.liu/data/tts/LibriTTS/train-clean-100/7113/86041/7113_86041_000003_000008.wav|On this particular morning the fancy took them to wander off again into the wood.
/hpc_stor03/sjtu_home/chaolei.liu/data/tts/LibriTTS/train-clean-100/405/130894/405_130894_000075_000003.wav|Headaches and staggering fits of dizziness made me reel like a drunk.
/hpc_stor03/sjtu_home/chaolei.liu/data/tts/LibriTTS/train-clean-100/7402/59171/7402_59171_000005_000008.wav|He has succeeded in the mere business of interesting us beyond any other writer of his time.
/hpc_stor03/sjtu_home/chaolei.liu/data/tts/LibriTTS/train-clean-100/696/93314/696_93314_000065_000001.wav|This time he reeled like a man too drunk to care how drunk he looks.
/hpc_stor03/sjtu_home/chaolei.liu/data/tts/LibriTTS/train-clean-100/7264/92310/7264_92310_000003_000000.wav|He was compelled then to respect his advertisers as his paymasters.
/hpc_stor03/sjtu_home/chaolei.liu/data/tts/LibriTTS/train-clean-100/39/121914/39_121914_000017_000000.wav|"""Poor Miss Taylor!--I wish she were here again."
/hpc_stor03/sjtu_home/chaolei.liu/data/tts/LibriTTS/train-clean-100/7078/271888/7078_271888_000128_000000.wav|Inquiries showed that the Count had met her while travelling in America, and had married her.
/hpc_stor03/sjtu_home/chaolei.liu/data/tts/LibriTTS/train-clean-100/40/121026/40_121026_000213_000002.wav|They had learned to distinguish the almost imperceptible sound of his footsteps as he descended towards their dungeons, and happily, never failed of being prepared for his coming.
/hpc_stor03/sjtu_home/chaolei.liu/data/tts/LibriTTS/train-clean-100/7067/76047/7067_76047_000030_000000.wav|Dr. Martineau went on with a lucidity that Sir Richmond found rather trying, to give his impression of Miss Grammont and her position in life.
/hpc_stor03/sjtu_home/chaolei.liu/data/tts/LibriTTS/train-clean-100/1841/150351/1841_150351_000017_000003.wav|They live upon the shores of densely wooded, mountainous lands and travel little except by water.
/hpc_stor03/sjtu_home/chaolei.liu/data/tts/LibriTTS/train-clean-100/5339/14134/5339_14134_000035_000000.wav|He took his cap and was gone, not heeding Alice's shrill inquiry as to his clothes and his ruffled shirt.
/hpc_stor03/sjtu_home/chaolei.liu/data/tts/LibriTTS/train-clean-100/3240/131231/3240_131231_000091_000002.wav|If a whirlwind at all, there must have been very limited selection: there is no record of the fall of other objects.
/hpc_stor03/sjtu_home/chaolei.liu/data/tts/LibriTTS/train-clean-100/2136/5147/2136_5147_000018_000001.wav|I met Mrs. Rusk bustling along the passage with a housemaid.
/hpc_stor03/sjtu_home/chaolei.liu/data/tts/LibriTTS/train-clean-100/2391/145015/2391_145015_000014_000003.wav|After the death of their own parents, the two young Coopers paid long visits at Steventon.
/hpc_stor03/sjtu_home/chaolei.liu/data/tts/LibriTTS/train-clean-100/6848/76049/6848_76049_000006_000006.wav|And now that Lake had served his purpose old Grammont did not care in the least if he was shelved.
/hpc_stor03/sjtu_home/chaolei.liu/data/tts/LibriTTS/train-clean-100/8630/305213/8630_305213_000015_000001.wav|Faith and virtue were alone weak and faint in that soul that could so ill do without them; but to her they were the one essential thing; the rest did not matter.
/hpc_stor03/sjtu_home/chaolei.liu/data/tts/LibriTTS/train-clean-100/5808/54425/5808_54425_000067_000004.wav|This was a terrible, terrible man or a monster.
/hpc_stor03/sjtu_home/chaolei.liu/data/tts/LibriTTS/train-clean-100/2843/152918/2843_152918_000022_000007.wav|The beacons we had put up came to our aid, and for our final success we owe a deep debt of gratitude to our prudence and thoughtfulness in adopting this expedient.
/hpc_stor03/sjtu_home/chaolei.liu/data/tts/LibriTTS/train-clean-100/60/121082/60_121082_000073_000000.wav|"""Yes, so long as he pays me""--"
/hpc_stor03/sjtu_home/chaolei.liu/data/tts/LibriTTS/train-clean-100/8747/293952/8747_293952_000042_000000.wav|"""On the contrary, I speak for his good."
/hpc_stor03/sjtu_home/chaolei.liu/data/tts/LibriTTS/train-clean-100/6531/61334/6531_61334_000066_000000.wav|After four years of civil war Shalmaneser died.
/hpc_stor03/sjtu_home/chaolei.liu/data/tts/LibriTTS/train-clean-100/6272/70191/6272_70191_000002_000016.wav|He wept often, confiding to me his grief and his plans for the future.
/hpc_stor03/sjtu_home/chaolei.liu/data/tts/LibriTTS/train-clean-100/87/121553/87_121553_000137_000000.wav|Thus constellated in the depths of Mars, Those rays described the venerable sign That quadrants joining in a circle make.
/hpc_stor03/sjtu_home/chaolei.liu/data/tts/LibriTTS/train-clean-100/6415/100596/6415_100596_000070_000000.wav|"""Changed her mind again?"" Patty asked pleasantly."
/hpc_stor03/sjtu_home/chaolei.liu/data/tts/LibriTTS/train-clean-100/4640/19187/4640_19187_000022_000005.wav|The sky was of that charming, undecided hue, which may be white and may be blue.
/hpc_stor03/sjtu_home/chaolei.liu/data/tts/LibriTTS/train-clean-100/83/9960/83_9960_000073_000000.wav|He knelt down on his commode, stretched out his arm, seized the sheet of paper, softly detached a bit of plaster from the wall, wrapped the paper round it, and tossed the whole through the crevice into the middle of the den.
/hpc_stor03/sjtu_home/chaolei.liu/data/tts/LibriTTS/train-clean-100/6064/300880/6064_300880_000007_000001.wav|"Did you ever kill a subpoena-server?"""
/hpc_stor03/sjtu_home/chaolei.liu/data/tts/LibriTTS/train-clean-100/6563/285357/6563_285357_000014_000000.wav|The Parseval is pronounced by experts to be the finest expression of aeronautical engineering so far as Teuton effort is concerned.
/hpc_stor03/sjtu_home/chaolei.liu/data/tts/LibriTTS/train-clean-100/196/122152/196_122152_000001_000003.wav|The face of the presiding magistrate, clean shaved and impassible, looked at him deadly pale between the red faces of the two nautical assessors.
/hpc_stor03/sjtu_home/chaolei.liu/data/tts/LibriTTS/train-clean-100/1594/135914/1594_135914_000035_000001.wav|The mother and daughter were mounted on mules belonging to the palace, and whilst Fetnah on another mule led them by a bye-way to the prince's court, Jaaffier conducted Ganem, and brought him into the hall of audience.
/hpc_stor03/sjtu_home/chaolei.liu/data/tts/LibriTTS/train-clean-100/5456/62014/5456_62014_000009_000001.wav|Coonie scented a story, and his bullet pate was bent over the fire an unnecessarily long time, as he blew valiant puffs upon the flames which no longer needed his assistance, and arranged and rearranged his skilfully piled sticks.
/hpc_stor03/sjtu_home/chaolei.liu/data/tts/LibriTTS/train-clean-100/6081/41997/6081_41997_000028_000000.wav|"""Was she tall or short, stout or slender?"""
/hpc_stor03/sjtu_home/chaolei.liu/data/tts/LibriTTS/train-clean-100/6000/55211/6000_55211_000024_000001.wav|Terror, joy, dismay, and relief seemed, one after the other to fight for supremacy.
/hpc_stor03/sjtu_home/chaolei.liu/data/tts/LibriTTS/train-clean-100/8123/275216/8123_275216_000017_000000.wav|"""It is, of course, a mere story; the Bear wishes to impose upon us,"" said the other."
/hpc_stor03/sjtu_home/chaolei.liu/data/tts/LibriTTS/train-clean-100/5652/39938/5652_39938_000022_000001.wav|Voluntary effort is needed, and this is the field where the psychotherapist must put in his most intelligent effort.
/hpc_stor03/sjtu_home/chaolei.liu/data/tts/LibriTTS/train-clean-100/1034/121119/1034_121119_000010_000006.wav|She would invoke the past, recall old recollections; she would supplicate him by the remembrance of guilty, yet happy days.
/hpc_stor03/sjtu_home/chaolei.liu/data/tts/LibriTTS/train-clean-100/6385/34655/6385_34655_000017_000001.wav|He could not find one.
/hpc_stor03/sjtu_home/chaolei.liu/data/tts/LibriTTS/train-clean-100/1235/135884/1235_135884_000003_000003.wav|My wife being jealous, cherished a hatred for both mother and child, but concealed her aversion so well, that I knew nothing of it till it was too late.
/hpc_stor03/sjtu_home/chaolei.liu/data/tts/LibriTTS/train-clean-100/4680/16026/4680_16026_000108_000000.wav|"""You bother me,"" said Eponine."
/hpc_stor03/sjtu_home/chaolei.liu/data/tts/LibriTTS/train-clean-100/250/142286/250_142286_000031_000001.wav|She liked Mrs. Hale's double knitting far better; that was sensible of its kind.
/hpc_stor03/sjtu_home/chaolei.liu/data/tts/LibriTTS/train-clean-100/7800/283492/7800_283492_000036_000002.wav|Teddy was showing decided signs of improvement.
/hpc_stor03/sjtu_home/chaolei.liu/data/tts/LibriTTS/train-clean-100/3214/167602/3214_167602_000026_000000.wav|"""We don't riot, we're following the orders,"" declared Karp, and at that moment several voices began speaking together."
/hpc_stor03/sjtu_home/chaolei.liu/data/tts/LibriTTS/train-clean-100/7312/92432/7312_92432_000009_000007.wav|The packet which she placed in my possession, contained, she said, the certificates of her marriage, and of the birth and baptism of her child.
/hpc_stor03/sjtu_home/chaolei.liu/data/tts/LibriTTS/train-clean-100/4267/287369/4267_287369_000045_000001.wav|"""The lightning is attracted to it!"""
/hpc_stor03/sjtu_home/chaolei.liu/data/tts/LibriTTS/train-clean-100/4051/10927/4051_10927_000030_000000.wav|Alexey Alexandrovitch was unconsciously saying something utterly unlike what he had prepared.
/hpc_stor03/sjtu_home/chaolei.liu/data/tts/LibriTTS/train-clean-100/7447/91186/7447_91186_000004_000004.wav|Consider a moment whether this would become you.
/hpc_stor03/sjtu_home/chaolei.liu/data/tts/LibriTTS/train-clean-100/8226/274371/8226_274371_000020_000005.wav|The war of the pen preceded that of the sword, and daily sharpened the humors of the opposite parties.
/hpc_stor03/sjtu_home/chaolei.liu/data/tts/LibriTTS/train-clean-100/3664/178355/3664_178355_000012_000003.wav|As I was so far ahead of my competitor in the number killed, I thought I could afford to give an extra exhibition of my skill. I had told the ladies that I would, on the next run, ride my horse without saddle or bridle.
/hpc_stor03/sjtu_home/chaolei.liu/data/tts/LibriTTS/train-clean-100/3259/158083/3259_158083_000092_000001.wav|Failing to secure this, she went daily to Mr. Tumulty's office asking if he himself would not intercede for her.
/hpc_stor03/sjtu_home/chaolei.liu/data/tts/LibriTTS/train-clean-100/460/172357/460_172357_000012_000005.wav|As for Mr. Smith, with his two hundred and eighty pounds, his hoarse voice, his loud check suit, his diamonds, the roughness of his address and the goodness of his heart,--all of this is known by everybody to be a necessary and universal adjunct of the hotel business.
/hpc_stor03/sjtu_home/chaolei.liu/data/tts/LibriTTS/train-clean-100/887/123289/887_123289_000049_000001.wav|"I don't think we shall come out by the way that we went in."""
/hpc_stor03/sjtu_home/chaolei.liu/data/tts/LibriTTS/train-clean-100/7517/100442/7517_100442_000005_000001.wav|As soon as we left Liverpool Street she produced a bag of shrimps, grasped each individual in turn firmly by the head and tail, and ate him.
/hpc_stor03/sjtu_home/chaolei.liu/data/tts/LibriTTS/train-clean-100/412/126975/412_126975_000034_000003.wav|He was dusty-looking and in a frayed coat, evidently a common messenger.
/hpc_stor03/sjtu_home/chaolei.liu/data/tts/LibriTTS/train-clean-100/2384/152900/2384_152900_000021_000007.wav|These biscuits formed a great part of our daily diet, and undoubtedly contributed in no small degree to the successful result.
/hpc_stor03/sjtu_home/chaolei.liu/data/tts/LibriTTS/train-clean-100/4088/158077/4088_158077_000115_000000.wav|Meanwhile the President could proclaim through official channels his disinterestedness.
/hpc_stor03/sjtu_home/chaolei.liu/data/tts/LibriTTS/train-clean-100/4788/294466/4788_294466_000033_000000.wav|"""Good!"" Dora exclaimed as she rode close to the porch."
/hpc_stor03/sjtu_home/chaolei.liu/data/tts/LibriTTS/train-clean-100/1970/26100/1970_26100_000021_000000.wav|"""There's one thing I can't make out,"" I stated, ""and that is the strange cry of my sister in her delirium."
/hpc_stor03/sjtu_home/chaolei.liu/data/tts/LibriTTS/train-clean-100/103/1241/103_1241_000040_000001.wav|"Have you ever imagined what it must feel like to be divinely beautiful?"""
/hpc_stor03/sjtu_home/chaolei.liu/data/tts/LibriTTS/train-clean-100/8098/278252/8098_278252_000007_000000.wav|We two were engaged to appear at the Star Theatre Wednesday evening, and when I rode out on to the stage the house shook with laughter and cheers.
/hpc_stor03/sjtu_home/chaolei.liu/data/tts/LibriTTS/train-clean-100/8580/287364/8580_287364_000006_000000.wav|"""Bless my tomato sauce!"" exploded Mr. Damon."
/hpc_stor03/sjtu_home/chaolei.liu/data/tts/LibriTTS/train-clean-100/5678/43303/5678_43303_000044_000000.wav|Twenty o'clock came, but there was no sign of Oliver.
/hpc_stor03/sjtu_home/chaolei.liu/data/tts/LibriTTS/train-clean-100/8063/274117/8063_274117_000027_000000.wav|"""That is exactly the reason,"" said Planchet, timidly, ""why I feel it does me good to contemplate a few dead."""
/hpc_stor03/sjtu_home/chaolei.liu/data/tts/LibriTTS/train-clean-100/7859/102519/7859_102519_000015_000006.wav|The emperor learnt of the plot through his wife, and saved himself by the bold expedient of going at once to one of the two Khazar chiefs and asking for a secret interview.
/hpc_stor03/sjtu_home/chaolei.liu/data/tts/LibriTTS/train-clean-100/374/180299/374_180299_000011_000003.wav|However, he has asked me how I, loving Paris as I do, could make up my mind to bury myself in the country.
/hpc_stor03/sjtu_home/chaolei.liu/data/tts/LibriTTS/train-clean-100/3242/67153/3242_67153_000017_000004.wav|The first thing I knew he was sicking the agents for the new typewriting machine on to me, and he kept them pounding away until they had made me give them a trial.
/hpc_stor03/sjtu_home/chaolei.liu/data/tts/LibriTTS/train-clean-100/4898/20016/4898_20016_000009_000000.wav|It was not until Nathan Stoddard had looked for some little time upon this spectacle that he began to feel that he was witness of any thing more than natural.
/hpc_stor03/sjtu_home/chaolei.liu/data/tts/LibriTTS/train-clean-100/6367/65536/6367_65536_000006_000008.wav|Where might he find them again? Were they yet to be had for the seeking in the old valley?
/hpc_stor03/sjtu_home/chaolei.liu/data/tts/LibriTTS/train-clean-100/2836/5355/2836_5355_000096_000001.wav|She thought she was back at East Lynne--not back, in one sense, but that she seemed never to have gone away from it--walking in the flower garden with Mr. Carlyle, while the three children played on the lawn.
/hpc_stor03/sjtu_home/chaolei.liu/data/tts/LibriTTS/train-clean-100/403/128339/403_128339_000012_000000.wav|"""Take off his head!"" cried the audience."
/hpc_stor03/sjtu_home/chaolei.liu/data/tts/LibriTTS/train-clean-100/118/47824/118_47824_000065_000000.wav|"""Since you wish it,"" Bobby said."
/hpc_stor03/sjtu_home/chaolei.liu/data/tts/LibriTTS/train-clean-100/7178/34644/7178_34644_000048_000003.wav|There was a ring of tar round its neck, showing that it had been hermetically sealed.
/hpc_stor03/sjtu_home/chaolei.liu/data/tts/LibriTTS/train-clean-100/6181/216552/6181_216552_000077_000002.wav|Finally, that, inasmuch as possession, in right, can never remain fixed, it is impossible, in fact, that it can ever become property.
/hpc_stor03/sjtu_home/chaolei.liu/data/tts/LibriTTS/train-clean-100/1355/39947/1355_39947_000025_000005.wav|For the cure the psychotherapist has to aim toward the cathartic result.
/hpc_stor03/sjtu_home/chaolei.liu/data/tts/LibriTTS/train-clean-100/1898/145702/1898_145702_000020_000001.wav|In the North Sea lies a dead sea-cat--that shall be their roast meat; and the rib of a whale--that shall be their silver spoon; and the hollow foot of a dead horse--that shall be their wineglass.'
/hpc_stor03/sjtu_home/chaolei.liu/data/tts/LibriTTS/train-clean-100/2514/149482/2514_149482_000006_000000.wav|"That was the story--that she was always, for her beneficent dragon, under arms; living up, every hour, but especially at festal hours, to the ""value"" Mrs. Lowder had attached to her."
/hpc_stor03/sjtu_home/chaolei.liu/data/tts/LibriTTS/train-clean-100/8238/274553/8238_274553_000009_000002.wav|I quaintly termed the domination of the Baron Ritzner von Jung, ever rightly entered into the mystery which overshadowed his character.
/hpc_stor03/sjtu_home/chaolei.liu/data/tts/LibriTTS/train-clean-100/6437/66173/6437_66173_000007_000000.wav|"Seth Rodgers, with both hands in his pockets, was leaning against the pump lazily enjoying the sport; but on seeing me sweep across the yard, whirling my strap of books in the air like a sling, he called out lustily, ""Lay low, Conway!"
/hpc_stor03/sjtu_home/chaolei.liu/data/tts/LibriTTS/train-clean-100/1334/135589/1334_135589_000007_000000.wav|"""I know but of two that I can recommend from personal knowledge; but these two officers I can venture to pledge myself for."""
/hpc_stor03/sjtu_home/chaolei.liu/data/tts/LibriTTS/train-clean-100/1926/147987/1926_147987_000014_000003.wav|My lip was cut and stood out like a snout.
/hpc_stor03/sjtu_home/chaolei.liu/data/tts/LibriTTS/train-clean-100/3699/47246/3699_47246_000010_000000.wav|Thus there was really not much affectation in her sweet speeches and attentions to Mr. and Mrs. Barton.
/hpc_stor03/sjtu_home/chaolei.liu/data/tts/LibriTTS/train-clean-100/6880/216547/6880_216547_000053_000002.wav|In pruning an old tree, we guard against destruction of the buds and fruit.
/hpc_stor03/sjtu_home/chaolei.liu/data/tts/LibriTTS/train-clean-100/4340/15220/4340_15220_000007_000001.wav|"Ben was a promising pupil, and made rapid progress; for eye, foot, and hand had been so well trained, that they did him good service now; and Brown was considered a first-rate ""catcher""."
/hpc_stor03/sjtu_home/chaolei.liu/data/tts/LibriTTS/train-clean-100/27/123349/27_123349_000012_000013.wav|The Admiralty of Amsterdam made this error a plea for doing nothing; and, before the error could be rectified, the three ships had sailed.
/hpc_stor03/sjtu_home/chaolei.liu/data/tts/LibriTTS/train-clean-100/3879/174923/3879_174923_000035_000012.wav|Since that I am constrained to leave his letters unanswered.
/hpc_stor03/sjtu_home/chaolei.liu/data/tts/LibriTTS/train-clean-100/6078/54013/6078_54013_000059_000004.wav|He gave it to the captain of the band, and after he had gone the robbers fought for it with one another until they were all killed.
/hpc_stor03/sjtu_home/chaolei.liu/data/tts/LibriTTS/train-clean-100/3830/12531/3830_12531_000012_000000.wav|The cabin could not be seen until the trail came quite near it.
/hpc_stor03/sjtu_home/chaolei.liu/data/tts/LibriTTS/train-clean-100/2436/2481/2436_2481_000005_000002.wav|Dr. Frank was in advance of Snap and me now.
/hpc_stor03/sjtu_home/chaolei.liu/data/tts/LibriTTS/train-clean-100/322/124146/322_124146_000007_000002.wav|In everything else she is as good-natured a girl as ever lived.
/hpc_stor03/sjtu_home/chaolei.liu/data/tts/LibriTTS/train-clean-100/458/126294/458_126294_000005_000000.wav|The forester climbed up, brought the child down, and thought to himself: 'You will take him home with you, and bring him up with your Lina.' He took it home, therefore, and the two children grew up together.
/hpc_stor03/sjtu_home/chaolei.liu/data/tts/LibriTTS/train-clean-100/8797/294123/8797_294123_000036_000004.wav|The world is whirling faster to-day than ever before.
/hpc_stor03/sjtu_home/chaolei.liu/data/tts/LibriTTS/train-clean-100/7505/258964/7505_258964_000034_000002.wav|He can strive to increase the number and quality and to get control of such agents as he foresees will yield higher rents.
/hpc_stor03/sjtu_home/chaolei.liu/data/tts/LibriTTS/train-clean-100/2182/181173/2182_181173_000018_000001.wav|I hope you'll come to see me sometime.
/hpc_stor03/sjtu_home/chaolei.liu/data/tts/LibriTTS/train-clean-100/3440/171009/3440_171009_000129_000000.wav|"""Keep it in your pocket, and use it every day, won't you, papa?"""
/hpc_stor03/sjtu_home/chaolei.liu/data/tts/LibriTTS/train-clean-100/3486/166424/3486_166424_000049_000000.wav|"""To the fissure!"" shouted Ventnor."
/hpc_stor03/sjtu_home/chaolei.liu/data/tts/LibriTTS/train-clean-100/1069/133699/1069_133699_000066_000012.wav|This document proved short and may be given entire.
/hpc_stor03/sjtu_home/chaolei.liu/data/tts/LibriTTS/train-clean-100/4441/76263/4441_76263_000066_000000.wav|Falk entered, looking a little hectic.
/hpc_stor03/sjtu_home/chaolei.liu/data/tts/LibriTTS/train-clean-100/1098/133695/1098_133695_000012_000000.wav|Isabel might have believed it and not have been far from the truth.
/hpc_stor03/sjtu_home/chaolei.liu/data/tts/LibriTTS/train-clean-100/4137/11701/4137_11701_000022_000000.wav|But it is quite time we got back to Belvane; we have left her alone too long.
/hpc_stor03/sjtu_home/chaolei.liu/data/tts/LibriTTS/train-clean-100/8051/295385/8051_295385_000010_000000.wav|No sooner did this robustious commander hear of the erection of Fort Casimir, than he sent a message to Van Poffenburgh, warning him off the land, as being within the bounds of his jurisdiction.
/hpc_stor03/sjtu_home/chaolei.liu/data/tts/LibriTTS/train-clean-100/233/155990/233_155990_000009_000000.wav|The trouble is that our policy is apt to go in zigzags, because different sections of our people exercise at different times unequal pressure on our government.
/hpc_stor03/sjtu_home/chaolei.liu/data/tts/LibriTTS/train-clean-100/78/369/78_369_000012_000000.wav|I followed, when I could, the courses of the rivers; but the daemon generally avoided these, as it was here that the population of the country chiefly collected.
/hpc_stor03/sjtu_home/chaolei.liu/data/tts/LibriTTS/train-clean-100/3374/298032/3374_298032_000014_000000.wav|Then I became conscious that I had been dreaming; I shuddered at all the significant suggestions and similarities, and stood anxiously by the boundless deep of this inward truth.
/hpc_stor03/sjtu_home/chaolei.liu/data/tts/LibriTTS/train-clean-100/6147/34607/6147_34607_000003_000011.wav|Her skin was white and fine; she displayed a great deal of it.
/hpc_stor03/sjtu_home/chaolei.liu/data/tts/LibriTTS/train-clean-100/1040/133433/1040_133433_000141_000002.wav|"I grew up long ago."""
/hpc_stor03/sjtu_home/chaolei.liu/data/tts/LibriTTS/train-clean-100/1624/142933/1624_142933_000033_000001.wav|She was dressed almost wholly in light olive-green and greenish-yellow.
/hpc_stor03/sjtu_home/chaolei.liu/data/tts/LibriTTS/train-clean-100/426/122821/426_122821_000041_000004.wav|The first night I was there we were at tea. I knocked over a jug and broke it.
/hpc_stor03/sjtu_home/chaolei.liu/data/tts/LibriTTS/train-clean-100/1246/124548/1246_124548_000015_000006.wav|And he's pretty cute, too.
/hpc_stor03/sjtu_home/chaolei.liu/data/tts/LibriTTS/train-clean-100/7226/86964/7226_86964_000021_000000.wav|W---- modestly confessed to never having possessed such an instrument.
/hpc_stor03/sjtu_home/chaolei.liu/data/tts/LibriTTS/train-clean-100/8324/286682/8324_286682_000025_000000.wav|They went to the river bank and had a good dinner.
/hpc_stor03/sjtu_home/chaolei.liu/data/tts/LibriTTS/train-clean-100/2893/139310/2893_139310_000038_000005.wav|Strange and incredible meeting! As the broad stream passed before him to the right, tributary gangways from the remote uplands of the hall thrust downward in an incessant replacement of people; tramp, tramp, tramp, tramp.
/hpc_stor03/sjtu_home/chaolei.liu/data/tts/LibriTTS/train-clean-100/5514/19192/5514_19192_000022_000000.wav|He was put to the sword.
/hpc_stor03/sjtu_home/chaolei.liu/data/tts/LibriTTS/train-clean-100/1578/140045/1578_140045_000051_000000.wav|"""Stuff an' nonsense!"" said Miranda ""Speak for yourself."
/hpc_stor03/sjtu_home/chaolei.liu/data/tts/LibriTTS/train-clean-100/4214/7146/4214_7146_000054_000003.wav|"Likely she'd listen to you quicker than to me."""
/hpc_stor03/sjtu_home/chaolei.liu/data/tts/LibriTTS/train-clean-100/3982/182255/3982_182255_000020_000002.wav|Nobody had ever really thought about them--that is to say, nobody on Plutoria Avenue.
/hpc_stor03/sjtu_home/chaolei.liu/data/tts/LibriTTS/train-clean-100/2007/132570/2007_132570_000055_000001.wav|'And for these fool's tricks--I will soon discover by whom they are practised.'
/hpc_stor03/sjtu_home/chaolei.liu/data/tts/LibriTTS/train-clean-100/8975/270782/8975_270782_000023_000000.wav|As a result of the whole investigation we grasp two facts, which, however, disclose only the beginnings of new riddles, new doubts.
/hpc_stor03/sjtu_home/chaolei.liu/data/tts/LibriTTS/train-clean-100/4830/25898/4830_25898_000021_000005.wav|Peck meanwhile got into mischief also; for, in her hunt for something good to eat, she strayed into the sheep-shed, and finding some salt, ate as much as she liked, not knowing that salt is bad for hens.
/hpc_stor03/sjtu_home/chaolei.liu/data/tts/LibriTTS/train-clean-100/2952/410/2952_410_000027_000004.wav|AND THERE HE IS--behind that tree!--hiding behind that tree!
/hpc_stor03/sjtu_home/chaolei.liu/data/tts/LibriTTS/train-clean-100/6454/120342/6454_120342_000008_000002.wav|Ours are not the carollings of your poor shivering little East Angles or South Mercians, where they have to plod round afoot in countries where they do not know what a sleigh-ride is.
/hpc_stor03/sjtu_home/chaolei.liu/data/tts/LibriTTS/train-clean-100/4813/248638/4813_248638_000018_000015.wav|At the right of Lyndeboro, and nearly over the Readville railroad stations, is Joe English Hill, and to complete the round, nearly north-northwest are the summits of the Uncanoonuc Mountains, fifty-nine miles away.
/hpc_stor03/sjtu_home/chaolei.liu/data/tts/LibriTTS/train-clean-100/2002/139469/2002_139469_000012_000003.wav|As for instance, a typhus fever has been brought by ships to one sea-port town; yet the very people who brought it there, were incapable of communicating it in a town more fortunately situated.
/hpc_stor03/sjtu_home/chaolei.liu/data/tts/LibriTTS/train-clean-100/8465/246942/8465_246942_000006_000004.wav|No; she would venture no farther. Sooner would she go to George Bascombe--from whom she not only could look for no spiritual comfort, but whose theories were so cruel against culprits of all sorts!
/hpc_stor03/sjtu_home/chaolei.liu/data/tts/LibriTTS/train-clean-100/2092/145706/2092_145706_000016_000001.wav|The moon was shining brightly, and lighted him to the lake where he could bathe his poor broken legs.
/hpc_stor03/sjtu_home/chaolei.liu/data/tts/LibriTTS/train-clean-100/1963/147036/1963_147036_000024_000000.wav|"""May I have that please?"""
/hpc_stor03/sjtu_home/chaolei.liu/data/tts/LibriTTS/train-clean-100/8468/286673/8468_286673_000011_000003.wav|"""I thought you were when I heard you trying to make the others wait."
/hpc_stor03/sjtu_home/chaolei.liu/data/tts/LibriTTS/train-clean-100/1737/146161/1737_146161_000005_000000.wav|Fifth row:--Make 1, knit 2, knit 2 together, knit 1, make 1, knit 5, make 1, knit 1, knit 2 together, knit 3.
/hpc_stor03/sjtu_home/chaolei.liu/data/tts/LibriTTS/train-clean-100/1455/138263/1455_138263_000027_000006.wav|"There remains but one hypothesis, that of a living race to which motion, which is life, is foreign."""
/hpc_stor03/sjtu_home/chaolei.liu/data/tts/LibriTTS/train-clean-100/911/128684/911_128684_000009_000001.wav|In the paragraphs that follow I shall try to show:
/hpc_stor03/sjtu_home/chaolei.liu/data/tts/LibriTTS/train-clean-100/3857/182317/3857_182317_000011_000002.wav|All species must surrender unconditionally--those are our terms--and come and live in barns alongside us; or on us, as parasites.
/hpc_stor03/sjtu_home/chaolei.liu/data/tts/LibriTTS/train-clean-100/1116/137572/1116_137572_000004_000002.wav|These traits cannot be changed overnight.
/hpc_stor03/sjtu_home/chaolei.liu/data/tts/LibriTTS/train-clean-100/8838/298545/8838_298545_000032_000002.wav|There was no reason why the doctor should know anything about it.
/hpc_stor03/sjtu_home/chaolei.liu/data/tts/LibriTTS/train-clean-100/4397/15678/4397_15678_000012_000002.wav|It is situated on the main river, where it plunges over a sheer precipice, about two hundred and forty feet high, in leaving the level meadows of the ancient lake basin.
/hpc_stor03/sjtu_home/chaolei.liu/data/tts/LibriTTS/train-clean-100/730/359/730_359_000011_000001.wav|I found that these people possessed a method of communicating their experience and feelings to one another by articulate sounds.
/hpc_stor03/sjtu_home/chaolei.liu/data/tts/LibriTTS/train-clean-100/3168/173565/3168_173565_000027_000009.wav|Only in the lower part of it something quivered.
/hpc_stor03/sjtu_home/chaolei.liu/data/tts/LibriTTS/train-clean-100/2910/131096/2910_131096_000030_000000.wav|"Next morning Venus ordered Psyche to be called and said to her, ""Behold yonder grove which stretches along the margin of the water."
/hpc_stor03/sjtu_home/chaolei.liu/data/tts/LibriTTS/train-clean-100/298/126791/298_126791_000047_000002.wav|"But, Isabella, the meeting has been too much for you; you tremble."""
/hpc_stor03/sjtu_home/chaolei.liu/data/tts/LibriTTS/train-clean-100/2911/7601/2911_7601_000005_000004.wav|You should have seen how wisely I proceeded--with what caution--with what foresight--with what dissimulation I went to work!
/hpc_stor03/sjtu_home/chaolei.liu/data/tts/LibriTTS/train-clean-100/7780/274562/7780_274562_000006_000000.wav|I was not surprised, however, to perceive that he had long made up his mind upon a topic which had occasioned so much of discussion to his friends.
/hpc_stor03/sjtu_home/chaolei.liu/data/tts/LibriTTS/train-clean-100/1867/154075/1867_154075_000049_000001.wav|"""By the way, my name is John Mark."""
/hpc_stor03/sjtu_home/chaolei.liu/data/tts/LibriTTS/train-clean-100/839/130898/839_130898_000047_000002.wav|Eight miles to the east, a big steamship was visible on the horizon line. No flag was flapping from the gaff of its fore-and-aft sail, and I couldn't tell its nationality.
/hpc_stor03/sjtu_home/chaolei.liu/data/tts/LibriTTS/train-clean-100/5390/30096/5390_30096_000006_000000.wav|"""And it's true,"" asserted the other."
/hpc_stor03/sjtu_home/chaolei.liu/data/tts/LibriTTS/train-clean-100/3526/175658/3526_175658_000009_000003.wav|Yes, I thought so; but I could scarcely as yet be sure.
/hpc_stor03/sjtu_home/chaolei.liu/data/tts/LibriTTS/train-clean-100/4014/186175/4014_186175_000013_000000.wav|"""Who are you--and where?"""
