audio_file|text
/hpc_stor03/sjtu_home/chaolei.liu/data/tts/LibriTTS/train-clean-100/7367/86737/7367_86737_000121_000007.wav|Teresa was sixteen, and Vampa seventeen.
/hpc_stor03/sjtu_home/chaolei.liu/data/tts/LibriTTS/train-clean-100/5463/39174/5463_39174_000076_000001.wav|"""Of all my own acquaintance, Mrs. Crawley, I think, comes nearest to heroism."""
/hpc_stor03/sjtu_home/chaolei.liu/data/tts/LibriTTS/train-clean-100/201/122255/201_122255_000046_000004.wav|"His name is Little John, and mine Robin Hood."""
/hpc_stor03/sjtu_home/chaolei.liu/data/tts/LibriTTS/train-clean-100/7148/82991/7148_82991_000031_000001.wav|"""Why, Mark, you are clean crazed!"""
/hpc_stor03/sjtu_home/chaolei.liu/data/tts/LibriTTS/train-clean-100/254/27760/254_27760_000008_000000.wav|"""Won't we take some snuff?"" he asks, holding out his snuff-box to the women."
/hpc_stor03/sjtu_home/chaolei.liu/data/tts/LibriTTS/train-clean-100/2518/154825/2518_154825_000021_000000.wav|Then he told me to stop, for that the way grew wider and he would pick me up again.
/hpc_stor03/sjtu_home/chaolei.liu/data/tts/LibriTTS/train-clean-100/5789/57158/5789_57158_000034_000002.wav|"I can explain it all to her and she will understand me."" She hardly meant to reproach him."
/hpc_stor03/sjtu_home/chaolei.liu/data/tts/LibriTTS/train-clean-100/4406/16883/4406_16883_000016_000023.wav|So like were these barbarous creatures to him who was a liar from the beginning.
/hpc_stor03/sjtu_home/chaolei.liu/data/tts/LibriTTS/train-clean-100/32/21634/32_21634_000005_000004.wav|But no one seemed to care about that.
/hpc_stor03/sjtu_home/chaolei.liu/data/tts/LibriTTS/train-clean-100/4859/26870/4859_26870_000013_000000.wav|"""Today--it was the same affair."
/hpc_stor03/sjtu_home/chaolei.liu/data/tts/LibriTTS/train-clean-100/1743/142912/1743_142912_000012_000001.wav|"""There wouldn't be any honey if I did."
/hpc_stor03/sjtu_home/chaolei.liu/data/tts/LibriTTS/train-clean-100/446/123501/446_123501_000002_000001.wav|I knew that I was on Mars; not once did I question either my sanity or my wakefulness.
/hpc_stor03/sjtu_home/chaolei.liu/data/tts/LibriTTS/train-clean-100/831/130746/831_130746_000005_000004.wav|Down the passage to the bedroom.
/hpc_stor03/sjtu_home/chaolei.liu/data/tts/LibriTTS/train-clean-100/909/131044/909_131044_000012_000007.wav|In either case, feebleness and irresolution must be the characteristics of the station.
/hpc_stor03/sjtu_home/chaolei.liu/data/tts/LibriTTS/train-clean-100/4853/29413/4853_29413_000038_000003.wav|He turned pale when he felt the floor shaken by your fall.
/hpc_stor03/sjtu_home/chaolei.liu/data/tts/LibriTTS/train-clean-100/26/495/26_495_000007_000002.wav|But it seems that the Government had a true account of it, and several councils were held about ways to prevent its coming over; but all was kept very private.
/hpc_stor03/sjtu_home/chaolei.liu/data/tts/LibriTTS/train-clean-100/6209/34600/6209_34600_000014_000000.wav|What a man feels a child feels still more.
/hpc_stor03/sjtu_home/chaolei.liu/data/tts/LibriTTS/train-clean-100/302/123523/302_123523_000013_000000.wav|Thrusting Sab Than headlong from the platform, I drew Dejah Thoris to my side.
/hpc_stor03/sjtu_home/chaolei.liu/data/tts/LibriTTS/train-clean-100/669/129074/669_129074_000070_000000.wav|The Colonel's brow darkened at this.
/hpc_stor03/sjtu_home/chaolei.liu/data/tts/LibriTTS/train-clean-100/5867/48852/5867_48852_000049_000001.wav|"Besides, I should have to come back by myself."""
/hpc_stor03/sjtu_home/chaolei.liu/data/tts/LibriTTS/train-clean-100/7278/91083/7278_91083_000025_000004.wav|He gives free excursions to poor children, a dinner annually to the newsboys, and aids hundreds who are in need of an education.
/hpc_stor03/sjtu_home/chaolei.liu/data/tts/LibriTTS/train-clean-100/211/122442/211_122442_000101_000000.wav|"""Above all things be always on your guard."
/hpc_stor03/sjtu_home/chaolei.liu/data/tts/LibriTTS/train-clean-100/229/130880/229_130880_000039_000000.wav|"""Oh!"" I said ""You know about--"""
/hpc_stor03/sjtu_home/chaolei.liu/data/tts/LibriTTS/train-clean-100/5561/41616/5561_41616_000045_000001.wav|Reddy circled about the victors almost too delighted for words.
/hpc_stor03/sjtu_home/chaolei.liu/data/tts/LibriTTS/train-clean-100/7059/77897/7059_77897_000041_000000.wav|"""Jack's learning to be superintendent,"" said Mrs. Wilmington, lifting her teasing voice to make him hear her in the hall, ""and he's been spending the whole morning here."""
/hpc_stor03/sjtu_home/chaolei.liu/data/tts/LibriTTS/train-clean-100/625/132112/625_132112_000007_000003.wav|"""I don't know,--what is it, Sam?"""
/hpc_stor03/sjtu_home/chaolei.liu/data/tts/LibriTTS/train-clean-100/226/122538/226_122538_000038_000000.wav|Jane pulled off her gloves, swallowed suddenly, then gripped the doctor's knee.
/hpc_stor03/sjtu_home/chaolei.liu/data/tts/LibriTTS/train-clean-100/3235/28433/3235_28433_000003_000003.wav|My hope was to meet my father there, for he had written that he thought he should go to the new gold fields, where he could do beach mining.
/hpc_stor03/sjtu_home/chaolei.liu/data/tts/LibriTTS/train-clean-100/89/219/89_219_000006_000002.wav|"Mamma says I am never within."""
/hpc_stor03/sjtu_home/chaolei.liu/data/tts/LibriTTS/train-clean-100/3983/5331/3983_5331_000079_000000.wav|Mr. Carlyle knew her and her resolute expression well, and he took his course, to tell her the truth.
/hpc_stor03/sjtu_home/chaolei.liu/data/tts/LibriTTS/train-clean-100/2416/152137/2416_152137_000034_000001.wav|At the worst, there was one mitigating factor in it all.
/hpc_stor03/sjtu_home/chaolei.liu/data/tts/LibriTTS/train-clean-100/8419/286676/8419_286676_000006_000000.wav|The Yellow Brown Frog wished that the Adders could be scared, badly scared, some time: so scared that a chilly feeling would run down their backs from their heads clear to the tips of their tails.
/hpc_stor03/sjtu_home/chaolei.liu/data/tts/LibriTTS/train-clean-100/5322/7680/5322_7680_000032_000001.wav|'Look! that's where you lost your way,' he added, 'you should have turned to the right.'
/hpc_stor03/sjtu_home/chaolei.liu/data/tts/LibriTTS/train-clean-100/7635/105409/7635_105409_000061_000004.wav|"Do not delay--and obey these instructions implicitly."""
/hpc_stor03/sjtu_home/chaolei.liu/data/tts/LibriTTS/train-clean-100/7302/86814/7302_86814_000013_000003.wav|Some voices were heard to say that the gentleman was right; that he intended to be civil, in his way, and that they would set the example of liberty of conscience,--and the mob retired.
/hpc_stor03/sjtu_home/chaolei.liu/data/tts/LibriTTS/train-clean-100/4160/14187/4160_14187_000011_000000.wav|I ran down the stairs and met Thorndyke coming up slowly with his right hand on Polton's shoulder.
/hpc_stor03/sjtu_home/chaolei.liu/data/tts/LibriTTS/train-clean-100/8088/284756/8088_284756_000003_000000.wav|"""Hello!"" I snapped ungraciously into the mouthpiece."
/hpc_stor03/sjtu_home/chaolei.liu/data/tts/LibriTTS/train-clean-100/4018/103416/4018_103416_000065_000001.wav|"Promise me you won't go."""
/hpc_stor03/sjtu_home/chaolei.liu/data/tts/LibriTTS/train-clean-100/3947/13262/3947_13262_000022_000003.wav|"At last Rollin said: ""I thank you."
/hpc_stor03/sjtu_home/chaolei.liu/data/tts/LibriTTS/train-clean-100/1502/122619/1502_122619_000037_000000.wav|"""There have been strange moccasins about my camp."
/hpc_stor03/sjtu_home/chaolei.liu/data/tts/LibriTTS/train-clean-100/7113/86041/7113_86041_000014_000000.wav|And now all went cheerfully in the castle.
/hpc_stor03/sjtu_home/chaolei.liu/data/tts/LibriTTS/train-clean-100/405/130895/405_130895_000067_000001.wav|These were suckerfish from the third family of the subbrachian Malacopterygia.
/hpc_stor03/sjtu_home/chaolei.liu/data/tts/LibriTTS/train-clean-100/7402/59171/7402_59171_000010_000008.wav|"""When I present true human nature,"" he observes in one of the many passages in which he justifies himself, ""the audience thinks it is being made fun of."
/hpc_stor03/sjtu_home/chaolei.liu/data/tts/LibriTTS/train-clean-100/3723/171115/3723_171115_000003_000001.wav|In the mean time, Herod's affairs in Judea were in an ill state.
/hpc_stor03/sjtu_home/chaolei.liu/data/tts/LibriTTS/train-clean-100/696/92939/696_92939_000023_000003.wav|Death, she said, was well known to her, and she had seen it so often that it was not strange or fearful to her.
/hpc_stor03/sjtu_home/chaolei.liu/data/tts/LibriTTS/train-clean-100/7264/92310/7264_92310_000012_000006.wav|The type is the common modern type.
/hpc_stor03/sjtu_home/chaolei.liu/data/tts/LibriTTS/train-clean-100/39/121914/39_121914_000025_000000.wav|"""I am very glad I did think of her."
/hpc_stor03/sjtu_home/chaolei.liu/data/tts/LibriTTS/train-clean-100/7078/271888/7078_271888_000063_000001.wav|"Please don't alter it,"" urged the artist; who, advancing to his easel again, continued the free, rapid outline."
/hpc_stor03/sjtu_home/chaolei.liu/data/tts/LibriTTS/train-clean-100/40/121026/40_121026_000018_000000.wav|"""Ah, yes,"" said Faria; ""the penknife."
/hpc_stor03/sjtu_home/chaolei.liu/data/tts/LibriTTS/train-clean-100/3807/4923/3807_4923_000021_000002.wav|He began to think that he was the victim of a nightmare.
/hpc_stor03/sjtu_home/chaolei.liu/data/tts/LibriTTS/train-clean-100/7067/76048/7067_76048_000044_000010.wav|I want a world in order, a disciplined mankind going on to greater things.
/hpc_stor03/sjtu_home/chaolei.liu/data/tts/LibriTTS/train-clean-100/1841/179183/1841_179183_000019_000002.wav|When I think of hills, I think of the upward strength I tread upon.
/hpc_stor03/sjtu_home/chaolei.liu/data/tts/LibriTTS/train-clean-100/5192/19396/5192_19396_000029_000000.wav|By all that is priestly!
/hpc_stor03/sjtu_home/chaolei.liu/data/tts/LibriTTS/train-clean-100/5339/14134/5339_14134_000041_000006.wav|Coming along it, and so meeting him, advanced Daniel Robson, in earnest talk with Charley Kinraid.
/hpc_stor03/sjtu_home/chaolei.liu/data/tts/LibriTTS/train-clean-100/3240/131231/3240_131231_000054_000002.wav|Something else apart from our three main interests is a phenomenon that looks like what one might call an alternating series of falls of fishes, whatever the significance may be:
/hpc_stor03/sjtu_home/chaolei.liu/data/tts/LibriTTS/train-clean-100/2136/5143/2136_5143_000055_000002.wav|Let us talk of something else.'
/hpc_stor03/sjtu_home/chaolei.liu/data/tts/LibriTTS/train-clean-100/2391/145015/2391_145015_000042_000003.wav|Heathen mythology celebrated it in the three Fates spinning and measuring out the thread of human life.
/hpc_stor03/sjtu_home/chaolei.liu/data/tts/LibriTTS/train-clean-100/6848/76049/6848_76049_000011_000000.wav|"""I ought to see more of her,"" he thought."
/hpc_stor03/sjtu_home/chaolei.liu/data/tts/LibriTTS/train-clean-100/8630/305212/8630_305212_000003_000003.wav|There was the wild excitement, too, of the daring; the fear that they might be caught in the act.
/hpc_stor03/sjtu_home/chaolei.liu/data/tts/LibriTTS/train-clean-100/5808/54425/5808_54425_000010_000014.wav|Finally he took a turn for the better that endured so long that Hattie Sterling again gave him her faith.
/hpc_stor03/sjtu_home/chaolei.liu/data/tts/LibriTTS/train-clean-100/2843/152918/2843_152918_000001_000014.wav|All the qualities that I most admire in a man were clearly shown at that juncture: courage and dauntlessness, without boasting or big words.
/hpc_stor03/sjtu_home/chaolei.liu/data/tts/LibriTTS/train-clean-100/8747/293952/8747_293952_000097_000000.wav|She was angry with herself because she felt that in speaking of Conniston she had colored.
/hpc_stor03/sjtu_home/chaolei.liu/data/tts/LibriTTS/train-clean-100/6531/61334/6531_61334_000013_000003.wav|The Assyrian war-lord, however, proved to be too powerful a rival.
/hpc_stor03/sjtu_home/chaolei.liu/data/tts/LibriTTS/train-clean-100/6272/70171/6272_70171_000026_000001.wav|"I wish Hepsey would not load our table as she does."""
/hpc_stor03/sjtu_home/chaolei.liu/data/tts/LibriTTS/train-clean-100/87/121553/87_121553_000030_000000.wav|Silent and wakeful many a time was he Discovered by his nurse upon the ground, As if he would have said, 'For this I came.'
/hpc_stor03/sjtu_home/chaolei.liu/data/tts/LibriTTS/train-clean-100/6415/111615/6415_111615_000020_000002.wav|It is a task not a whit less worthy, less painful, or less baffling than that of the most conscientious novelist.
/hpc_stor03/sjtu_home/chaolei.liu/data/tts/LibriTTS/train-clean-100/4640/19188/4640_19188_000034_000001.wav|"Go.""--""It is your duty rather,"" retorted the man, ""you have two sisters whom you maintain.""--And an unprecedented controversy broke forth."
/hpc_stor03/sjtu_home/chaolei.liu/data/tts/LibriTTS/train-clean-100/83/11691/83_11691_000000_000004.wav|Roger Scurvilegs frankly breaks down over it.
/hpc_stor03/sjtu_home/chaolei.liu/data/tts/LibriTTS/train-clean-100/3436/172171/3436_172171_000010_000009.wav|And as he did not tell him the meaning of what he saw, he forebore to ask him concerning it.
/hpc_stor03/sjtu_home/chaolei.liu/data/tts/LibriTTS/train-clean-100/6064/56168/6064_56168_000039_000002.wav|"I can hardly wait for Saturday."""
/hpc_stor03/sjtu_home/chaolei.liu/data/tts/LibriTTS/train-clean-100/6563/285357/6563_285357_000010_000000.wav|Although the Zeppelin was accepted as a perfect machine it has never been possible to disperse the atmosphere of disaster with which it has been enveloped from the first.
/hpc_stor03/sjtu_home/chaolei.liu/data/tts/LibriTTS/train-clean-100/196/122159/196_122159_000007_000000.wav|"'""Well, I wasn't,"" he said courageously."
/hpc_stor03/sjtu_home/chaolei.liu/data/tts/LibriTTS/train-clean-100/1594/135914/1594_135914_000036_000005.wav|He then descended from his throne, and causing only Ganem and the grand vizier, follow him, retired into his own apartment.
/hpc_stor03/sjtu_home/chaolei.liu/data/tts/LibriTTS/train-clean-100/5456/24741/5456_24741_000005_000001.wav|The idea of every mode, in which the human body is affected by external bodies, must involve the nature of the human body, and also the nature of the external body.
/hpc_stor03/sjtu_home/chaolei.liu/data/tts/LibriTTS/train-clean-100/307/127535/307_127535_000036_000001.wav|"J. F., and a score below, with a clove hitch to it; so he done ever."""
/hpc_stor03/sjtu_home/chaolei.liu/data/tts/LibriTTS/train-clean-100/6081/41997/6081_41997_000043_000006.wav|"But they were hurrying away as fast as they could."""
/hpc_stor03/sjtu_home/chaolei.liu/data/tts/LibriTTS/train-clean-100/6000/55211/6000_55211_000070_000001.wav|And then--won't you keep it for me--here?
/hpc_stor03/sjtu_home/chaolei.liu/data/tts/LibriTTS/train-clean-100/6925/80680/6925_80680_000012_000000.wav|'As you like,' answered the queen, 'there isn't any doubt which it was.'
/hpc_stor03/sjtu_home/chaolei.liu/data/tts/LibriTTS/train-clean-100/5652/19215/5652_19215_000008_000000.wav|Jean Valjean did everything, smoothed away every difficulty, arranged everything, made everything easy.
/hpc_stor03/sjtu_home/chaolei.liu/data/tts/LibriTTS/train-clean-100/1034/121119/1034_121119_000061_000000.wav|"""No one; his parents are unknown."""
/hpc_stor03/sjtu_home/chaolei.liu/data/tts/LibriTTS/train-clean-100/6385/34669/6385_34669_000025_000001.wav|But one step to descend, and Homo in a bound, and Gwynplaine in a stride, were on board.
/hpc_stor03/sjtu_home/chaolei.liu/data/tts/LibriTTS/train-clean-100/6019/3185/6019_3185_000019_000000.wav|"""Blending the nature of the star With that of summer skies;"""
/hpc_stor03/sjtu_home/chaolei.liu/data/tts/LibriTTS/train-clean-100/1235/135884/1235_135884_000001_000000.wav|The Story of the First Old Man and the Hind.
/hpc_stor03/sjtu_home/chaolei.liu/data/tts/LibriTTS/train-clean-100/4680/16042/4680_16042_000016_000004.wav|Had he not given her his word of honor that he would die?
/hpc_stor03/sjtu_home/chaolei.liu/data/tts/LibriTTS/train-clean-100/250/142286/250_142286_000027_000001.wav|Who are these Hales that he makes such a fuss about?'
/hpc_stor03/sjtu_home/chaolei.liu/data/tts/LibriTTS/train-clean-100/7800/283478/7800_283478_000053_000000.wav|"""What's Uncle Felix got to do with it?"" demanded Jerry."
/hpc_stor03/sjtu_home/chaolei.liu/data/tts/LibriTTS/train-clean-100/3214/167606/3214_167606_000023_000000.wav|"""Well then, sell it,"" said he."
/hpc_stor03/sjtu_home/chaolei.liu/data/tts/LibriTTS/train-clean-100/7312/92432/7312_92432_000009_000002.wav|I did so without delay, and found her lying on a sofa, pale and trembling, evidently much exhausted.
/hpc_stor03/sjtu_home/chaolei.liu/data/tts/LibriTTS/train-clean-100/4267/72637/4267_72637_000035_000000.wav|She withdrew entirely now, all but her hand, and her eyes sought the ground.
/hpc_stor03/sjtu_home/chaolei.liu/data/tts/LibriTTS/train-clean-100/4051/11218/4051_11218_000002_000001.wav|"""A crop of armed men never fails to spring up, when the dragon's teeth have been sown."""
/hpc_stor03/sjtu_home/chaolei.liu/data/tts/LibriTTS/train-clean-100/2817/142380/2817_142380_000021_000005.wav|"No amount of torture that you could inflict on him could benefit her."""
/hpc_stor03/sjtu_home/chaolei.liu/data/tts/LibriTTS/train-clean-100/7447/91186/7447_91186_000026_000003.wav|Living in genial surroundings, he was never forced to struggle, and although he climbed through flowery paths, he never reached the goal he longed for until his heart broke.
/hpc_stor03/sjtu_home/chaolei.liu/data/tts/LibriTTS/train-clean-100/8226/274369/8226_274369_000018_000003.wav|For this reason they protested against all laws, votes, and resolutions, as null and invalid, which should pass during the time of their constrained absence.
/hpc_stor03/sjtu_home/chaolei.liu/data/tts/LibriTTS/train-clean-100/3664/178366/3664_178366_000011_000000.wav|The next few days I spent in viewing the sights of New York, everything being new and startling, convincing me that as yet I had seen but a small portion of the world.
/hpc_stor03/sjtu_home/chaolei.liu/data/tts/LibriTTS/train-clean-100/3259/158083/3259_158083_000128_000000.wav|Persons convicted in the District for acts committed in violation of District law were transported to Virginia-alien territory-to serve their terms.
/hpc_stor03/sjtu_home/chaolei.liu/data/tts/LibriTTS/train-clean-100/460/172359/460_172359_000026_000004.wav|You could see, as I saw, the night express going north every evening; for all one knew Rockefeller or Carnegie or anyone might be on it!
/hpc_stor03/sjtu_home/chaolei.liu/data/tts/LibriTTS/train-clean-100/887/123291/887_123291_000022_000000.wav|It was not to be done.
/hpc_stor03/sjtu_home/chaolei.liu/data/tts/LibriTTS/train-clean-100/7517/100429/7517_100429_000006_000008.wav|Aldenham may know, but we his guests do not.
/hpc_stor03/sjtu_home/chaolei.liu/data/tts/LibriTTS/train-clean-100/412/126975/412_126975_000087_000006.wav|Harry Burke started his free money movement sincerely enough; now he's sponging on a half-starved sister for endless brandies and sodas.
/hpc_stor03/sjtu_home/chaolei.liu/data/tts/LibriTTS/train-clean-100/2384/152900/2384_152900_000020_000001.wav|There is not a speck of rust on needles, scissors, knives, or anything else, although they have been exposed to much damp.
/hpc_stor03/sjtu_home/chaolei.liu/data/tts/LibriTTS/train-clean-100/4088/158077/4088_158077_000103_000006.wav|It decided to bring the offenders to trial.
/hpc_stor03/sjtu_home/chaolei.liu/data/tts/LibriTTS/train-clean-100/481/123720/481_123720_000043_000003.wav|My schoolfellows met me with spiteful and merciless jibes because I was not like any of them.
/hpc_stor03/sjtu_home/chaolei.liu/data/tts/LibriTTS/train-clean-100/4788/94904/4788_94904_000005_000001.wav|The third is when the people want either the will or the capacity to fulfill the part which belongs to them in a representative constitution.
/hpc_stor03/sjtu_home/chaolei.liu/data/tts/LibriTTS/train-clean-100/1970/26100/1970_26100_000024_000003.wav|"But her first weird cry had to do with the murder, I'm sure."""
/hpc_stor03/sjtu_home/chaolei.liu/data/tts/LibriTTS/train-clean-100/103/1241/103_1241_000034_000002.wav|I never expected I would, though.
/hpc_stor03/sjtu_home/chaolei.liu/data/tts/LibriTTS/train-clean-100/8098/278252/8098_278252_000026_000001.wav|In front of two hotels, a block apart, stood their proprietors waving hats and arms, and calling to me to be their guest.
/hpc_stor03/sjtu_home/chaolei.liu/data/tts/LibriTTS/train-clean-100/8580/287364/8580_287364_000029_000000.wav|"""Threaten to drop him overboard."
/hpc_stor03/sjtu_home/chaolei.liu/data/tts/LibriTTS/train-clean-100/5678/43303/5678_43303_000024_000000.wav|"""He will, will he not?"
/hpc_stor03/sjtu_home/chaolei.liu/data/tts/LibriTTS/train-clean-100/289/121665/289_121665_000022_000000.wav|"""Of course; do not the sheep know you?"""
/hpc_stor03/sjtu_home/chaolei.liu/data/tts/LibriTTS/train-clean-100/8063/274112/8063_274112_000172_000000.wav|"""Do you like the country?"""
/hpc_stor03/sjtu_home/chaolei.liu/data/tts/LibriTTS/train-clean-100/7859/102519/7859_102519_000003_000001.wav|He attacked them suddenly, inflicted several defeats on their king, and took no less than thirty thousand prisoners, whom he sent over to Asia, and forced to enlist in the army of Armenia.
/hpc_stor03/sjtu_home/chaolei.liu/data/tts/LibriTTS/train-clean-100/374/180299/374_180299_000003_000000.wav|"""I am going to Bougival with the duke; be at Prudence's to-night at eight."""
/hpc_stor03/sjtu_home/chaolei.liu/data/tts/LibriTTS/train-clean-100/3242/67153/3242_67153_000025_000001.wav|But habits of thought ain't the only thing a fellow picks up at college.
/hpc_stor03/sjtu_home/chaolei.liu/data/tts/LibriTTS/train-clean-100/4898/20016/4898_20016_000007_000001.wav|But he was not easily to be daunted.
/hpc_stor03/sjtu_home/chaolei.liu/data/tts/LibriTTS/train-clean-100/6367/74004/6367_74004_000039_000000.wav|"""Well, you know the Old Fellow isn't a bad sort after all,"" said Ruggles, ""and he's really awfully gone on her."
/hpc_stor03/sjtu_home/chaolei.liu/data/tts/LibriTTS/train-clean-100/2836/5354/2836_5354_000044_000000.wav|"""I cannot do otherwise,"" he answered."
/hpc_stor03/sjtu_home/chaolei.liu/data/tts/LibriTTS/train-clean-100/403/128339/403_128339_000012_000001.wav|"""An enemy to the Republic!"""
/hpc_stor03/sjtu_home/chaolei.liu/data/tts/LibriTTS/train-clean-100/118/47824/118_47824_000089_000000.wav|A strange man appeared, walking from the direction of the house.
/hpc_stor03/sjtu_home/chaolei.liu/data/tts/LibriTTS/train-clean-100/7178/34645/7178_34645_000012_000004.wav|He even went so far as to justify him.
/hpc_stor03/sjtu_home/chaolei.liu/data/tts/LibriTTS/train-clean-100/248/130652/248_130652_000015_000001.wav|"""Why did you ask the Gogoffs?"
/hpc_stor03/sjtu_home/chaolei.liu/data/tts/LibriTTS/train-clean-100/6181/216552/6181_216552_000013_000000.wav|The German Ancillon replies thus:--
/hpc_stor03/sjtu_home/chaolei.liu/data/tts/LibriTTS/train-clean-100/19/227/19_227_000004_000003.wav|"I did not quite like, at breakfast, to hear you talk so much about the French bread at Northanger."""
/hpc_stor03/sjtu_home/chaolei.liu/data/tts/LibriTTS/train-clean-100/1355/39947/1355_39947_000005_000019.wav|"I tried whiskey, but it gave relief only for about half an hour and then the desire was worse than ever."""
/hpc_stor03/sjtu_home/chaolei.liu/data/tts/LibriTTS/train-clean-100/1898/145702/1898_145702_000017_000000.wav|'Indeed! three soldiers!' said she.
/hpc_stor03/sjtu_home/chaolei.liu/data/tts/LibriTTS/train-clean-100/2514/149482/2514_149482_000011_000000.wav|"""Ah there you are!"" said Kate with much gay expression, though what it expressed he failed at the time to make out."
/hpc_stor03/sjtu_home/chaolei.liu/data/tts/LibriTTS/train-clean-100/8238/274553/8238_274553_000013_000000.wav|As Hermann completed this equivocal sentence, all eyes were turned upon the Baron.
/hpc_stor03/sjtu_home/chaolei.liu/data/tts/LibriTTS/train-clean-100/1334/135589/1334_135589_000093_000000.wav|This is all that we have been able to collect relative to the several parties; and so now we must say farewell.
/hpc_stor03/sjtu_home/chaolei.liu/data/tts/LibriTTS/train-clean-100/4362/15663/4362_15663_000029_000001.wav|The mealy snow sifted into the folds of our clothing and in many places reached the skin.
/hpc_stor03/sjtu_home/chaolei.liu/data/tts/LibriTTS/train-clean-100/1926/147987/1926_147987_000004_000001.wav|"I could n't sleep much last night."" She hesitated, and then told us how strangely Mr. Cutter had behaved before he went away."
/hpc_stor03/sjtu_home/chaolei.liu/data/tts/LibriTTS/train-clean-100/3699/19402/3699_19402_000034_000000.wav|My uncle Toby look'd earnestly towards his cottage and his bowling-green.
/hpc_stor03/sjtu_home/chaolei.liu/data/tts/LibriTTS/train-clean-100/6880/216547/6880_216547_000007_000000.wav|The following letter served as a preface to the first edition of this memoir:--
/hpc_stor03/sjtu_home/chaolei.liu/data/tts/LibriTTS/train-clean-100/4340/15220/4340_15220_000077_000001.wav|"We must have gone by them somewhere, for I don't see any one that way, and there isn't any other road to the circus, seems to me."""
/hpc_stor03/sjtu_home/chaolei.liu/data/tts/LibriTTS/train-clean-100/3879/174923/3879_174923_000034_000008.wav|An ineffable misery fell upon me and upon my wretched husband.
/hpc_stor03/sjtu_home/chaolei.liu/data/tts/LibriTTS/train-clean-100/6078/54013/6078_54013_000075_000000.wav|Not a Pin to Choose.
/hpc_stor03/sjtu_home/chaolei.liu/data/tts/LibriTTS/train-clean-100/3830/12531/3830_12531_000008_000001.wav|I had neither coat nor blanket. I wore a heavy woolen shirt, a slouch hat, and worn shoes; both hat and shoes gave ample ventilation.
/hpc_stor03/sjtu_home/chaolei.liu/data/tts/LibriTTS/train-clean-100/2436/2477/2436_2477_000031_000000.wav|"""Why do you look so furtive?"" she retorted."
/hpc_stor03/sjtu_home/chaolei.liu/data/tts/LibriTTS/train-clean-100/322/124146/322_124146_000029_000006.wav|Not that I have much pleasure, indeed, in talking to anybody.
/hpc_stor03/sjtu_home/chaolei.liu/data/tts/LibriTTS/train-clean-100/458/126290/458_126290_000005_000001.wav|She said to the mouse: 'You must do me a favour, and once more manage the house for a day alone.
/hpc_stor03/sjtu_home/chaolei.liu/data/tts/LibriTTS/train-clean-100/8797/294123/8797_294123_000009_000006.wav|Everywhere a toiling population was in evidence.
/hpc_stor03/sjtu_home/chaolei.liu/data/tts/LibriTTS/train-clean-100/7505/258958/7505_258958_000008_000006.wav|Even the birds and the beasts adjust their lives to it either by travel or by toil.
/hpc_stor03/sjtu_home/chaolei.liu/data/tts/LibriTTS/train-clean-100/2182/181173/2182_181173_000016_000000.wav|Mr. Hobbs blew his nose very loudly again.
/hpc_stor03/sjtu_home/chaolei.liu/data/tts/LibriTTS/train-clean-100/3440/171009/3440_171009_000043_000001.wav|"""I do believe he's just the crossest man alive!"
/hpc_stor03/sjtu_home/chaolei.liu/data/tts/LibriTTS/train-clean-100/3486/166446/3486_166446_000076_000000.wav|I saw Norhala draw herself up, sharply; stand listening and alert.
/hpc_stor03/sjtu_home/chaolei.liu/data/tts/LibriTTS/train-clean-100/1069/133699/1069_133699_000039_000001.wav|I see his face now, and his earnest absorbed look while I talked.
/hpc_stor03/sjtu_home/chaolei.liu/data/tts/LibriTTS/train-clean-100/4441/76263/4441_76263_000029_000000.wav|"""Poor devil!"" muttered Sellen, covering him up with his rug."
/hpc_stor03/sjtu_home/chaolei.liu/data/tts/LibriTTS/train-clean-100/1098/133695/1098_133695_000003_000008.wav|Isabel always felt an impulse to pull out the pins; not that she imagined they inflicted any damage on the tough old parchment, but because it seemed to her her aunt might make better use of her sharpness.
/hpc_stor03/sjtu_home/chaolei.liu/data/tts/LibriTTS/train-clean-100/4137/11702/4137_11702_000059_000001.wav|"Perhaps that bull I was speaking of---- By the way, who is he?"""
/hpc_stor03/sjtu_home/chaolei.liu/data/tts/LibriTTS/train-clean-100/8051/118101/8051_118101_000014_000007.wav|Stephen's parents were dead; one brother was the only near relative he left in chains.
/hpc_stor03/sjtu_home/chaolei.liu/data/tts/LibriTTS/train-clean-100/233/155990/233_155990_000003_000001.wav|During our generation this seems to have been peculiarly the case among the men who have become obsessed with the idea of obtaining universal peace by some cheap patent panacea.
/hpc_stor03/sjtu_home/chaolei.liu/data/tts/LibriTTS/train-clean-100/78/369/78_369_000028_000004.wav|The only joy that he can now know will be when he composes his shattered spirit to peace and death.
/hpc_stor03/sjtu_home/chaolei.liu/data/tts/LibriTTS/train-clean-100/6147/34606/6147_34606_000004_000018.wav|Lord David flung himself into the abyss of no longer wearing a wig.
/hpc_stor03/sjtu_home/chaolei.liu/data/tts/LibriTTS/train-clean-100/1040/133433/1040_133433_000145_000000.wav|"""Yes, and the little girl in the bed is my baby."""
/hpc_stor03/sjtu_home/chaolei.liu/data/tts/LibriTTS/train-clean-100/1624/168623/1624_168623_000024_000000.wav|What takes place within these souls when they have but just quitted God, find themselves thus, at the very dawn of life, very small and in the midst of men all naked!
/hpc_stor03/sjtu_home/chaolei.liu/data/tts/LibriTTS/train-clean-100/426/122821/426_122821_000011_000001.wav|I couldn't get the older ones to do so, but the third class answered quite freely.
/hpc_stor03/sjtu_home/chaolei.liu/data/tts/LibriTTS/train-clean-100/1246/135815/1246_135815_000017_000004.wav|There were one or two other little rooms, and there were two branch tunnels leading up to the surface of the ground, making side or back doorways.
/hpc_stor03/sjtu_home/chaolei.liu/data/tts/LibriTTS/train-clean-100/7226/86964/7226_86964_000010_000001.wav|Here, the high banks had receded, with several miles of heavily wooded, boggy bottoms intervening.
/hpc_stor03/sjtu_home/chaolei.liu/data/tts/LibriTTS/train-clean-100/8324/286682/8324_286682_000004_000003.wav|When they hunted on land, they could tell by smelling just which way to go for their food.
/hpc_stor03/sjtu_home/chaolei.liu/data/tts/LibriTTS/train-clean-100/2893/139322/2893_139322_000017_000002.wav|Here was the smell of tanning, and here the reek of a brewery, and here unprecedented reeks.
/hpc_stor03/sjtu_home/chaolei.liu/data/tts/LibriTTS/train-clean-100/5514/19193/5514_19193_000018_000002.wav|The four cannons echoed each other mournfully.
/hpc_stor03/sjtu_home/chaolei.liu/data/tts/LibriTTS/train-clean-100/1578/140045/1578_140045_000037_000001.wav|"""I don't see what makes you do it."
/hpc_stor03/sjtu_home/chaolei.liu/data/tts/LibriTTS/train-clean-100/4214/7146/4214_7146_000056_000000.wav|Marilla had changed her mind about it being all right by the time she got back from Orchard Slope.
/hpc_stor03/sjtu_home/chaolei.liu/data/tts/LibriTTS/train-clean-100/3982/178459/3982_178459_000013_000002.wav|"""I can be glad of one thing, though it's selfish."
/hpc_stor03/sjtu_home/chaolei.liu/data/tts/LibriTTS/train-clean-100/2007/132570/2007_132570_000043_000004.wav|This night--this very night'--
/hpc_stor03/sjtu_home/chaolei.liu/data/tts/LibriTTS/train-clean-100/8975/270782/8975_270782_000004_000001.wav|I trust this will be true, but this work has not, up to the present time, been undertaken.
/hpc_stor03/sjtu_home/chaolei.liu/data/tts/LibriTTS/train-clean-100/4830/25904/4830_25904_000013_000001.wav|I rather like snakes, since I had a tame green one, who lived under the door-step, and would come out and play with me on sunny days.
/hpc_stor03/sjtu_home/chaolei.liu/data/tts/LibriTTS/train-clean-100/311/124404/311_124404_000003_000000.wav|From the description of inanimate bodies and plants, I passed to animals, and particularly to man.
/hpc_stor03/sjtu_home/chaolei.liu/data/tts/LibriTTS/train-clean-100/2952/408/2952_408_000010_000007.wav|Then it went away, as mysteriously as it had come.
/hpc_stor03/sjtu_home/chaolei.liu/data/tts/LibriTTS/train-clean-100/5049/25947/5049_25947_000018_000006.wav|"When we gathered up the corners of his blanket and lifted him, he tried to sit upright, and cried out, ""You're taking me to the front, aren't you?"
/hpc_stor03/sjtu_home/chaolei.liu/data/tts/LibriTTS/train-clean-100/8425/292520/8425_292520_000034_000000.wav|A silver web has the moon spun, A silver web upon all the sky, Where the frail stars quiver, every one Like tangled gnats that hum and die.
/hpc_stor03/sjtu_home/chaolei.liu/data/tts/LibriTTS/train-clean-100/6454/107462/6454_107462_000008_000003.wav|It was the plan which made him ultimately describe himself as a humorist.
/hpc_stor03/sjtu_home/chaolei.liu/data/tts/LibriTTS/train-clean-100/4813/248638/4813_248638_000006_000004.wav|But modern Milton is something more than this, as old Milton was something more than this.
/hpc_stor03/sjtu_home/chaolei.liu/data/tts/LibriTTS/train-clean-100/2002/139469/2002_139469_000005_000002.wav|The clouds become thin; an arch is formed for ever rising upwards, till, the universal cope being unveiled, the sun pours forth its rays, re-animated and fed by the breeze.
/hpc_stor03/sjtu_home/chaolei.liu/data/tts/LibriTTS/train-clean-100/1081/128618/1081_128618_000024_000003.wav|Cook together four tablespoonfuls of butter and two of flour.
/hpc_stor03/sjtu_home/chaolei.liu/data/tts/LibriTTS/train-clean-100/8465/246942/8465_246942_000004_000006.wav|Strange it is and true that in publicity itself lies some relief from the gnawing of the worm--as if even a cursing humanity were a barrier of protection between the torn soul and its crime.
/hpc_stor03/sjtu_home/chaolei.liu/data/tts/LibriTTS/train-clean-100/2092/145706/2092_145706_000046_000000.wav|The eldest answered quickly, 'Let him drive all the wolves of the kingdom on to this hill before to-morrow night.
/hpc_stor03/sjtu_home/chaolei.liu/data/tts/LibriTTS/train-clean-100/1963/142393/1963_142393_000018_000000.wav|And they walked on so in silence, while the warm tears fell.
/hpc_stor03/sjtu_home/chaolei.liu/data/tts/LibriTTS/train-clean-100/1737/148989/1737_148989_000020_000002.wav|I must get over this first.
/hpc_stor03/sjtu_home/chaolei.liu/data/tts/LibriTTS/train-clean-100/1455/138263/1455_138263_000052_000001.wav|Barbicane sought to restrain them.
/hpc_stor03/sjtu_home/chaolei.liu/data/tts/LibriTTS/train-clean-100/911/128684/911_128684_000025_000000.wav|Our body itself is the palmary instance of the ambiguous.
/hpc_stor03/sjtu_home/chaolei.liu/data/tts/LibriTTS/train-clean-100/3857/182317/3857_182317_000007_000004.wav|Wiser even than the lion, or the wisest of apes, his wisdom furthermore was benign where theirs was sinister. Consider his dignity, his poise and skill.
/hpc_stor03/sjtu_home/chaolei.liu/data/tts/LibriTTS/train-clean-100/1116/137572/1116_137572_000016_000000.wav|Because it is part of the traditional feminine character to enjoy giving in to the man, this tendency must be scrutinized when it appears.
/hpc_stor03/sjtu_home/chaolei.liu/data/tts/LibriTTS/train-clean-100/8838/298545/8838_298545_000009_000000.wav|"""I am afraid that my duties call me elsewhere, Mr. Montgomery."""
/hpc_stor03/sjtu_home/chaolei.liu/data/tts/LibriTTS/train-clean-100/4397/15678/4397_15678_000002_000003.wav|Their clothing is full of rosin and never wears out.
/hpc_stor03/sjtu_home/chaolei.liu/data/tts/LibriTTS/train-clean-100/730/358/730_358_000001_000005.wav|This was the forest near Ingolstadt; and here I lay by the side of a brook resting from my fatigue, until I felt tormented by hunger and thirst.
/hpc_stor03/sjtu_home/chaolei.liu/data/tts/LibriTTS/train-clean-100/3168/173564/3168_173564_000023_000001.wav|The small lamp in front of the icons was the only light left in the room.
/hpc_stor03/sjtu_home/chaolei.liu/data/tts/LibriTTS/train-clean-100/2910/131096/2910_131096_000017_000000.wav|This reasoning somewhat quieted Psyche for a time, and while the novelty lasted she felt quite happy.
/hpc_stor03/sjtu_home/chaolei.liu/data/tts/LibriTTS/train-clean-100/298/126791/298_126791_000039_000000.wav|"""You now have the fruits of rebellion brought home to you; a brother wounded and a prisoner, and perhaps a victim; your father distressed, his privacy interrupted, and not improbably his estates torn from him, on account of his loyalty to his king."""
/hpc_stor03/sjtu_home/chaolei.liu/data/tts/LibriTTS/train-clean-100/2911/15045/2911_15045_000005_000004.wav|Fear, too, drove, them eastward; for the Iroquois pursued them with an inveterate enmity.
/hpc_stor03/sjtu_home/chaolei.liu/data/tts/LibriTTS/train-clean-100/7780/274562/7780_274562_000006_000003.wav|He comprehended, moreover, the true character, the august aims, the supreme majesty and dignity of the poetic sentiment.
/hpc_stor03/sjtu_home/chaolei.liu/data/tts/LibriTTS/train-clean-100/1867/154075/1867_154075_000039_000000.wav|"""Are you staying long in the East, my friend?"""
/hpc_stor03/sjtu_home/chaolei.liu/data/tts/LibriTTS/train-clean-100/839/130898/839_130898_000042_000000.wav|Would Captain Nemo head up north and beach us on the British Isles? No. Much to my surprise, he went back down south and returned to European seas.
/hpc_stor03/sjtu_home/chaolei.liu/data/tts/LibriTTS/train-clean-100/5390/30096/5390_30096_000058_000000.wav|"""Perhaps so; at an expense that will add to your loss."""
/hpc_stor03/sjtu_home/chaolei.liu/data/tts/LibriTTS/train-clean-100/3526/176653/3526_176653_000071_000000.wav|That very point Hale was debating with himself as he unavailingly cast his minnow into the swift water and slowly wound it in again.
/hpc_stor03/sjtu_home/chaolei.liu/data/tts/LibriTTS/train-clean-100/4014/186183/4014_186183_000038_000000.wav|Still going at maximum speed, and now on a straight line toward the American side, without seeking a further height, the Taube several times wavered, and, a moment later, almost turned over.
/hpc_stor03/sjtu_home/chaolei.liu/data/tts/LibriTTS/train-clean-100/5778/54535/5778_54535_000017_000008.wav|Mr. Ruskin had to pay the costs of the trial, which had mounted up to nineteen hundred dollars.
/hpc_stor03/sjtu_home/chaolei.liu/data/tts/LibriTTS/train-clean-100/2691/156745/2691_156745_000016_000002.wav|Sometimes home was where night overtook us.
/hpc_stor03/sjtu_home/chaolei.liu/data/tts/LibriTTS/train-clean-100/7511/102419/7511_102419_000009_000006.wav|We had our little home and father had his pension, and I was able to get a small school near us.
/hpc_stor03/sjtu_home/chaolei.liu/data/tts/LibriTTS/train-clean-100/5750/100289/5750_100289_000039_000006.wav|Or should we rather do intensive work among our people, looking especially toward their moral and social welfare?
/hpc_stor03/sjtu_home/chaolei.liu/data/tts/LibriTTS/train-clean-100/5163/18515/5163_18515_000046_000001.wav|"""And don't you ever do that again."" And the hand was withdrawn, and the girl clattered off as fast as she could run in her wooden shoes."
/hpc_stor03/sjtu_home/chaolei.liu/data/tts/LibriTTS/train-clean-100/4481/17498/4481_17498_000024_000001.wav|"Tell us of them, sir, and we'll prove the Major utterly wrong."""
/hpc_stor03/sjtu_home/chaolei.liu/data/tts/LibriTTS/train-clean-100/8629/261139/8629_261139_000037_000003.wav|Don't stain yours--don't--'
/hpc_stor03/sjtu_home/chaolei.liu/data/tts/LibriTTS/train-clean-100/6529/62556/6529_62556_000005_000000.wav|"""They have killed him!"" he cried."
/hpc_stor03/sjtu_home/chaolei.liu/data/tts/LibriTTS/train-clean-100/5104/33406/5104_33406_000021_000000.wav|"""Is it so?"" Eric cried, leaping up."
/hpc_stor03/sjtu_home/chaolei.liu/data/tts/LibriTTS/train-clean-100/198/209/198_209_000019_000002.wav|Stout, active--looks as young as his son.
/hpc_stor03/sjtu_home/chaolei.liu/data/tts/LibriTTS/train-clean-100/3112/9554/3112_9554_000006_000002.wav|But he never spoke willingly on hunting matters.
/hpc_stor03/sjtu_home/chaolei.liu/data/tts/LibriTTS/train-clean-100/8770/295465/8770_295465_000036_000001.wav|"They have killed my Papa-day!"""
/hpc_stor03/sjtu_home/chaolei.liu/data/tts/LibriTTS/train-clean-100/4195/186236/4195_186236_000028_000001.wav|"Stay at Elmhurst, and you shall always be welcome."""
/hpc_stor03/sjtu_home/chaolei.liu/data/tts/LibriTTS/train-clean-100/2289/152254/2289_152254_000004_000000.wav|Boniface believed this story, and he refused to return to Rome. He also sent a letter to Genseric, inviting him to come to Africa with an army.
/hpc_stor03/sjtu_home/chaolei.liu/data/tts/LibriTTS/train-clean-100/1363/139304/1363_139304_000007_000006.wav|He felt the featureless misery of one who wakes towards the hour of dawn.
/hpc_stor03/sjtu_home/chaolei.liu/data/tts/LibriTTS/train-clean-100/7190/90542/7190_90542_000068_000001.wav|"""We'll use what cover we can."""
/hpc_stor03/sjtu_home/chaolei.liu/data/tts/LibriTTS/train-clean-100/5393/19219/5393_19219_000015_000009.wav|Their unhappiness formed a halo round their happiness. The long agony of their love was terminating in an ascension.
/hpc_stor03/sjtu_home/chaolei.liu/data/tts/LibriTTS/train-clean-100/2159/179154/2159_179154_000019_000003.wav|In doing this, he set his coat on fire, when he trampled it under foot.
/hpc_stor03/sjtu_home/chaolei.liu/data/tts/LibriTTS/train-clean-100/1088/134315/1088_134315_000112_000003.wav|She returned the papers to the drawer, pushed it to and locked it.
/hpc_stor03/sjtu_home/chaolei.liu/data/tts/LibriTTS/train-clean-100/150/126107/150_126107_000033_000000.wav|The princess did not appear to understand him, for she retorted his question:--
/hpc_stor03/sjtu_home/chaolei.liu/data/tts/LibriTTS/train-clean-100/8108/280354/8108_280354_000003_000003.wav|To the sound of his lyre the Argo had floated down to the sea, and he played so sweetly when they passed the rocks of the Sirens that the dreadful monsters sang their most alluring strains in vain.
/hpc_stor03/sjtu_home/chaolei.liu/data/tts/LibriTTS/train-clean-100/6836/61803/6836_61803_000003_000000.wav|After its second involuntary recess--less prolonged than the first--the Court has once more resumed its functions under the great evergreen oak.
/hpc_stor03/sjtu_home/chaolei.liu/data/tts/LibriTTS/train-clean-100/5703/47198/5703_47198_000063_000001.wav|"""They'll be local men, I have nae doubt."
/hpc_stor03/sjtu_home/chaolei.liu/data/tts/LibriTTS/train-clean-100/5022/29411/5022_29411_000058_000014.wav|As I turned suddenly, a living breath played on my face.
/hpc_stor03/sjtu_home/chaolei.liu/data/tts/LibriTTS/train-clean-100/332/128985/332_128985_000004_000004.wav|This story, however, I regard with a great deal of doubt; it has been told of Saladin and many other wicked and famous men, but I do not believe it is an easy thing to frighten a child into going to sleep.
/hpc_stor03/sjtu_home/chaolei.liu/data/tts/LibriTTS/train-clean-100/587/41619/587_41619_000028_000001.wav|"""What do you suppose she's up to now?"""
/hpc_stor03/sjtu_home/chaolei.liu/data/tts/LibriTTS/train-clean-100/163/122947/163_122947_000016_000003.wav|But let us not be afraid!
/hpc_stor03/sjtu_home/chaolei.liu/data/tts/LibriTTS/train-clean-100/8095/274346/8095_274346_000039_000000.wav|The ill humor of the commons, thus wantonly irritated by the court, and finding no gratification in the legal impeachment of Buckingham, sought other objects on which it might exert itself.
/hpc_stor03/sjtu_home/chaolei.liu/data/tts/LibriTTS/train-clean-100/8014/112602/8014_112602_000008_000000.wav|The ancient Irish loved bright colours.
/hpc_stor03/sjtu_home/chaolei.liu/data/tts/LibriTTS/train-clean-100/200/126784/200_126784_000054_000001.wav|"When treason reaches the grade of general officers, Captain Wharton, it behooves the friends of liberty to be vigilant."""
/hpc_stor03/sjtu_home/chaolei.liu/data/tts/LibriTTS/train-clean-100/8609/262281/8609_262281_000020_000000.wav|"""Then why do you wish so much to attend this one?"""
/hpc_stor03/sjtu_home/chaolei.liu/data/tts/LibriTTS/train-clean-100/7794/295948/7794_295948_000010_000007.wav|Yet I would not get this money by violent or unlawful means; I only think of what might be if I had it.
/hpc_stor03/sjtu_home/chaolei.liu/data/tts/LibriTTS/train-clean-100/1183/124566/1183_124566_000049_000000.wav|The Master said, Neglect of the omens, that is all.
/hpc_stor03/sjtu_home/chaolei.liu/data/tts/LibriTTS/train-clean-100/1263/141777/1263_141777_000013_000002.wav|He hoped they did not willingly venture out of the trees where the leaves were their protection.
/hpc_stor03/sjtu_home/chaolei.liu/data/tts/LibriTTS/train-clean-100/4297/13006/4297_13006_000023_000001.wav|But I should have wished to accept him.
/hpc_stor03/sjtu_home/chaolei.liu/data/tts/LibriTTS/train-clean-100/2196/170151/2196_170151_000004_000002.wav|These observations were then carefully collated, systematized and tabulated, and discoveries were made as to the course of ocean currents that otherwise would have been impossible.
/hpc_stor03/sjtu_home/chaolei.liu/data/tts/LibriTTS/train-clean-100/3607/29116/3607_29116_000016_000001.wav|"But you know that I wouldn't touch this bill if it were not for the public good, and for the good of the colored race; much as I am interested in the heirs of this property, and would like to have them succeed."""
/hpc_stor03/sjtu_home/chaolei.liu/data/tts/LibriTTS/train-clean-100/8312/279790/8312_279790_000027_000000.wav|"""I have been wickedly deceived!"" cried the king; ""come, my winged frogs, we will depart immediately."""
/hpc_stor03/sjtu_home/chaolei.liu/data/tts/LibriTTS/train-clean-100/125/121124/125_121124_000028_000003.wav|Do you know, count, that persons of our time of life--not that you belong to the class, you are still a young man,--but as I was saying, persons of our time of life have been very unfortunate this year.
/hpc_stor03/sjtu_home/chaolei.liu/data/tts/LibriTTS/train-clean-100/2989/138035/2989_138035_000052_000001.wav|All then mingled together, forming chains and breaking off again with graceful, unconstrained gaiety; and whenever Love passed in front of the castle he shot his arrows up at it, while Interest broke gilded pellets against it.
/hpc_stor03/sjtu_home/chaolei.liu/data/tts/LibriTTS/train-clean-100/1553/140048/1553_140048_000032_000001.wav|"""I can see that they ought to have it if they want it, and especially if you want them to have it."
/hpc_stor03/sjtu_home/chaolei.liu/data/tts/LibriTTS/train-clean-100/1447/17506/1447_17506_000032_000002.wav|The name of Ferralti was no place in the record.
/hpc_stor03/sjtu_home/chaolei.liu/data/tts/LibriTTS/train-clean-100/7367/86737/7367_86737_000121_000002.wav|These exploits had gained Luigi considerable reputation.
/hpc_stor03/sjtu_home/chaolei.liu/data/tts/LibriTTS/train-clean-100/5463/39174/5463_39174_000007_000000.wav|"""Oh, yes; there is nothing here but this young gentleman's library,"" said Lucy, moving a pile of ragged, coverless books on to the table. ""I hope he'll forgive me for moving them."""
/hpc_stor03/sjtu_home/chaolei.liu/data/tts/LibriTTS/train-clean-100/201/122255/201_122255_000025_000001.wav|"""Big words ne'er killed so much as a mouse. Who art thou that talkest so freely of cracking the head of Arthur a Bland?"
/hpc_stor03/sjtu_home/chaolei.liu/data/tts/LibriTTS/train-clean-100/6476/57446/6476_57446_000004_000000.wav|Genzaburo thought this rather strange; but, looking at the man attentively, recognized him as a retainer whom he had had in his employ the year before, and said--
/hpc_stor03/sjtu_home/chaolei.liu/data/tts/LibriTTS/train-clean-100/7148/82991/7148_82991_000036_000000.wav|Awed by Mark's determined manner, the bystanders kept aloof.
/hpc_stor03/sjtu_home/chaolei.liu/data/tts/LibriTTS/train-clean-100/254/27760/254_27760_000022_000000.wav|Vanka folded his sheet of paper in four, and put it into an envelope purchased the night before for a kopek.
/hpc_stor03/sjtu_home/chaolei.liu/data/tts/LibriTTS/train-clean-100/2518/154826/2518_154826_000031_000003.wav|Then from the bottom of this shaft there spread out narrow passages or tunnels, mostly six feet high, but sometimes only three or four, and in these the marble is dug.
/hpc_stor03/sjtu_home/chaolei.liu/data/tts/LibriTTS/train-clean-100/5789/57195/5789_57195_000008_000002.wav|She was not excellent herself at the writing of letters, and therefore she got Dolly to be the scribe.
/hpc_stor03/sjtu_home/chaolei.liu/data/tts/LibriTTS/train-clean-100/4406/16883/4406_16883_000005_000000.wav|But instead of going either to Albany or homeward, we must go five miles up the river, and then go over it.
/hpc_stor03/sjtu_home/chaolei.liu/data/tts/LibriTTS/train-clean-100/32/21631/32_21631_000016_000001.wav|"An enjoyable time was had by all--except the pig."""
/hpc_stor03/sjtu_home/chaolei.liu/data/tts/LibriTTS/train-clean-100/4859/26870/4859_26870_000021_000000.wav|"""What?"" asked Countess Mary, surprised."
/hpc_stor03/sjtu_home/chaolei.liu/data/tts/LibriTTS/train-clean-100/1743/142913/1743_142913_000034_000000.wav|Jenny Wren's eyes twinkled, and she laughed softly.
/hpc_stor03/sjtu_home/chaolei.liu/data/tts/LibriTTS/train-clean-100/446/123501/446_123501_000018_000001.wav|How can earthly words describe it!
/hpc_stor03/sjtu_home/chaolei.liu/data/tts/LibriTTS/train-clean-100/831/130746/831_130746_000071_000002.wav|The mute emotion of his face affected her strangely. She had to speak.
/hpc_stor03/sjtu_home/chaolei.liu/data/tts/LibriTTS/train-clean-100/909/131045/909_131045_000011_000000.wav|Another ill effect of the exclusion would be the temptation to sordid views, to peculation, and, in some instances, to usurpation.
/hpc_stor03/sjtu_home/chaolei.liu/data/tts/LibriTTS/train-clean-100/4853/29413/4853_29413_000015_000001.wav|"If I hadn't kept my temper, I might have killed him."""
/hpc_stor03/sjtu_home/chaolei.liu/data/tts/LibriTTS/train-clean-100/26/495/26_495_000039_000000.wav|Till this week the city continued free, there having never any died, except that one Frenchman whom I mentioned before, within the whole ninety-seven parishes.
/hpc_stor03/sjtu_home/chaolei.liu/data/tts/LibriTTS/train-clean-100/6209/34601/6209_34601_000104_000003.wav|He replaced the pot on the stove, took the phial, uncorked it, poured into it all the milk that remained, which was just sufficient to fill it, replaced the sponge and the linen rag over it, and tied it round the neck of the bottle.
/hpc_stor03/sjtu_home/chaolei.liu/data/tts/LibriTTS/train-clean-100/302/123523/302_123523_000002_000000.wav|As the great gate where I stood swung open my fifty Tharks, headed by Tars Tarkas himself, rode in upon their mighty thoats.
/hpc_stor03/sjtu_home/chaolei.liu/data/tts/LibriTTS/train-clean-100/669/129061/669_129061_000020_000000.wav|"""I will, upon my honour,"" the Baronet said."
/hpc_stor03/sjtu_home/chaolei.liu/data/tts/LibriTTS/train-clean-100/5867/48852/5867_48852_000085_000000.wav|It was not only of his late disappointment that he was thinking, but of his whole past life.
/hpc_stor03/sjtu_home/chaolei.liu/data/tts/LibriTTS/train-clean-100/7278/91083/7278_91083_000023_000000.wav|"One could linger here for days, but we must see the lovely country-seat called ""Wootton,"" some distance out from the city."
/hpc_stor03/sjtu_home/chaolei.liu/data/tts/LibriTTS/train-clean-100/211/122442/211_122442_000082_000000.wav|"""She gave it to me herself."""
/hpc_stor03/sjtu_home/chaolei.liu/data/tts/LibriTTS/train-clean-100/229/130880/229_130880_000014_000000.wav|"""Yet it strikes me that diving suits like yours could perform yeoman service in such work."""
/hpc_stor03/sjtu_home/chaolei.liu/data/tts/LibriTTS/train-clean-100/5561/41615/5561_41615_000064_000001.wav|"""Your silence indicates that you are still insubordinate."
/hpc_stor03/sjtu_home/chaolei.liu/data/tts/LibriTTS/train-clean-100/7059/88364/7059_88364_000011_000001.wav|Both have a genius for gardens and dancing and carnival.
/hpc_stor03/sjtu_home/chaolei.liu/data/tts/LibriTTS/train-clean-100/625/132112/625_132112_000004_000009.wav|"If you don't look up you can't get up,'"" remarks Jackson, philosophically. And he's gotten up."
/hpc_stor03/sjtu_home/chaolei.liu/data/tts/LibriTTS/train-clean-100/226/122538/226_122538_000022_000003.wav|Coffee at a moment's notice should fetch a fancy price.
/hpc_stor03/sjtu_home/chaolei.liu/data/tts/LibriTTS/train-clean-100/3235/11599/3235_11599_000013_000001.wav|Perhaps the easiest way out of the difficulty is to admit that both may be true--but in different compositions.
/hpc_stor03/sjtu_home/chaolei.liu/data/tts/LibriTTS/train-clean-100/89/219/89_219_000000_000003.wav|This was the only comfort that occurred.
/hpc_stor03/sjtu_home/chaolei.liu/data/tts/LibriTTS/train-clean-100/3983/5331/3983_5331_000041_000004.wav|Can you devise any plan?
/hpc_stor03/sjtu_home/chaolei.liu/data/tts/LibriTTS/train-clean-100/2416/152139/2416_152139_000066_000003.wav|You were even generous in the amount you deprived yourself of out of the hundred thousand dollars--for less would have been enough.
/hpc_stor03/sjtu_home/chaolei.liu/data/tts/LibriTTS/train-clean-100/8419/293469/8419_293469_000009_000003.wav|I got close up to them both, and saw strange, big creatures going in and out of the red thing--the barn, as I afterward found it was called.
/hpc_stor03/sjtu_home/chaolei.liu/data/tts/LibriTTS/train-clean-100/5322/7680/5322_7680_000039_000000.wav|'I am a cadet, but have been recommended for a commission.'
/hpc_stor03/sjtu_home/chaolei.liu/data/tts/LibriTTS/train-clean-100/7635/105409/7635_105409_000004_000001.wav|She felt, more than she heard, the men on the watch preparing for the fight.
/hpc_stor03/sjtu_home/chaolei.liu/data/tts/LibriTTS/train-clean-100/4160/14187/4160_14187_000047_000003.wav|You remember I said that four hypotheses were possible: that the robbery was committed either by Reuben, by Walter, by John Hornby, or by some other person.
/hpc_stor03/sjtu_home/chaolei.liu/data/tts/LibriTTS/train-clean-100/8088/284756/8088_284756_000016_000001.wav|Before I could leap from the car, the broad front door, with its rounded top and circular, grilled window, was flung wide, and Mercer came running to meet me.
/hpc_stor03/sjtu_home/chaolei.liu/data/tts/LibriTTS/train-clean-100/4018/103416/4018_103416_000009_000001.wav|The Hayden house was a general rendezvous.
/hpc_stor03/sjtu_home/chaolei.liu/data/tts/LibriTTS/train-clean-100/3947/13262/3947_13262_000019_000000.wav|Rollin was relieved when Rachel spoke.
/hpc_stor03/sjtu_home/chaolei.liu/data/tts/LibriTTS/train-clean-100/1502/122619/1502_122619_000015_000000.wav|"""It is so; but they are now bright and dull; for the Yengeese are dead, and the Delawares are our neighbors."""
/hpc_stor03/sjtu_home/chaolei.liu/data/tts/LibriTTS/train-clean-100/7113/86041/7113_86041_000005_000000.wav|At last, when they were quite weary, the princess cried out suddenly that nothing would content her but to bathe in the marble pool, which certainly did look very inviting; and they all went gaily to this new amusement.
/hpc_stor03/sjtu_home/chaolei.liu/data/tts/LibriTTS/train-clean-100/405/130895/405_130895_000035_000001.wav|This forecast fair weather. And so it proved.
/hpc_stor03/sjtu_home/chaolei.liu/data/tts/LibriTTS/train-clean-100/7402/59171/7402_59171_000020_000004.wav|He has brought them all into a Palace of Truth, where they have revealed themselves with an unaccustomed and startling frankness.
/hpc_stor03/sjtu_home/chaolei.liu/data/tts/LibriTTS/train-clean-100/696/93314/696_93314_000044_000001.wav|He saw how the light of life that his lying lips had blown out was not to be rekindled by his or any man's breath.
/hpc_stor03/sjtu_home/chaolei.liu/data/tts/LibriTTS/train-clean-100/7264/92314/7264_92314_000007_000000.wav|Is not everything which the regime desires to be suppressed, suppressed?
/hpc_stor03/sjtu_home/chaolei.liu/data/tts/LibriTTS/train-clean-100/39/121916/39_121916_000015_000005.wav|Ours are all apple-tarts.
/hpc_stor03/sjtu_home/chaolei.liu/data/tts/LibriTTS/train-clean-100/7078/271888/7078_271888_000118_000001.wav|It was evident that he meant to secure it at any cost, therefore the price was soon arranged; and before we had been there half an hour, my companion had a cheque for four figures in his pocket.
/hpc_stor03/sjtu_home/chaolei.liu/data/tts/LibriTTS/train-clean-100/40/121026/40_121026_000060_000001.wav|"And what was this man's name?"""
/hpc_stor03/sjtu_home/chaolei.liu/data/tts/LibriTTS/train-clean-100/3807/4923/3807_4923_000028_000002.wav|"What do they mean to do next?"""
/hpc_stor03/sjtu_home/chaolei.liu/data/tts/LibriTTS/train-clean-100/7067/76048/7067_76048_000067_000000.wav|Her eyes went back to the long, low, undulating skyline of the downs. She spoke as though she took up the thread of some controversy that had played a large part in her life.
/hpc_stor03/sjtu_home/chaolei.liu/data/tts/LibriTTS/train-clean-100/1841/159771/1841_159771_000014_000002.wav|"But no Meadow Mouse will ever venture out of doors if you're going to whistle."""
/hpc_stor03/sjtu_home/chaolei.liu/data/tts/LibriTTS/train-clean-100/5192/19396/5192_19396_000026_000000.wav|--The duce take it! said my uncle Toby.
/hpc_stor03/sjtu_home/chaolei.liu/data/tts/LibriTTS/train-clean-100/5339/14134/5339_14134_000092_000002.wav|Not a sound heard. 'Sylvie!' (a little louder, and less hoarsely spoken).
/hpc_stor03/sjtu_home/chaolei.liu/data/tts/LibriTTS/train-clean-100/3240/131232/3240_131232_000079_000001.wav|We'll be persecuted for it.
/hpc_stor03/sjtu_home/chaolei.liu/data/tts/LibriTTS/train-clean-100/2391/145015/2391_145015_000038_000000.wav|As an illustration of the purposes which a patten was intended to serve, I add the following epigram, written by Jane Austen's uncle, Mr. Leigh Perrot, on reading in a newspaper the marriage of Captain Foote to Miss Patten:--
/hpc_stor03/sjtu_home/chaolei.liu/data/tts/LibriTTS/train-clean-100/6848/252322/6848_252322_000044_000000.wav|"""What could I do, sir?"" was the answer; ""it was this fellow or nothing."""
/hpc_stor03/sjtu_home/chaolei.liu/data/tts/LibriTTS/train-clean-100/8630/305213/8630_305213_000009_000002.wav|The custom was abolished not long after on account of the abuses which had arisen, but Monica observed it to the end.
/hpc_stor03/sjtu_home/chaolei.liu/data/tts/LibriTTS/train-clean-100/5808/54425/5808_54425_000010_000003.wav|He went back to the work he had neglected, drank moderately, and acted in most things as a sound, sensible being.
/hpc_stor03/sjtu_home/chaolei.liu/data/tts/LibriTTS/train-clean-100/2843/152918/2843_152918_000027_000002.wav|Some were sharp, but most were long and rounded.
/hpc_stor03/sjtu_home/chaolei.liu/data/tts/LibriTTS/train-clean-100/60/121082/60_121082_000015_000001.wav|"""Let me at least reach a shady spot,"" said Andrea."
/hpc_stor03/sjtu_home/chaolei.liu/data/tts/LibriTTS/train-clean-100/8747/293952/8747_293952_000022_000000.wav|"""It is just as well he did die, though."""
/hpc_stor03/sjtu_home/chaolei.liu/data/tts/LibriTTS/train-clean-100/6531/61334/6531_61334_000055_000002.wav|He found it more profitable, indeed, to extend his territories into Asia Minor.
/hpc_stor03/sjtu_home/chaolei.liu/data/tts/LibriTTS/train-clean-100/6272/70171/6272_70171_000007_000001.wav|"""What a contrast!"" I said."
/hpc_stor03/sjtu_home/chaolei.liu/data/tts/LibriTTS/train-clean-100/87/121553/87_121553_000184_000000.wav|Florence, within the ancient boundary From which she taketh still her tierce and nones, Abode in quiet, temperate and chaste.
/hpc_stor03/sjtu_home/chaolei.liu/data/tts/LibriTTS/train-clean-100/6415/116629/6415_116629_000004_000000.wav|"""Look out, Blasi, you are losing something,"" she cried."
/hpc_stor03/sjtu_home/chaolei.liu/data/tts/LibriTTS/train-clean-100/4640/19188/4640_19188_000039_000000.wav|There were only four uniforms.
/hpc_stor03/sjtu_home/chaolei.liu/data/tts/LibriTTS/train-clean-100/83/9960/83_9960_000085_000000.wav|"""Without cutting that man's throat?"" asked, the Thenardier woman."
/hpc_stor03/sjtu_home/chaolei.liu/data/tts/LibriTTS/train-clean-100/3436/172162/3436_172162_000016_000001.wav|Consulting his ring, and finding that this was an enchantment, he burst his chains, seized his armor in spite of the visionary monsters who attempted to defend it, broke open the gates of the tower, and continued his journey.
/hpc_stor03/sjtu_home/chaolei.liu/data/tts/LibriTTS/train-clean-100/6064/56168/6064_56168_000032_000000.wav|"""I never said that Harvard was my side,"" interrupted Belle, ""didn't I tell you that I have a cousin on the Princeton team."""
/hpc_stor03/sjtu_home/chaolei.liu/data/tts/LibriTTS/train-clean-100/6563/285357/6563_285357_000011_000000.wav|This blind child-like faith has been responsible for the establishment and development of the Zeppelin factories.
/hpc_stor03/sjtu_home/chaolei.liu/data/tts/LibriTTS/train-clean-100/196/122150/196_122150_000003_000003.wav|The fear grows shadowy; and Imagination, the enemy of men, the father of all terrors, unstimulated, sinks to rest in the dullness of exhausted emotion.
/hpc_stor03/sjtu_home/chaolei.liu/data/tts/LibriTTS/train-clean-100/1594/135914/1594_135914_000010_000000.wav|"The caliph was not displeased with Fetnah for the freedom of these words; ""But may I,"" said he, ""rely on the assurance you give me of Ganem's virtue?"" ""Yes,"" replied Fetnah, ""you may."
/hpc_stor03/sjtu_home/chaolei.liu/data/tts/LibriTTS/train-clean-100/5456/24741/5456_24741_000013_000007.wav|Further, to retain the usual phraseology, the modifications of the human body, of which the ideas represent external bodies as present to us, we will call the images of things, though they do not recall the figure of things.
/hpc_stor03/sjtu_home/chaolei.liu/data/tts/LibriTTS/train-clean-100/307/127535/307_127535_000026_000000.wav|"""Oh,"" replied George, ""you don't be under no kind of apprehension; WE'RE all square, we are."
/hpc_stor03/sjtu_home/chaolei.liu/data/tts/LibriTTS/train-clean-100/6081/41998/6081_41998_000030_000001.wav|Suddenly I noticed that one of them turned as white as his shirt; and calling the attention of his companions to one of the unknown victims, he whispered: 'Gustave!'
/hpc_stor03/sjtu_home/chaolei.liu/data/tts/LibriTTS/train-clean-100/6000/55211/6000_55211_000002_000000.wav|"""Oh, good morning, Uncle William,"" she called, in answer to the masculine voice that replied to her ""Hullo."""
/hpc_stor03/sjtu_home/chaolei.liu/data/tts/LibriTTS/train-clean-100/6925/80680/6925_80680_000010_000000.wav|'Nonsense!' snapped the queen.
/hpc_stor03/sjtu_home/chaolei.liu/data/tts/LibriTTS/train-clean-100/8123/275193/8123_275193_000008_000005.wav|He attached himself to each individual of the ship.
/hpc_stor03/sjtu_home/chaolei.liu/data/tts/LibriTTS/train-clean-100/5652/39938/5652_39938_000015_000004.wav|This relativity of the mental reaction on the demands of life must always be in the foreground of the psychotherapeutic regime.
/hpc_stor03/sjtu_home/chaolei.liu/data/tts/LibriTTS/train-clean-100/1034/121119/1034_121119_000064_000011.wav|No, madame, they struck me, always struck me!
/hpc_stor03/sjtu_home/chaolei.liu/data/tts/LibriTTS/train-clean-100/6385/34669/6385_34669_000023_000007.wav|A gangway was thrown, like a Chinese bridge, from one deck to the other, over the centre of the hold.
/hpc_stor03/sjtu_home/chaolei.liu/data/tts/LibriTTS/train-clean-100/6019/3185/6019_3185_000016_000001.wav|And, when once that consummation was attained, I, that previously had breathed no syllable of what was stirring, now gave loose to the interesting tidings, and suffered them to spread through the whole compass of the town.
/hpc_stor03/sjtu_home/chaolei.liu/data/tts/LibriTTS/train-clean-100/1235/135884/1235_135884_000005_000000.wav|At my return, I enquired for the mother and child.
/hpc_stor03/sjtu_home/chaolei.liu/data/tts/LibriTTS/train-clean-100/4680/16042/4680_16042_000007_000001.wav|All this was ten fathoms distant from him.
/hpc_stor03/sjtu_home/chaolei.liu/data/tts/LibriTTS/train-clean-100/250/142276/250_142276_000007_000003.wav|But the cloud never comes in that quarter of the horizon from which we watch for it.
/hpc_stor03/sjtu_home/chaolei.liu/data/tts/LibriTTS/train-clean-100/7800/283492/7800_283492_000005_000000.wav|"""Why, who else would try to turn on Mr. Darrel that way, and burn his shanties down just when winter is setting in?"" asked Bluff."
/hpc_stor03/sjtu_home/chaolei.liu/data/tts/LibriTTS/train-clean-100/3214/167602/3214_167602_000045_000002.wav|"It's heavy, lads--solid books."""
/hpc_stor03/sjtu_home/chaolei.liu/data/tts/LibriTTS/train-clean-100/7312/92432/7312_92432_000005_000000.wav|In the month of April, 1849, Rome, as you are no doubt aware, was placed in a state of siege by the approach of the French army.
/hpc_stor03/sjtu_home/chaolei.liu/data/tts/LibriTTS/train-clean-100/4267/287369/4267_287369_000048_000000.wav|"""We are in the midst of the storm!"" cried Mr. Parker."
/hpc_stor03/sjtu_home/chaolei.liu/data/tts/LibriTTS/train-clean-100/4051/11218/4051_11218_000036_000000.wav|"""It is only a sleeping potion,"" said the enchantress to Prince Jason. ""One always finds a use for these mischievous creatures, sooner or later; so I did not wish to kill him outright."
/hpc_stor03/sjtu_home/chaolei.liu/data/tts/LibriTTS/train-clean-100/2817/142371/2817_142371_000003_000000.wav|"Mrs. Poyser ""Has Her Say Out"""
/hpc_stor03/sjtu_home/chaolei.liu/data/tts/LibriTTS/train-clean-100/7447/91186/7447_91186_000003_000004.wav|The keyed monochord gained the name clavichord.
/hpc_stor03/sjtu_home/chaolei.liu/data/tts/LibriTTS/train-clean-100/8226/274369/8226_274369_000018_000006.wav|The opportunity was seized with joy and triumph.
/hpc_stor03/sjtu_home/chaolei.liu/data/tts/LibriTTS/train-clean-100/3664/178366/3664_178366_000019_000000.wav|"The audience, upon learning that the real ""Buffalo Bill"" was present, gave several cheers between the acts, and I was called on to come out on the stage and make a speech."
/hpc_stor03/sjtu_home/chaolei.liu/data/tts/LibriTTS/train-clean-100/3259/158083/3259_158083_000086_000001.wav|Each one was called to the mat and interrogated.
/hpc_stor03/sjtu_home/chaolei.liu/data/tts/LibriTTS/train-clean-100/460/172359/460_172359_000079_000003.wav|And who do they give it to?
/hpc_stor03/sjtu_home/chaolei.liu/data/tts/LibriTTS/train-clean-100/887/123289/887_123289_000034_000001.wav|At the same time I cherished a trembling hope which was a fear as well.
/hpc_stor03/sjtu_home/chaolei.liu/data/tts/LibriTTS/train-clean-100/7517/100437/7517_100437_000010_000003.wav|You are merely sitting in judgment on yourself. ...
/hpc_stor03/sjtu_home/chaolei.liu/data/tts/LibriTTS/train-clean-100/412/126975/412_126975_000045_000001.wav|"Haven't killed a policeman lately."""
/hpc_stor03/sjtu_home/chaolei.liu/data/tts/LibriTTS/train-clean-100/2384/152900/2384_152900_000007_000006.wav|There was no question of this with our tents.
/hpc_stor03/sjtu_home/chaolei.liu/data/tts/LibriTTS/train-clean-100/4088/158077/4088_158077_000110_000002.wav|To jail they must go.
/hpc_stor03/sjtu_home/chaolei.liu/data/tts/LibriTTS/train-clean-100/481/123720/481_123720_000038_000001.wav|Of course I had better not go; of course, I must just snap my fingers at them.
/hpc_stor03/sjtu_home/chaolei.liu/data/tts/LibriTTS/train-clean-100/4788/91208/4788_91208_000008_000002.wav|It was even asserted confidently, that nothing more was to be expected,--that an inductive logic was impossible.
/hpc_stor03/sjtu_home/chaolei.liu/data/tts/LibriTTS/train-clean-100/1970/26100/1970_26100_000036_000000.wav|"""That's up to us now."
/hpc_stor03/sjtu_home/chaolei.liu/data/tts/LibriTTS/train-clean-100/103/1241/103_1241_000054_000010.wav|Something still pleasanter may come after, but you can never be sure.
/hpc_stor03/sjtu_home/chaolei.liu/data/tts/LibriTTS/train-clean-100/8098/275181/8098_275181_000009_000000.wav|"Rightly or wrongly, we attributed the mischief to a certain ""silver-gray"" that had several times been seen in the neighborhood that autumn."
/hpc_stor03/sjtu_home/chaolei.liu/data/tts/LibriTTS/train-clean-100/8580/287364/8580_287364_000002_000000.wav|Tom's excited announcement startled Mr. Damon and the others as much as if the young inventor had informed them that the airship had exploded and was about to dash with them to the earth.
/hpc_stor03/sjtu_home/chaolei.liu/data/tts/LibriTTS/train-clean-100/5678/43302/5678_43302_000043_000001.wav|"But haven't I told them a hundred times?"""
/hpc_stor03/sjtu_home/chaolei.liu/data/tts/LibriTTS/train-clean-100/289/121665/289_121665_000049_000000.wav|Nothing was left to each sheep but a wee little stump where a tail should be, and Little Bo-Peep was so heart-broken that she sat down beside them and sobbed bitterly.
/hpc_stor03/sjtu_home/chaolei.liu/data/tts/LibriTTS/train-clean-100/8063/274117/8063_274117_000015_000001.wav|"""But what is that I see out there,--crosses and stones?"""
/hpc_stor03/sjtu_home/chaolei.liu/data/tts/LibriTTS/train-clean-100/7859/102521/7859_102521_000013_000002.wav|Where Leo had chastised the adherents of superstition with whips Constantine chastised them with scorpions.
/hpc_stor03/sjtu_home/chaolei.liu/data/tts/LibriTTS/train-clean-100/374/180298/374_180298_000010_000000.wav|As I have told you, I had little money.
/hpc_stor03/sjtu_home/chaolei.liu/data/tts/LibriTTS/train-clean-100/3242/67153/3242_67153_000016_000008.wav|Of course he claimed a raise again for effecting such a saving, and we just had to allow it.
/hpc_stor03/sjtu_home/chaolei.liu/data/tts/LibriTTS/train-clean-100/6367/65536/6367_65536_000039_000001.wav|She had kept her freshness of soul and her ideals untarnished.
/hpc_stor03/sjtu_home/chaolei.liu/data/tts/LibriTTS/train-clean-100/2836/5354/2836_5354_000009_000000.wav|"""Point de gazette, Pierre?"" she said."
/hpc_stor03/sjtu_home/chaolei.liu/data/tts/LibriTTS/train-clean-100/403/126855/403_126855_000030_000001.wav|"How are we ever going to get across?"""
/hpc_stor03/sjtu_home/chaolei.liu/data/tts/LibriTTS/train-clean-100/7178/34645/7178_34645_000006_000016.wav|He was transferred from Chatham to London.
/hpc_stor03/sjtu_home/chaolei.liu/data/tts/LibriTTS/train-clean-100/248/130697/248_130697_000016_000007.wav|"You will not forsake me?"""
/hpc_stor03/sjtu_home/chaolei.liu/data/tts/LibriTTS/train-clean-100/6181/216552/6181_216552_000034_000000.wav|But, indeed, what guide did the law follow in creating the domain of property?
/hpc_stor03/sjtu_home/chaolei.liu/data/tts/LibriTTS/train-clean-100/19/227/19_227_000003_000000.wav|"Catherine took up her work directly, saying, in a dejected voice, that ""her head did not run upon Bath--much."""
/hpc_stor03/sjtu_home/chaolei.liu/data/tts/LibriTTS/train-clean-100/1355/39947/1355_39947_000002_000006.wav|This opposition argues as follows: Hypnotic influence brings the patient under the will control of the hypnotizer and thus destroys his own freedom.
/hpc_stor03/sjtu_home/chaolei.liu/data/tts/LibriTTS/train-clean-100/1898/145702/1898_145702_000023_000000.wav|'Yes,' he replied, 'I know enough, and can help myself splendidly.'
/hpc_stor03/sjtu_home/chaolei.liu/data/tts/LibriTTS/train-clean-100/8238/283452/8238_283452_000029_000003.wav|He demands no rag nor bone nor clank of chain of his old equipment to start on his career.
/hpc_stor03/sjtu_home/chaolei.liu/data/tts/LibriTTS/train-clean-100/6437/66172/6437_66172_000021_000003.wav|We disliked the widow not so much for her sentimentality as for being the mother of Bill Conway; we disliked Mr. Meeks, not because he was insipid, like his own syrups, but because the widow loved him.
/hpc_stor03/sjtu_home/chaolei.liu/data/tts/LibriTTS/train-clean-100/1334/135589/1334_135589_000073_000001.wav|It is now seven years since you quitted the forest, and in your letters to Mr. Heatherstone you made no remark upon what had passed between you and Patience.
/hpc_stor03/sjtu_home/chaolei.liu/data/tts/LibriTTS/train-clean-100/4362/15663/4362_15663_000027_000002.wav|Some crystals landed with their rays almost perfect, but most of them were worn and broken by striking against one another, or by rolling on the ground.
/hpc_stor03/sjtu_home/chaolei.liu/data/tts/LibriTTS/train-clean-100/1926/147979/1926_147979_000028_000003.wav|Mary Dusak was broad and brown of countenance, slightly marked by smallpox, but handsome for all that.
/hpc_stor03/sjtu_home/chaolei.liu/data/tts/LibriTTS/train-clean-100/3699/19402/3699_19402_000018_000000.wav|--It looks well at least; quoth my father to himself.
/hpc_stor03/sjtu_home/chaolei.liu/data/tts/LibriTTS/train-clean-100/6880/216547/6880_216547_000053_000007.wav|That I cannot agree to; and for that reason I have criticised your book, so full of beautiful pages, so brilliant with knowledge and fervor!
/hpc_stor03/sjtu_home/chaolei.liu/data/tts/LibriTTS/train-clean-100/4340/15220/4340_15220_000095_000001.wav|"You are a smart child, Bab; and if I had enough I'd take you in myself,"" said Billy, heartily; for, having sisters of his own, he kept a soft place in his heart for girls, especially enterprising ones."
/hpc_stor03/sjtu_home/chaolei.liu/data/tts/LibriTTS/train-clean-100/27/123349/27_123349_000012_000004.wav|Then, instead of applying, as he should have done, to the States General, who sate close to his own door, he sent a messenger to the magistrates of Amsterdam, with a request that the suspected ships might be detained.
/hpc_stor03/sjtu_home/chaolei.liu/data/tts/LibriTTS/train-clean-100/3879/173592/3879_173592_000013_000004.wav|The energy of reviving hope lent new life to their exhausted frames.
/hpc_stor03/sjtu_home/chaolei.liu/data/tts/LibriTTS/train-clean-100/6078/54007/6078_54007_000047_000001.wav|"""I thought so,"" said the Fiddler; and then he gave over kicking."
/hpc_stor03/sjtu_home/chaolei.liu/data/tts/LibriTTS/train-clean-100/3830/12531/3830_12531_000006_000000.wav|"""CAN I get home tonight?"" I asked myself."
/hpc_stor03/sjtu_home/chaolei.liu/data/tts/LibriTTS/train-clean-100/2436/2481/2436_2481_000040_000004.wav|It had only a bunk, my tiny desk, a chair and clothes robe.
/hpc_stor03/sjtu_home/chaolei.liu/data/tts/LibriTTS/train-clean-100/322/124146/322_124146_000029_000004.wav|I told you in the library, you know, that I should never speak to you again, and you will find me as good as my word.
/hpc_stor03/sjtu_home/chaolei.liu/data/tts/LibriTTS/train-clean-100/458/126294/458_126294_000008_000002.wav|But when she came in, and went to the beds, both the children were gone.
/hpc_stor03/sjtu_home/chaolei.liu/data/tts/LibriTTS/train-clean-100/8797/294123/8797_294123_000025_000002.wav|There is such a thing as race egotism as well as creature egotism, and a very good thing it is.
/hpc_stor03/sjtu_home/chaolei.liu/data/tts/LibriTTS/train-clean-100/7505/258958/7505_258958_000015_000005.wav|Only the net increase in value can be accounted income in the second period.
/hpc_stor03/sjtu_home/chaolei.liu/data/tts/LibriTTS/train-clean-100/2182/181173/2182_181173_000004_000001.wav|"""Once, when I fell down and cut my knee, she gave me an apple for nothing."
/hpc_stor03/sjtu_home/chaolei.liu/data/tts/LibriTTS/train-clean-100/3440/171009/3440_171009_000138_000000.wav|"""Do, papa,"" she urged, ""it would give me pleasure to see you enjoying it."""
/hpc_stor03/sjtu_home/chaolei.liu/data/tts/LibriTTS/train-clean-100/3486/166424/3486_166424_000024_000002.wav|I caught the glint of helmets and corselets.
/hpc_stor03/sjtu_home/chaolei.liu/data/tts/LibriTTS/train-clean-100/1069/133699/1069_133699_000016_000000.wav|"""The companions of freemen--I like that, Miss Stackpole,"" said Ralph. ""It's a beautiful description."""
/hpc_stor03/sjtu_home/chaolei.liu/data/tts/LibriTTS/train-clean-100/4441/76262/4441_76262_000045_000001.wav|"""I say, what a sweet thing!"
/hpc_stor03/sjtu_home/chaolei.liu/data/tts/LibriTTS/train-clean-100/1098/133695/1098_133695_000003_000003.wav|For what is usually called social intercourse she had very little relish; but nothing pleased her more than to find her hall-table whitened with oblong morsels of symbolic pasteboard.
/hpc_stor03/sjtu_home/chaolei.liu/data/tts/LibriTTS/train-clean-100/4137/11702/4137_11702_000064_000000.wav|"""He's--he's--well, he's---- Here he is, Father."" She ran up to him impulsively as he came in at the door."
/hpc_stor03/sjtu_home/chaolei.liu/data/tts/LibriTTS/train-clean-100/8051/119902/8051_119902_000009_000003.wav|This means practically all the commercial bakers of the country, and many hotels, clubs, and institutions.
/hpc_stor03/sjtu_home/chaolei.liu/data/tts/LibriTTS/train-clean-100/233/155990/233_155990_000014_000001.wav|The losses of life and of treasure were frightful.
/hpc_stor03/sjtu_home/chaolei.liu/data/tts/LibriTTS/train-clean-100/78/368/78_368_000010_000002.wav|I was bewildered, in a cloud of wonder and horror.
/hpc_stor03/sjtu_home/chaolei.liu/data/tts/LibriTTS/train-clean-100/3374/298026/3374_298026_000002_000004.wav|For your spirit, too, stands distinct and perfect before me, not as an apparition which appears and fades away again, but as one of the forms that endure forever.
/hpc_stor03/sjtu_home/chaolei.liu/data/tts/LibriTTS/train-clean-100/6147/34606/6147_34606_000010_000000.wav|There was the Hell-fire Club, where they played at being impious.
/hpc_stor03/sjtu_home/chaolei.liu/data/tts/LibriTTS/train-clean-100/1040/133433/1040_133433_000096_000000.wav|"""You have missed a bit,"" interrupts Jane, who now knows the story better than her mother."
/hpc_stor03/sjtu_home/chaolei.liu/data/tts/LibriTTS/train-clean-100/1624/142933/1624_142933_000016_000001.wav|"Who else would it be?"" sputtered Jenny rather crossly, for she was still a little put out because she had been laughed at."
/hpc_stor03/sjtu_home/chaolei.liu/data/tts/LibriTTS/train-clean-100/426/122821/426_122821_000053_000009.wav|Think of that, teacher, I've been in the sunset.
/hpc_stor03/sjtu_home/chaolei.liu/data/tts/LibriTTS/train-clean-100/1246/135815/1246_135815_000036_000000.wav|"""Do you have many enemies?"" asked Peter Rabbit, who has so many himself that he is constantly thinking of them."
/hpc_stor03/sjtu_home/chaolei.liu/data/tts/LibriTTS/train-clean-100/7226/86965/7226_86965_000002_000006.wav|She had a vinegary, slangy tongue, and being somewhat deaf, would break in upon the conversation with remarks sharper than they were pat.
/hpc_stor03/sjtu_home/chaolei.liu/data/tts/LibriTTS/train-clean-100/8324/286683/8324_286683_000002_000000.wav|One warm day in winter, when some of the pussy-willows made a mistake and began to grow because they thought spring had come, a party of Muskrats were visiting in the marsh beside the pond.
/hpc_stor03/sjtu_home/chaolei.liu/data/tts/LibriTTS/train-clean-100/2893/139310/2893_139310_000033_000003.wav|The whole mass of people was chanting together.
/hpc_stor03/sjtu_home/chaolei.liu/data/tts/LibriTTS/train-clean-100/5514/19193/5514_19193_000061_000000.wav|Thus it went on for some time.
/hpc_stor03/sjtu_home/chaolei.liu/data/tts/LibriTTS/train-clean-100/1578/140045/1578_140045_000031_000000.wav|"""That is better,"" Miss Dearborn answered, ""though I cannot think 'going to smash' is a pretty expression for poetry."""
/hpc_stor03/sjtu_home/chaolei.liu/data/tts/LibriTTS/train-clean-100/4214/7146/4214_7146_000011_000002.wav|I know she doesn't but of course I'll ask her just as if I didn't know.
/hpc_stor03/sjtu_home/chaolei.liu/data/tts/LibriTTS/train-clean-100/1992/141719/1992_141719_000016_000014.wav|In one of his frantick Fits, he put on the green Armour, that had created him such a World of Disgrace.
/hpc_stor03/sjtu_home/chaolei.liu/data/tts/LibriTTS/train-clean-100/3982/182255/3982_182255_000041_000000.wav|"""It's a fact,"" repeated Mr. Fyshe."
/hpc_stor03/sjtu_home/chaolei.liu/data/tts/LibriTTS/train-clean-100/2007/149877/2007_149877_000018_000000.wav|"""Glad of it,"" said Hurstwood, his black eyes lit with a warmth which half displaced the cold make-believe that usually dwelt in them."
/hpc_stor03/sjtu_home/chaolei.liu/data/tts/LibriTTS/train-clean-100/8975/270782/8975_270782_000021_000005.wav|But it is only a deceptive appearance by which we have allowed ourselves to be frightened.
/hpc_stor03/sjtu_home/chaolei.liu/data/tts/LibriTTS/train-clean-100/4830/25904/4830_25904_000006_000002.wav|One lioness was ill, and lay on her bed, looking very pensive, while her mate moved restlessly about her, evidently anxious to do something for her, and much afflicted by her suffering.
/hpc_stor03/sjtu_home/chaolei.liu/data/tts/LibriTTS/train-clean-100/311/124404/311_124404_000002_000010.wav|I was not, however, disposed, from these circumstances, to conclude that this world had been created in the manner I described; for it is much more likely that God made it at the first such as it was to be.
/hpc_stor03/sjtu_home/chaolei.liu/data/tts/LibriTTS/train-clean-100/2952/408/2952_408_000012_000003.wav|But the law of our village, as I told you last evening, obliges us to quit our houses after a death has taken place, and to leave the corpse alone.
/hpc_stor03/sjtu_home/chaolei.liu/data/tts/LibriTTS/train-clean-100/5049/25947/5049_25947_000025_000005.wav|He was dead, but he was not defeated.
/hpc_stor03/sjtu_home/chaolei.liu/data/tts/LibriTTS/train-clean-100/8425/292520/8425_292520_000038_000000.wav|And that other night, When the river rippled with faint spears Of street lights vaguely reflected.
/hpc_stor03/sjtu_home/chaolei.liu/data/tts/LibriTTS/train-clean-100/6454/107462/6454_107462_000023_000000.wav|"""Well, the way of it was, you see, he put it up the chimbley, but when the chimbley-sweepers come he transferred it in his weskit to my place, and I dropped it down the well."
/hpc_stor03/sjtu_home/chaolei.liu/data/tts/LibriTTS/train-clean-100/4813/248641/4813_248641_000016_000000.wav|"Hingham, its Main Street--alas for the original name of ""Bachelors Rowe""--arched by a double row of superb elms on either side, is incalculably rich in old houses, old traditions, old families."
/hpc_stor03/sjtu_home/chaolei.liu/data/tts/LibriTTS/train-clean-100/2002/139469/2002_139469_000022_000004.wav|The most luxurious were often the first to part with their indulgencies.
/hpc_stor03/sjtu_home/chaolei.liu/data/tts/LibriTTS/train-clean-100/8465/246943/8465_246943_000027_000000.wav|But Leopold seemed not to hear a word she said, and lay with his face to the wall.
/hpc_stor03/sjtu_home/chaolei.liu/data/tts/LibriTTS/train-clean-100/2092/145706/2092_145706_000034_000000.wav|Ferko went at once to the King and told him the palace was finished.
/hpc_stor03/sjtu_home/chaolei.liu/data/tts/LibriTTS/train-clean-100/1963/147036/1963_147036_000069_000000.wav|"""Do you mean to say----"" he said hoarsely."
/hpc_stor03/sjtu_home/chaolei.liu/data/tts/LibriTTS/train-clean-100/8468/286673/8468_286673_000001_000004.wav|"I believe I will go over and speak to them."""
/hpc_stor03/sjtu_home/chaolei.liu/data/tts/LibriTTS/train-clean-100/1737/142397/1737_142397_000028_000006.wav|So we sheered off together, arm-in-arm, so to speak; and with fullest confidence I took the jigging, thwartwise course my chainless pilot laid for me.
/hpc_stor03/sjtu_home/chaolei.liu/data/tts/LibriTTS/train-clean-100/1455/134435/1455_134435_000007_000006.wav|They both expected her to make trouble but were mistaken.
/hpc_stor03/sjtu_home/chaolei.liu/data/tts/LibriTTS/train-clean-100/911/128684/911_128684_000012_000002.wav|We can say that we are aware of a painful place, filling a certain bigness in our organism, or we can say that we are inwardly in a 'state' of pain.
/hpc_stor03/sjtu_home/chaolei.liu/data/tts/LibriTTS/train-clean-100/3857/182317/3857_182317_000026_000004.wav|In addition to these, a race, to be great, needs some hunger, some itch, to spur it up the hard path we lately have learned to call evolution.
/hpc_stor03/sjtu_home/chaolei.liu/data/tts/LibriTTS/train-clean-100/1116/137572/1116_137572_000018_000001.wav|Respect for the other member of the marriage association is a must-have.
/hpc_stor03/sjtu_home/chaolei.liu/data/tts/LibriTTS/train-clean-100/8838/298545/8838_298545_000014_000002.wav|A young man stood at the entrance-- a stocky, bull-necked young miner, in tweed Sunday clothes and an aggressive neck-tie.
/hpc_stor03/sjtu_home/chaolei.liu/data/tts/LibriTTS/train-clean-100/4397/15668/4397_15668_000005_000001.wav|"I will bathe in the high sky, among cool wind-waves from the snow."" From the more southerly of the two peaks a long ridge comes down, bent like a bow, one end in the hot plains, the other in the snow of the summit."
/hpc_stor03/sjtu_home/chaolei.liu/data/tts/LibriTTS/train-clean-100/730/358/730_358_000003_000002.wav|[The moon] I gazed with a kind of wonder.
/hpc_stor03/sjtu_home/chaolei.liu/data/tts/LibriTTS/train-clean-100/3168/173564/3168_173564_000011_000000.wav|The count returned and lay down behind the partition.
/hpc_stor03/sjtu_home/chaolei.liu/data/tts/LibriTTS/train-clean-100/2910/131096/2910_131096_000024_000000.wav|This unseemly confusion the pious Psyche put an end to, by separating and sorting everything to its proper place and kind, believing that she ought to neglect none of the gods, but endeavor by her piety to engage them all in her behalf.
/hpc_stor03/sjtu_home/chaolei.liu/data/tts/LibriTTS/train-clean-100/298/126790/298_126790_000038_000000.wav|"""Kindly, you may be certain,"" said Katy, rather tartly."
/hpc_stor03/sjtu_home/chaolei.liu/data/tts/LibriTTS/train-clean-100/2911/15084/2911_15084_000007_000006.wav|Unmolested by Indian enemies, and fed by a rich commerce, she would have put forth a vigorous growth.
/hpc_stor03/sjtu_home/chaolei.liu/data/tts/LibriTTS/train-clean-100/7780/274562/7780_274562_000008_000017.wav|Yet his reasons have not yet been matured into expression.
/hpc_stor03/sjtu_home/chaolei.liu/data/tts/LibriTTS/train-clean-100/1867/148436/1867_148436_000039_000001.wav|"I got a dollar here that'll buy you a pretty good store knife."""
/hpc_stor03/sjtu_home/chaolei.liu/data/tts/LibriTTS/train-clean-100/839/130898/839_130898_000044_000000.wav|But the Nautilus kept gravitating southward.
/hpc_stor03/sjtu_home/chaolei.liu/data/tts/LibriTTS/train-clean-100/5390/24512/5390_24512_000015_000002.wav|The Roman soldiers hesitated, but the Jews promised most faithfully to keep their word.
/hpc_stor03/sjtu_home/chaolei.liu/data/tts/LibriTTS/train-clean-100/3526/175658/3526_175658_000009_000004.wav|I discovered, however, that there was a certain serenity of eye, and freshness of complexion, most pleasing to behold.
/hpc_stor03/sjtu_home/chaolei.liu/data/tts/LibriTTS/train-clean-100/4014/186183/4014_186183_000021_000001.wav|There their front-line ranks held firm, while the new formation was being effected behind them. It was about four o'clock in the afternoon when this was complete.
/hpc_stor03/sjtu_home/chaolei.liu/data/tts/LibriTTS/train-clean-100/5778/12761/5778_12761_000013_000009.wav|Ignorant of the character of these people, we had now additional cause of uneasiness in regard to Mr. Preuss; he had no arms with him, and we began to think his chance doubtful.
/hpc_stor03/sjtu_home/chaolei.liu/data/tts/LibriTTS/train-clean-100/2691/156755/2691_156755_000006_000000.wav|"""I did not learn, it is a gift,"" she replied."
/hpc_stor03/sjtu_home/chaolei.liu/data/tts/LibriTTS/train-clean-100/7511/102419/7511_102419_000012_000000.wav|"""Wallace may have changed his mind about me, but he would not marry without telling me."
/hpc_stor03/sjtu_home/chaolei.liu/data/tts/LibriTTS/train-clean-100/5750/100289/5750_100289_000037_000005.wav|We organized as a committee, and issued a general call for a conference in October at the university, upon the cordial invitation of Dr. McKenzie and President Thompson.
/hpc_stor03/sjtu_home/chaolei.liu/data/tts/LibriTTS/train-clean-100/5163/39921/5163_39921_000038_000001.wav|After the preliminary remarks in which he indulged, she said, with seeming irrelevance, that Saturday had been a fine day.
/hpc_stor03/sjtu_home/chaolei.liu/data/tts/LibriTTS/train-clean-100/4481/17498/4481_17498_000051_000001.wav|Patsy and her father stared at one another with grave intentness. Then the Major drew out his handkerchief and mopped his brow.
/hpc_stor03/sjtu_home/chaolei.liu/data/tts/LibriTTS/train-clean-100/8629/261139/8629_261139_000043_000001.wav|But I shall speak of her again.
/hpc_stor03/sjtu_home/chaolei.liu/data/tts/LibriTTS/train-clean-100/6529/62554/6529_62554_000020_000001.wav|There is a mystery still, but if we discover the man, the mystery will be discovered also.
/hpc_stor03/sjtu_home/chaolei.liu/data/tts/LibriTTS/train-clean-100/5104/33406/5104_33406_000113_000001.wav|But they met heavy storms, and some ships were wrecked, and the men drowned.
/hpc_stor03/sjtu_home/chaolei.liu/data/tts/LibriTTS/train-clean-100/198/209/198_209_000021_000006.wav|But what do you think we have been talking of?
/hpc_stor03/sjtu_home/chaolei.liu/data/tts/LibriTTS/train-clean-100/3112/9555/3112_9555_000021_000007.wav|Into the hay-field on holidays I was often compelled to go,--not, I fear, with much profit. My father's health was very bad.
/hpc_stor03/sjtu_home/chaolei.liu/data/tts/LibriTTS/train-clean-100/8770/295462/8770_295462_000050_000000.wav|"Secretary Stanton continued: ""I have always tried to be calm, but I think I lost my calmness for a moment, and with great enthusiasm I arose, approached the President, extended my hand and said:"
/hpc_stor03/sjtu_home/chaolei.liu/data/tts/LibriTTS/train-clean-100/4195/186236/4195_186236_000019_000004.wav|"As far as she knew, she tried to be good to us."""
/hpc_stor03/sjtu_home/chaolei.liu/data/tts/LibriTTS/train-clean-100/2289/152253/2289_152253_000007_000001.wav|One day, shortly after he became king, Attila went to the cave to get his fortune told.
/hpc_stor03/sjtu_home/chaolei.liu/data/tts/LibriTTS/train-clean-100/1363/139304/1363_139304_000008_000000.wav|The movement of his head involved a perception of extreme physical weakness.
/hpc_stor03/sjtu_home/chaolei.liu/data/tts/LibriTTS/train-clean-100/7190/90542/7190_90542_000038_000001.wav|"""One or two doubtful places I had dug up."
/hpc_stor03/sjtu_home/chaolei.liu/data/tts/LibriTTS/train-clean-100/5393/19219/5393_19219_000047_000063.wav|For sixty centuries men and women have got out of their scrape by loving.
/hpc_stor03/sjtu_home/chaolei.liu/data/tts/LibriTTS/train-clean-100/2159/179157/2159_179157_000006_000009.wav|It crackled like a mighty fire.
/hpc_stor03/sjtu_home/chaolei.liu/data/tts/LibriTTS/train-clean-100/1088/129236/1088_129236_000019_000004.wav|Her existence makes the world rich.
/hpc_stor03/sjtu_home/chaolei.liu/data/tts/LibriTTS/train-clean-100/150/126112/150_126112_000027_000000.wav|And the little boat bumped against the stone.
/hpc_stor03/sjtu_home/chaolei.liu/data/tts/LibriTTS/train-clean-100/8108/280354/8108_280354_000007_000001.wav|Not to look upon the blackness of Tartarus have I come hither, nor yet to bind in chains the snaky heads on Cerberus.
/hpc_stor03/sjtu_home/chaolei.liu/data/tts/LibriTTS/train-clean-100/6836/61803/6836_61803_000037_000002.wav|"I acknowledge that I have forfeited my life, and deserve to lose it."""
/hpc_stor03/sjtu_home/chaolei.liu/data/tts/LibriTTS/train-clean-100/5703/47212/5703_47212_000033_000001.wav|I'm sorry you can't take him in.
/hpc_stor03/sjtu_home/chaolei.liu/data/tts/LibriTTS/train-clean-100/5022/29411/5022_29411_000036_000003.wav|"She walked in, sir, as if the place belonged to her."""
/hpc_stor03/sjtu_home/chaolei.liu/data/tts/LibriTTS/train-clean-100/332/128985/332_128985_000012_000001.wav|Buccaneers were outlawed by the Spanish, and were considered as wild beasts to be killed without mercy wherever caught.
/hpc_stor03/sjtu_home/chaolei.liu/data/tts/LibriTTS/train-clean-100/587/54108/587_54108_000013_000001.wav|He protested at such a stupendous comparison, and insisted that she make clear that the dummy was not included.
/hpc_stor03/sjtu_home/chaolei.liu/data/tts/LibriTTS/train-clean-100/163/122947/163_122947_000015_000008.wav|Is not life a hundred times too short for us--to bore ourselves?
/hpc_stor03/sjtu_home/chaolei.liu/data/tts/LibriTTS/train-clean-100/8014/280382/8014_280382_000005_000001.wav|"""Suffer not,"" they said, ""that we, who are Tuscans by birth, should remain any more in poverty and exile."
/hpc_stor03/sjtu_home/chaolei.liu/data/tts/LibriTTS/train-clean-100/200/126784/200_126784_000023_000000.wav|At length his sisters, with trembling hands, replaced his original disguise, the instruments of which had been carefully kept at hand by Caesar, in expectation of some sudden emergency.
/hpc_stor03/sjtu_home/chaolei.liu/data/tts/LibriTTS/train-clean-100/8609/262281/8609_262281_000012_000002.wav|Lady Augusta was wont to say that she had too much expense with her boys to keep many servants; and the argument was a true one.
/hpc_stor03/sjtu_home/chaolei.liu/data/tts/LibriTTS/train-clean-100/7794/295947/7794_295947_000034_000000.wav|"""I really am perfectly unaware of having sent you a fox's liver: there must be some mistake here."
/hpc_stor03/sjtu_home/chaolei.liu/data/tts/LibriTTS/train-clean-100/1183/133255/1183_133255_000038_000001.wav|It is famous for giving a perfectly natural tint to the cheeks.
/hpc_stor03/sjtu_home/chaolei.liu/data/tts/LibriTTS/train-clean-100/1263/138246/1263_138246_000035_000000.wav|"""That Nicholl is not a man,"" exclaimed Michel; ""he is a chronometer with seconds, an escape, and eight holes."""
/hpc_stor03/sjtu_home/chaolei.liu/data/tts/LibriTTS/train-clean-100/4297/13009/4297_13009_000019_000002.wav|But he said just the same!--that he considered I was bound to join him.
/hpc_stor03/sjtu_home/chaolei.liu/data/tts/LibriTTS/train-clean-100/2196/170151/2196_170151_000012_000001.wav|If that trial or deprivation has left me better, truer, nobler, then,--poverty has been riches, failure has been a success.
/hpc_stor03/sjtu_home/chaolei.liu/data/tts/LibriTTS/train-clean-100/3607/29116/3607_29116_000015_000000.wav|"""Oh, no. I told him you were daft about the negro and the philanthropy part of it, as you are."""
/hpc_stor03/sjtu_home/chaolei.liu/data/tts/LibriTTS/train-clean-100/8312/279790/8312_279790_000002_000005.wav|She herself had lost the best of husbands, and here she began to weep so profusely, that it was a wonder her eyes were not melted out of her head.
/hpc_stor03/sjtu_home/chaolei.liu/data/tts/LibriTTS/train-clean-100/125/121124/125_121124_000086_000001.wav|My funds are deposited there, and you can understand that if I draw out ten millions on the same day it will appear rather strange to the governor.
/hpc_stor03/sjtu_home/chaolei.liu/data/tts/LibriTTS/train-clean-100/6818/76332/6818_76332_000022_000002.wav|I used to know the people who lived here--very well indeed--and I have been wondering whether the house was still in their possession.
/hpc_stor03/sjtu_home/chaolei.liu/data/tts/LibriTTS/train-clean-100/2989/138028/2989_138028_000028_000000.wav|"""That I can well believe,"" replied the bachelor, ""for they are so good and so fat, and so well-bred, that they would not say one thing for another, though they were to burst for it."
/hpc_stor03/sjtu_home/chaolei.liu/data/tts/LibriTTS/train-clean-100/1553/140047/1553_140047_000010_000001.wav|"Immerse the garments in a tub, lightly rubbing the more soiled portions with the soap; leave them submerged in water from sunset to sunrise, and then the youngest baby can wash them without the slightest effort."""
/hpc_stor03/sjtu_home/chaolei.liu/data/tts/LibriTTS/train-clean-100/1447/17506/1447_17506_000049_000001.wav|"""I wonder why he has tried to deceive us."""
/hpc_stor03/sjtu_home/chaolei.liu/data/tts/LibriTTS/train-clean-100/7367/86737/7367_86737_000131_000024.wav|Cucumetto stopped at last, and pointed to two persons grouped at the foot of a tree.
/hpc_stor03/sjtu_home/chaolei.liu/data/tts/LibriTTS/train-clean-100/5463/39173/5463_39173_000037_000003.wav|In this she showed the peculiar strength which God had given her.
/hpc_stor03/sjtu_home/chaolei.liu/data/tts/LibriTTS/train-clean-100/201/122255/201_122255_000014_000000.wav|In the good town of Blyth there lived a stout tanner, celebrated far and near for feats of strength and many tough bouts at wrestling and the quarterstaff.
/hpc_stor03/sjtu_home/chaolei.liu/data/tts/LibriTTS/train-clean-100/6476/96661/6476_96661_000002_000000.wav|First there came the youths Castor and Polydeuces.
/hpc_stor03/sjtu_home/chaolei.liu/data/tts/LibriTTS/train-clean-100/7148/82991/7148_82991_000031_000000.wav|"""A foolish wish,"" cried Bryan."
/hpc_stor03/sjtu_home/chaolei.liu/data/tts/LibriTTS/train-clean-100/2518/154826/2518_154826_000031_000000.wav|Although I knew little of these quarries, and certainly was in evil plight to take note of anything at that time, yet afterwards I learnt much about them.
/hpc_stor03/sjtu_home/chaolei.liu/data/tts/LibriTTS/train-clean-100/5789/57158/5789_57158_000037_000000.wav|Then it seemed as though there were nothing else for him but to go;--and yet he wanted to say some other word.
/hpc_stor03/sjtu_home/chaolei.liu/data/tts/LibriTTS/train-clean-100/4406/16883/4406_16883_000021_000003.wav|On the morrow they buried the papoose, and afterward, both morning and evening, there came a company to mourn and howl with her; though I confess I could not much condole with them.
/hpc_stor03/sjtu_home/chaolei.liu/data/tts/LibriTTS/train-clean-100/32/21631/32_21631_000030_000000.wav|"""Then--"" said Mr. Crow--""then don't interrupt me again, please!"
/hpc_stor03/sjtu_home/chaolei.liu/data/tts/LibriTTS/train-clean-100/4859/29340/4859_29340_000009_000001.wav|They see it in what is called culture--in mental activity.
/hpc_stor03/sjtu_home/chaolei.liu/data/tts/LibriTTS/train-clean-100/1743/142914/1743_142914_000023_000000.wav|Mrs. Teeter stood up and stepped aside.
/hpc_stor03/sjtu_home/chaolei.liu/data/tts/LibriTTS/train-clean-100/446/123501/446_123501_000034_000001.wav|The throwing down of his weapons and the withdrawing of his troop before his advance toward me would have signified a peaceful mission anywhere on Earth, so why not, then, on Mars!
/hpc_stor03/sjtu_home/chaolei.liu/data/tts/LibriTTS/train-clean-100/831/130746/831_130746_000005_000000.wav|Their conversation hung comatose in the air, switched up by Bechamel. They listened together.
/hpc_stor03/sjtu_home/chaolei.liu/data/tts/LibriTTS/train-clean-100/909/131041/909_131041_000008_000000.wav|To the People of the State of New York:
/hpc_stor03/sjtu_home/chaolei.liu/data/tts/LibriTTS/train-clean-100/4853/29413/4853_29413_000017_000005.wav|Mr. Roylake, he kicked me.
/hpc_stor03/sjtu_home/chaolei.liu/data/tts/LibriTTS/train-clean-100/6209/34599/6209_34599_000020_000001.wav|He would soon be amidst living creatures.
/hpc_stor03/sjtu_home/chaolei.liu/data/tts/LibriTTS/train-clean-100/669/129074/669_129074_000024_000012.wav|I will see that the buttons of the recruits are properly bright and that the sergeants make no mistakes in their accounts.
/hpc_stor03/sjtu_home/chaolei.liu/data/tts/LibriTTS/train-clean-100/5867/48852/5867_48852_000077_000000.wav|"""Good-by, Mrs. Dale,"" he said."
/hpc_stor03/sjtu_home/chaolei.liu/data/tts/LibriTTS/train-clean-100/7278/91083/7278_91083_000003_000002.wav|Alas! how unhomelike and barren are some of the newspaper offices, where gifted men toil from morning till night, with little time for sleep, and still less for recreation.
/hpc_stor03/sjtu_home/chaolei.liu/data/tts/LibriTTS/train-clean-100/211/122442/211_122442_000015_000001.wav|"Is it not some bad affair?"""
/hpc_stor03/sjtu_home/chaolei.liu/data/tts/LibriTTS/train-clean-100/229/130880/229_130880_000060_000001.wav|"The mussels of certain streams in Scotland, Wales, Ireland, Saxony, Bohemia, and France."""
/hpc_stor03/sjtu_home/chaolei.liu/data/tts/LibriTTS/train-clean-100/5561/39621/5561_39621_000042_000000.wav|"""Parry,"" cried the gentleman, ""I beg you will; you come from England--you come so far."
/hpc_stor03/sjtu_home/chaolei.liu/data/tts/LibriTTS/train-clean-100/7059/77900/7059_77900_000009_000000.wav|"""Why is that girl going to take part in the theatricals?"
/hpc_stor03/sjtu_home/chaolei.liu/data/tts/LibriTTS/train-clean-100/625/132112/625_132112_000014_000015.wav|"Then the sheriff came and took my mule and corn and furniture--"" ""Furniture?"
/hpc_stor03/sjtu_home/chaolei.liu/data/tts/LibriTTS/train-clean-100/226/122538/226_122538_000013_000003.wav|"""Seven pence 'apenny of this stuff ain't much for carrying all that along, I DON'T think!"" grumbled his mate; and Jane's young porter experienced the double joy of faith confirmed, and willing service generously rewarded."
/hpc_stor03/sjtu_home/chaolei.liu/data/tts/LibriTTS/train-clean-100/3235/11599/3235_11599_000012_000003.wav|There are two main classes of simple measures, two-beat measure, and three-beat measure.
/hpc_stor03/sjtu_home/chaolei.liu/data/tts/LibriTTS/train-clean-100/89/219/89_219_000026_000000.wav|It was a narrow winding path through a thick grove of old Scotch firs; and Catherine, struck by its gloomy aspect, and eager to enter it, could not, even by the general's disapprobation, be kept from stepping forward.
/hpc_stor03/sjtu_home/chaolei.liu/data/tts/LibriTTS/train-clean-100/3983/5331/3983_5331_000072_000000.wav|"""A party!"" echoed Miss Carlyle."
/hpc_stor03/sjtu_home/chaolei.liu/data/tts/LibriTTS/train-clean-100/2416/152139/2416_152139_000059_000013.wav|"Why don't you tell me again that I lie--Carling?"""
/hpc_stor03/sjtu_home/chaolei.liu/data/tts/LibriTTS/train-clean-100/8419/286667/8419_286667_000009_000001.wav|She did not turn her head towards him, although, having such a long and slender neck, she could have done so with very little trouble.
/hpc_stor03/sjtu_home/chaolei.liu/data/tts/LibriTTS/train-clean-100/5322/7678/5322_7678_000004_000013.wav|He felt cool and comfortable and did not think of or wish for anything.
/hpc_stor03/sjtu_home/chaolei.liu/data/tts/LibriTTS/train-clean-100/7635/105409/7635_105409_000053_000000.wav|"""Bring the light in here!"" he commanded eagerly, as he once more entered the hut."
/hpc_stor03/sjtu_home/chaolei.liu/data/tts/LibriTTS/train-clean-100/7302/86815/7302_86815_000031_000000.wav|"""Then come to dress and shave me."""
/hpc_stor03/sjtu_home/chaolei.liu/data/tts/LibriTTS/train-clean-100/4160/11550/4160_11550_000041_000001.wav|It was a feeling scarcely defined enough to allow her to decide whether it was real pain or only discomfort.
/hpc_stor03/sjtu_home/chaolei.liu/data/tts/LibriTTS/train-clean-100/8088/284756/8088_284756_000000_000000.wav|From somewhere out on the black, heaving Atlantic, the rapid, muffled popping of a speed-boat's exhaust drifted clearly through the night.
/hpc_stor03/sjtu_home/chaolei.liu/data/tts/LibriTTS/train-clean-100/4018/107338/4018_107338_000020_000000.wav|"""I should hope that none of us have said to him a word that we wish to be forgotten,"" said Sybil."
/hpc_stor03/sjtu_home/chaolei.liu/data/tts/LibriTTS/train-clean-100/3947/13262/3947_13262_000022_000001.wav|His agitation was greater than he could control. Rachel could not help seeing it.
/hpc_stor03/sjtu_home/chaolei.liu/data/tts/LibriTTS/train-clean-100/1502/122619/1502_122619_000055_000003.wav|Its number somewhat exceeded a thousand souls.
/hpc_stor03/sjtu_home/chaolei.liu/data/tts/LibriTTS/train-clean-100/7113/86041/7113_86041_000047_000000.wav|'Why tears, beloved one?' cried the gnome anxiously; 'every tear of yours falls upon my heart like a drop of molten gold.
/hpc_stor03/sjtu_home/chaolei.liu/data/tts/LibriTTS/train-clean-100/405/130894/405_130894_000072_000001.wav|Arms grew weary, hands were rubbed raw, but who cared about exhaustion, what difference were wounds? Life-sustaining air reached our lungs!
/hpc_stor03/sjtu_home/chaolei.liu/data/tts/LibriTTS/train-clean-100/7402/59171/7402_59171_000005_000006.wav|But this is only the Billingsgate of our exasperation.
/hpc_stor03/sjtu_home/chaolei.liu/data/tts/LibriTTS/train-clean-100/696/93314/696_93314_000074_000000.wav|"""He asked me to marry him three weeks ago."
/hpc_stor03/sjtu_home/chaolei.liu/data/tts/LibriTTS/train-clean-100/7264/92316/7264_92316_000027_000002.wav|True, the editor, being revocable and poor, could not pretend to full political power.
/hpc_stor03/sjtu_home/chaolei.liu/data/tts/LibriTTS/train-clean-100/39/121916/39_121916_000004_000001.wav|Had it taken place only once a year, it would have been a grievance.
/hpc_stor03/sjtu_home/chaolei.liu/data/tts/LibriTTS/train-clean-100/7078/271888/7078_271888_000043_000000.wav|I shook my head sadly.
/hpc_stor03/sjtu_home/chaolei.liu/data/tts/LibriTTS/train-clean-100/40/121026/40_121026_000131_000000.wav|"""Pray ask me whatever questions you please; for, in good truth, you see more clearly into my life than I do myself."""
/hpc_stor03/sjtu_home/chaolei.liu/data/tts/LibriTTS/train-clean-100/3807/4923/3807_4923_000029_000001.wav|From the dark hull of the brig broke a flash and a report, and a musket ball cut the water beside them with a chirping noise.
/hpc_stor03/sjtu_home/chaolei.liu/data/tts/LibriTTS/train-clean-100/7067/76047/7067_76047_000031_000004.wav|Miss Seyffert is a fairly crude mixture of frankness, insincerity and self-explanatory egotism, and I have been able to disregard a considerable amount of the conversation she has addressed to me.
/hpc_stor03/sjtu_home/chaolei.liu/data/tts/LibriTTS/train-clean-100/1841/150351/1841_150351_000023_000006.wav|Upon the framework thus constructed split cedar boards are fastened, and the building is practically finished.
/hpc_stor03/sjtu_home/chaolei.liu/data/tts/LibriTTS/train-clean-100/5339/14134/5339_14134_000009_000004.wav|A minute ago Philip and he were on a level of ignorance, from which the former was evidently going to be raised. But he soon returned to his usual state of acquiescence in things as they were, which was partly constitutional, and partly the result of his Quaker training.
/hpc_stor03/sjtu_home/chaolei.liu/data/tts/LibriTTS/train-clean-100/3240/131232/3240_131232_000079_000000.wav|There's no escape from it.
/hpc_stor03/sjtu_home/chaolei.liu/data/tts/LibriTTS/train-clean-100/2136/5143/2136_5143_000065_000001.wav|What do you cry for, little fool?'
/hpc_stor03/sjtu_home/chaolei.liu/data/tts/LibriTTS/train-clean-100/2391/145015/2391_145015_000004_000000.wav|True taste is not fastidious, nor rejects, Because they may not come within the rule Of composition pure and picturesque, Unnumbered simple scenes which fill the leaves Of Nature's sketch book.
/hpc_stor03/sjtu_home/chaolei.liu/data/tts/LibriTTS/train-clean-100/6848/76049/6848_76049_000002_000003.wav|He lay on his back and his bent knees lifted the bed-clothes into a sharp mountain.
/hpc_stor03/sjtu_home/chaolei.liu/data/tts/LibriTTS/train-clean-100/8630/305212/8630_305212_000005_000001.wav|Monica was devoting herself heart and soul to the old woman, who clung to her with tender affection, and was never happy in her absence.
/hpc_stor03/sjtu_home/chaolei.liu/data/tts/LibriTTS/train-clean-100/5808/54425/5808_54425_000017_000000.wav|For the first time he looked up, and his eyes were full of tears--tears both of grief and intoxication.
/hpc_stor03/sjtu_home/chaolei.liu/data/tts/LibriTTS/train-clean-100/2843/152918/2843_152918_000006_000004.wav|We knew by experience that a gleam like this, a clearing in the weather, might come suddenly, and then one had to be on the spot.
/hpc_stor03/sjtu_home/chaolei.liu/data/tts/LibriTTS/train-clean-100/60/121082/60_121082_000012_000001.wav|"I am very tired, and as I have not eaten so good a dinner as you, I can scarcely stand."" The young man shuddered at this strange familiarity."
/hpc_stor03/sjtu_home/chaolei.liu/data/tts/LibriTTS/train-clean-100/8747/293952/8747_293952_000017_000004.wav|Bernard had a high temper, but he could not always control it, and was a kind-hearted boy.
/hpc_stor03/sjtu_home/chaolei.liu/data/tts/LibriTTS/train-clean-100/6531/61334/6531_61334_000004_000002.wav|In consequence he came into conflict with Babylonia, but he ultimately formed an alliance with that kingdom.
/hpc_stor03/sjtu_home/chaolei.liu/data/tts/LibriTTS/train-clean-100/6272/70171/6272_70171_000019_000003.wav|I finished Childe Harold early in the morning, though, and went down to breakfast, longing to be a wreck!
/hpc_stor03/sjtu_home/chaolei.liu/data/tts/LibriTTS/train-clean-100/87/121553/87_121553_000007_000000.wav|Song that as greatly doth transcend our Muses, Our Sirens, in those dulcet clarions, As primal splendour that which is reflected.
/hpc_stor03/sjtu_home/chaolei.liu/data/tts/LibriTTS/train-clean-100/6415/116629/6415_116629_000017_000014.wav|Whenever I want to put something in, and ask Dietrich to lend me a little to try with, Jost acts as if he were the lord and master of the whole concern, and 'donkey' is the mildest name he calls me.
/hpc_stor03/sjtu_home/chaolei.liu/data/tts/LibriTTS/train-clean-100/83/11691/83_11691_000017_000000.wav|Coronel didn't know whether to laugh or to cry.
/hpc_stor03/sjtu_home/chaolei.liu/data/tts/LibriTTS/train-clean-100/3436/172162/3436_172162_000013_000003.wav|Neither would the damsels prepare a bed for him.
/hpc_stor03/sjtu_home/chaolei.liu/data/tts/LibriTTS/train-clean-100/6064/56165/6064_56165_000016_000001.wav|She, too, had a brother in College.
/hpc_stor03/sjtu_home/chaolei.liu/data/tts/LibriTTS/train-clean-100/196/122159/196_122159_000007_000004.wav|One knows a downright lie.
/hpc_stor03/sjtu_home/chaolei.liu/data/tts/LibriTTS/train-clean-100/1594/135914/1594_135914_000030_000001.wav|I thought you were in the caliph's palace; he has doubtless listened to you.
/hpc_stor03/sjtu_home/chaolei.liu/data/tts/LibriTTS/train-clean-100/5456/62043/5456_62043_000029_000002.wav|We were nearing the shore, for the purpose of looking for wood, the banks being invisible from the middle of the river.
/hpc_stor03/sjtu_home/chaolei.liu/data/tts/LibriTTS/train-clean-100/307/127535/307_127535_000033_000018.wav|Ah, well, there's a deal to say to number three.
/hpc_stor03/sjtu_home/chaolei.liu/data/tts/LibriTTS/train-clean-100/6081/41998/6081_41998_000039_000000.wav|"""Last night, as he was alighting from his carriage, at his own door, he had a most unfortunate fall, and broke his leg."""
/hpc_stor03/sjtu_home/chaolei.liu/data/tts/LibriTTS/train-clean-100/6000/55211/6000_55211_000081_000000.wav|"""Wasn't it awful!"" choked Billy."
/hpc_stor03/sjtu_home/chaolei.liu/data/tts/LibriTTS/train-clean-100/6925/80680/6925_80680_000006_000000.wav|'Tiger?' replied the queen.
/hpc_stor03/sjtu_home/chaolei.liu/data/tts/LibriTTS/train-clean-100/8123/275193/8123_275193_000016_000004.wav|He took to the sand baths at once, and gave forth many disgruntled grunts when lifted out of them.
/hpc_stor03/sjtu_home/chaolei.liu/data/tts/LibriTTS/train-clean-100/5652/39938/5652_39938_000019_000003.wav|A go-as-you-please method characterizes our whole society from the kindergarten to the height of life.
/hpc_stor03/sjtu_home/chaolei.liu/data/tts/LibriTTS/train-clean-100/6385/34669/6385_34669_000017_000000.wav|There are cases in which the dog feels that he should follow his master; others, in which he should precede him.
/hpc_stor03/sjtu_home/chaolei.liu/data/tts/LibriTTS/train-clean-100/6019/3185/6019_3185_000032_000001.wav|In that short interval other events had occurred no less terrific and mysterious.
/hpc_stor03/sjtu_home/chaolei.liu/data/tts/LibriTTS/train-clean-100/1235/135884/1235_135884_000010_000005.wav|rather,' replied she, the calf you bring back is our landlord's son; I laughed for joy to see him still alive, and wept at the remembrance of the sacrifice that was made the other day of his mother, who was changed into a cow.
/hpc_stor03/sjtu_home/chaolei.liu/data/tts/LibriTTS/train-clean-100/4680/16042/4680_16042_000020_000010.wav|Shall we brand every appeal to arms within a city's limits without taking the object into a consideration?
/hpc_stor03/sjtu_home/chaolei.liu/data/tts/LibriTTS/train-clean-100/250/142276/250_142276_000006_000002.wav|Its people were her people.
/hpc_stor03/sjtu_home/chaolei.liu/data/tts/LibriTTS/train-clean-100/7800/283492/7800_283492_000006_000000.wav|"""We can only give a guess at that,"" Frank told him."
/hpc_stor03/sjtu_home/chaolei.liu/data/tts/LibriTTS/train-clean-100/3214/167606/3214_167606_000011_000004.wav|"How is it that we are staying on?"""
/hpc_stor03/sjtu_home/chaolei.liu/data/tts/LibriTTS/train-clean-100/4267/72637/4267_72637_000014_000000.wav|'Can Aunt Celia have Apollinaris and black coffee after her morning bath?' I asked.
/hpc_stor03/sjtu_home/chaolei.liu/data/tts/LibriTTS/train-clean-100/4051/11217/4051_11217_000028_000004.wav|Medea then led Jason down the palace steps, and through the silent streets of the city, and into the royal pasture ground, where the two brazen-footed bulls were kept.
/hpc_stor03/sjtu_home/chaolei.liu/data/tts/LibriTTS/train-clean-100/2817/142380/2817_142380_000007_000000.wav|Adam took his chair again mechanically, and Bartle, for whom there was no chair remaining, sat on the bed in the background.
/hpc_stor03/sjtu_home/chaolei.liu/data/tts/LibriTTS/train-clean-100/7447/91187/7447_91187_000007_000002.wav|Although his mode of expression was peculiarly his own, he had received a strong impulse from the popular music of Poland.
/hpc_stor03/sjtu_home/chaolei.liu/data/tts/LibriTTS/train-clean-100/8226/274371/8226_274371_000015_000001.wav|The small interval of time which had passed since the fatal accusation of the members, had been sufficient to open the eyes of many, and to recover them from the astonishment with which at first they had been seized.
/hpc_stor03/sjtu_home/chaolei.liu/data/tts/LibriTTS/train-clean-100/3664/178366/3664_178366_000020_000001.wav|I met him soon after he got into town.
/hpc_stor03/sjtu_home/chaolei.liu/data/tts/LibriTTS/train-clean-100/3259/158083/3259_158083_000087_000000.wav|"""Will you work?""-""Will you put on prison clothes?"""
/hpc_stor03/sjtu_home/chaolei.liu/data/tts/LibriTTS/train-clean-100/460/172359/460_172359_000056_000003.wav|And then when Myra would go off duty and Miss Cleghorn, who was sallow, would come on, the commercial men would be off again like autumn leaves.
/hpc_stor03/sjtu_home/chaolei.liu/data/tts/LibriTTS/train-clean-100/887/123289/887_123289_000057_000001.wav|"Don't decline the honour of having given your name to the first island ever discovered in the central parts of the globe."""
/hpc_stor03/sjtu_home/chaolei.liu/data/tts/LibriTTS/train-clean-100/7517/100437/7517_100437_000006_000008.wav|You have heard of him?
/hpc_stor03/sjtu_home/chaolei.liu/data/tts/LibriTTS/train-clean-100/412/126975/412_126975_000034_000005.wav|Mr. Blount started, and stopped in his shout of assent.
/hpc_stor03/sjtu_home/chaolei.liu/data/tts/LibriTTS/train-clean-100/2384/152900/2384_152900_000011_000004.wav|It is extraordinarily light and strong, and keeps the wind completely out.
/hpc_stor03/sjtu_home/chaolei.liu/data/tts/LibriTTS/train-clean-100/4088/158077/4088_158077_000072_000001.wav|This occasion offered us the opportunity again to expose the Administration's weakness in claiming complete political democracy while women were still denied their political freedom.
/hpc_stor03/sjtu_home/chaolei.liu/data/tts/LibriTTS/train-clean-100/481/123720/481_123720_000044_000024.wav|Oh, how I prayed for the day to pass quickly!
/hpc_stor03/sjtu_home/chaolei.liu/data/tts/LibriTTS/train-clean-100/4788/94904/4788_94904_000006_000002.wav|These are principally when the people, in order to advance in civilization, have some lesson to learn, some habit not yet acquired, to the acquisition of which representative government is likely to be an impediment.
/hpc_stor03/sjtu_home/chaolei.liu/data/tts/LibriTTS/train-clean-100/1970/28415/1970_28415_000022_000000.wav|Jesus strode down the room with the whip in his hand, and upset the tables where the money was.
/hpc_stor03/sjtu_home/chaolei.liu/data/tts/LibriTTS/train-clean-100/103/1241/103_1241_000040_000000.wav|"""Well, whatever it was it must have been something nice because she was divinely beautiful."
/hpc_stor03/sjtu_home/chaolei.liu/data/tts/LibriTTS/train-clean-100/8098/278278/8098_278278_000015_000005.wav|He lagged behind to do the blazing; and pretty soon I smelt smoke.
/hpc_stor03/sjtu_home/chaolei.liu/data/tts/LibriTTS/train-clean-100/8580/287363/8580_287363_000040_000000.wav|Mr. Jenks had no one to whom he wanted to send any word, but Mr. Parker wish to wire to a fellow scientist the result of some observations made in the upper air.
/hpc_stor03/sjtu_home/chaolei.liu/data/tts/LibriTTS/train-clean-100/5678/43302/5678_43302_000020_000000.wav|"""But he must have meant to do it anyhow,"" continued Oliver."
/hpc_stor03/sjtu_home/chaolei.liu/data/tts/LibriTTS/train-clean-100/289/121665/289_121665_000015_000000.wav|"""But where is your crook?"""
/hpc_stor03/sjtu_home/chaolei.liu/data/tts/LibriTTS/train-clean-100/8063/274115/8063_274115_000038_000004.wav|Porthos had all the taste and pride of a landed proprietor.
/hpc_stor03/sjtu_home/chaolei.liu/data/tts/LibriTTS/train-clean-100/7859/102519/7859_102519_000004_000000.wav|His second venture in the field was disastrous: his unwilling recruits from Bulgaria deserted to the enemy, when he met the Saracens at Sebastopolis in Cilicia, and the Roman army was routed with great slaughter.
/hpc_stor03/sjtu_home/chaolei.liu/data/tts/LibriTTS/train-clean-100/374/180298/374_180298_000030_000000.wav|We had now only to decide where we should go.
/hpc_stor03/sjtu_home/chaolei.liu/data/tts/LibriTTS/train-clean-100/3242/67168/3242_67168_000005_000000.wav|First and last, a good many men have gone gunning for me, but they've always planned the obsequies before they caught the deceased.
/hpc_stor03/sjtu_home/chaolei.liu/data/tts/LibriTTS/train-clean-100/4898/28461/4898_28461_000002_000000.wav|The most interesting of the short excursions we made from Fort Wrangell was the one up the Stickeen River to the head of steam navigation.
/hpc_stor03/sjtu_home/chaolei.liu/data/tts/LibriTTS/train-clean-100/6367/65536/6367_65536_000041_000000.wav|She turned her face upward to the sky between the swaying fir tops and he saw the reflection of a star in her eyes.
/hpc_stor03/sjtu_home/chaolei.liu/data/tts/LibriTTS/train-clean-100/2836/5354/2836_5354_000012_000002.wav|She was anxious for it--anxious that Captain Levison should render her the only reparation in his power before the birth of her unhappy child.
/hpc_stor03/sjtu_home/chaolei.liu/data/tts/LibriTTS/train-clean-100/403/126855/403_126855_000018_000000.wav|One day Chee-Chee climbed up a high rock and looked out over the tree-tops.
/hpc_stor03/sjtu_home/chaolei.liu/data/tts/LibriTTS/train-clean-100/118/47824/118_47824_000118_000002.wav|For Groom has brought the ghosts back with him.
/hpc_stor03/sjtu_home/chaolei.liu/data/tts/LibriTTS/train-clean-100/248/130652/248_130652_000015_000003.wav|"She spoils the look of the room."""
/hpc_stor03/sjtu_home/chaolei.liu/data/tts/LibriTTS/train-clean-100/19/227/19_227_000008_000000.wav|He was not ill-inclined to obey this request, for, though his heart was greatly relieved by such unlooked-for mildness, it was not just at that moment in his power to say anything to the purpose.
/hpc_stor03/sjtu_home/chaolei.liu/data/tts/LibriTTS/train-clean-100/1355/39947/1355_39947_000012_000005.wav|Everything ought to be left in that case to suggestions within normal limits, in the form of good example and persuasions, authority and discipline, love and sympathy.
/hpc_stor03/sjtu_home/chaolei.liu/data/tts/LibriTTS/train-clean-100/1898/145724/1898_145724_000023_000000.wav|The Prince undertook the task and led the mare out to the meadow.
/hpc_stor03/sjtu_home/chaolei.liu/data/tts/LibriTTS/train-clean-100/2514/149482/2514_149482_000007_000007.wav|"Hadn't he more or less paved the way for her by his prompt recognition of her rarity, by preceding her, in a friendly spirit--as he had the ""ear"" of society--with a sharp flashlight or two?"
/hpc_stor03/sjtu_home/chaolei.liu/data/tts/LibriTTS/train-clean-100/8238/283452/8238_283452_000027_000006.wav|I should think that some of the futile, laggard messenger-boy ghosts that one reads about nowadays would blush with shame before the wholesome raillery of the porgy fisherman.
/hpc_stor03/sjtu_home/chaolei.liu/data/tts/LibriTTS/train-clean-100/6437/66172/6437_66172_000003_000002.wav|This was an honor to which I had long aspired, but, being a new boy, I was not admitted to the fraternity until my character had fully developed itself.
/hpc_stor03/sjtu_home/chaolei.liu/data/tts/LibriTTS/train-clean-100/1334/135589/1334_135589_000084_000001.wav|"What must he think of my not having called upon him!"""
/hpc_stor03/sjtu_home/chaolei.liu/data/tts/LibriTTS/train-clean-100/4362/15663/4362_15663_000031_000000.wav|Accordingly, when during the long, dreary watches of the night we roused from a state of half-consciousness, we called each other by name in a frightened, startled way, each fearing the other might be benumbed or dead.
/hpc_stor03/sjtu_home/chaolei.liu/data/tts/LibriTTS/train-clean-100/1926/147979/1926_147979_000022_000001.wav|"""You'll wake the cook, and there'll be the devil to pay for me."
/hpc_stor03/sjtu_home/chaolei.liu/data/tts/LibriTTS/train-clean-100/3699/47246/3699_47246_000006_000001.wav|So she began to feel that she had miscalculated the advantages of a neighbourhood where people are well acquainted with each other's private affairs.
/hpc_stor03/sjtu_home/chaolei.liu/data/tts/LibriTTS/train-clean-100/6880/216547/6880_216547_000032_000003.wav|To restore religion, gentlemen, it is necessary to condemn the Church.
/hpc_stor03/sjtu_home/chaolei.liu/data/tts/LibriTTS/train-clean-100/4340/15220/4340_15220_000055_000000.wav|"""She won't like your going, either."""
/hpc_stor03/sjtu_home/chaolei.liu/data/tts/LibriTTS/train-clean-100/27/124992/27_124992_000072_000001.wav|And why they above all that dwell in the east, have despised us, and have not come out to meet us, that they might receive us with peace?
/hpc_stor03/sjtu_home/chaolei.liu/data/tts/LibriTTS/train-clean-100/3879/173592/3879_173592_000013_000003.wav|But these vessels were insufficient, and they prepared to build a new one.
/hpc_stor03/sjtu_home/chaolei.liu/data/tts/LibriTTS/train-clean-100/6078/54007/6078_54007_000028_000003.wav|The table was spread with a feast that smelled so good that it brought tears to the Fiddler's eyes and water to his mouth, and all the plates were of pure gold.
/hpc_stor03/sjtu_home/chaolei.liu/data/tts/LibriTTS/train-clean-100/3830/12535/3830_12535_000020_000000.wav|When we came to consider how the party should proceed, I advised the over-mountain trip.
/hpc_stor03/sjtu_home/chaolei.liu/data/tts/LibriTTS/train-clean-100/2436/2477/2436_2477_000035_000003.wav|By Satan, what a flow of words that devil driver can muster!
/hpc_stor03/sjtu_home/chaolei.liu/data/tts/LibriTTS/train-clean-100/322/124146/322_124146_000010_000001.wav|"""Of what are you talking?"""
/hpc_stor03/sjtu_home/chaolei.liu/data/tts/LibriTTS/train-clean-100/458/126290/458_126290_000006_000007.wav|All-gone; what can that mean?' and she shook her head, curled herself up, and lay down to sleep.
/hpc_stor03/sjtu_home/chaolei.liu/data/tts/LibriTTS/train-clean-100/8797/294123/8797_294123_000011_000001.wav|For sheer work no worker in the world can compare with him.
/hpc_stor03/sjtu_home/chaolei.liu/data/tts/LibriTTS/train-clean-100/7505/258958/7505_258958_000027_000015.wav|But the use of the house, or that of land for a school ground or campus, secures a certain gratification, an immaterial good.
/hpc_stor03/sjtu_home/chaolei.liu/data/tts/LibriTTS/train-clean-100/3440/171009/3440_171009_000048_000001.wav|"I consider it a very unladylike and slovenly trick."""
/hpc_stor03/sjtu_home/chaolei.liu/data/tts/LibriTTS/train-clean-100/3486/166446/3486_166446_000037_000002.wav|The Thing quieted; it began its steady, effortless striding through the crowding trees--but now with none of that speed with which it had come, spurred forward by Norhala's awakened hate.
/hpc_stor03/sjtu_home/chaolei.liu/data/tts/LibriTTS/train-clean-100/1069/133699/1069_133699_000029_000000.wav|"""Not till I've seen Europe!"" said Miss Stackpole."
/hpc_stor03/sjtu_home/chaolei.liu/data/tts/LibriTTS/train-clean-100/4441/76262/4441_76262_000056_000001.wav|"You had supper with the manager!"""
/hpc_stor03/sjtu_home/chaolei.liu/data/tts/LibriTTS/train-clean-100/1098/133695/1098_133695_000027_000000.wav|"""Ah, he has a good excuse for everything!"" cried Lord Warburton, still with his sonorous mirth."
/hpc_stor03/sjtu_home/chaolei.liu/data/tts/LibriTTS/train-clean-100/4137/11702/4137_11702_000014_000004.wav|"Anyhow, I'll give you an hour alone together first."""
/hpc_stor03/sjtu_home/chaolei.liu/data/tts/LibriTTS/train-clean-100/8051/119902/8051_119902_000010_000000.wav|The amount of wheat flour they are now permitted to have has been reduced: at present 80 per cent of their last year's quantity, or, if they are pastry and cracker bakers, 70 per cent.
/hpc_stor03/sjtu_home/chaolei.liu/data/tts/LibriTTS/train-clean-100/233/155990/233_155990_000016_000001.wav|The chief difficulty came because of Japan's demand for a money indemnity.
/hpc_stor03/sjtu_home/chaolei.liu/data/tts/LibriTTS/train-clean-100/3374/298026/3374_298026_000002_000005.wav|It looks at me joyously out of its deep eyes and opens its arms to embrace my spirit.
/hpc_stor03/sjtu_home/chaolei.liu/data/tts/LibriTTS/train-clean-100/6147/34605/6147_34605_000018_000002.wav|Biblical precedent goes so far as to speak of a child who was called Ebnehaquem or Melilechet--that is to say, the Wise Man's son.
/hpc_stor03/sjtu_home/chaolei.liu/data/tts/LibriTTS/train-clean-100/1040/133433/1040_133433_000033_000000.wav|"""Peter,"" said Wendy the comforter, ""I should love you in a beard;"" and Mrs. Darling stretched out her arms to him, but he repulsed her."
/hpc_stor03/sjtu_home/chaolei.liu/data/tts/LibriTTS/train-clean-100/1624/168623/1624_168623_000012_000001.wav|She was not even the mistress.
/hpc_stor03/sjtu_home/chaolei.liu/data/tts/LibriTTS/train-clean-100/426/122821/426_122821_000019_000003.wav|"It is just that he has not a great deal of tact or imagination."""
/hpc_stor03/sjtu_home/chaolei.liu/data/tts/LibriTTS/train-clean-100/1246/124550/1246_124550_000016_000000.wav|Guy Pollock wrote to a cousin, a temporary army captain, a confiding and buoyant lad who took Carol to tea-dances, and laughed, as she had always wanted some one to laugh, about nothing in particular.
/hpc_stor03/sjtu_home/chaolei.liu/data/tts/LibriTTS/train-clean-100/7226/86965/7226_86965_000020_000005.wav|It was a unique and picturesque procession.
/hpc_stor03/sjtu_home/chaolei.liu/data/tts/LibriTTS/train-clean-100/8324/286682/8324_286682_000022_000002.wav|"You will have to gnaw a little on this side."" And he raised one of his hind feet to show where he meant."
/hpc_stor03/sjtu_home/chaolei.liu/data/tts/LibriTTS/train-clean-100/2893/139310/2893_139310_000037_000015.wav|A monstrous black banner jerked its way to the right.
/hpc_stor03/sjtu_home/chaolei.liu/data/tts/LibriTTS/train-clean-100/5514/19193/5514_19193_000035_000000.wav|"""I'm filling my basket, citizen."""
/hpc_stor03/sjtu_home/chaolei.liu/data/tts/LibriTTS/train-clean-100/1578/140045/1578_140045_000038_000000.wav|"""Because I was talking about 'household tasks' in the sentence before, and it IS one of my household tasks."
/hpc_stor03/sjtu_home/chaolei.liu/data/tts/LibriTTS/train-clean-100/4214/7146/4214_7146_000028_000027.wav|Marilla turned red as fire but she never said a word--then.
/hpc_stor03/sjtu_home/chaolei.liu/data/tts/LibriTTS/train-clean-100/1992/141719/1992_141719_000012_000010.wav|The fourth Combatant catch'd hold of his Left Leg, and unhors'd him again.
/hpc_stor03/sjtu_home/chaolei.liu/data/tts/LibriTTS/train-clean-100/3982/182255/3982_182255_000014_000002.wav|Not merely different in the matter of graft, but different, so Mr. Newberry said, in the calibre of the men.
/hpc_stor03/sjtu_home/chaolei.liu/data/tts/LibriTTS/train-clean-100/2007/132570/2007_132570_000009_000000.wav|'Holy Saints!' exclaimed Annette, 'how can I help it!
/hpc_stor03/sjtu_home/chaolei.liu/data/tts/LibriTTS/train-clean-100/8975/270782/8975_270782_000014_000008.wav|Impatient waiting for the death of the father grows to heights approximating tragedy in the case of a successor to the throne.
/hpc_stor03/sjtu_home/chaolei.liu/data/tts/LibriTTS/train-clean-100/4830/25904/4830_25904_000004_000003.wav|So I threw him some fresh clover, and went on to the pelicans.
/hpc_stor03/sjtu_home/chaolei.liu/data/tts/LibriTTS/train-clean-100/311/124404/311_124404_000002_000001.wav|It was my design to comprise in it all that, before I set myself to write it, I thought I knew of the nature of material objects.
/hpc_stor03/sjtu_home/chaolei.liu/data/tts/LibriTTS/train-clean-100/2952/410/2952_410_000020_000002.wav|The night was beautiful: there was no cloud in the sky: there was no wind; and the strong moonlight threw down sharp black shadows of foliage, and glittered on the dews of the garden.
/hpc_stor03/sjtu_home/chaolei.liu/data/tts/LibriTTS/train-clean-100/5049/25947/5049_25947_000048_000001.wav|"""Why, this is just like getting money from home."""
/hpc_stor03/sjtu_home/chaolei.liu/data/tts/LibriTTS/train-clean-100/6454/107462/6454_107462_000017_000001.wav|"'Twas Herself should have got it, and Herself alone!""..."
/hpc_stor03/sjtu_home/chaolei.liu/data/tts/LibriTTS/train-clean-100/4813/248641/4813_248641_000009_000000.wav|In the first place, they are well attended.
/hpc_stor03/sjtu_home/chaolei.liu/data/tts/LibriTTS/train-clean-100/2002/139469/2002_139469_000022_000002.wav|To give up their pleasure-grounds to the agriculturist, to diminish sensibly the number of horses kept for the purposes of luxury throughout the country, were means obvious, but unpleasing.
/hpc_stor03/sjtu_home/chaolei.liu/data/tts/LibriTTS/train-clean-100/8465/246943/8465_246943_000004_000000.wav|She started when she saw him: some change had passed on him since the morning!
/hpc_stor03/sjtu_home/chaolei.liu/data/tts/LibriTTS/train-clean-100/2092/145706/2092_145706_000036_000001.wav|But the two brothers had grown quite green with envy, and only declared the more that Ferko was nothing but a wicked magician.
/hpc_stor03/sjtu_home/chaolei.liu/data/tts/LibriTTS/train-clean-100/1963/142393/1963_142393_000015_000000.wav|What was she thinking of as she wound up the hill?
/hpc_stor03/sjtu_home/chaolei.liu/data/tts/LibriTTS/train-clean-100/8468/286673/8468_286673_000012_000001.wav|He was sure his mother was going to scold the other Turtle children for leaving him.
/hpc_stor03/sjtu_home/chaolei.liu/data/tts/LibriTTS/train-clean-100/1737/142397/1737_142397_000030_000001.wav|From forth the vestry window projected two small legs, gyrating, hungry for foothold, with larceny--not to say sacrilege--in their every wriggle: a godless sight for a supporter of the Establishment.
